"id","session_id","participant_id","task","prod_id","reason","t_enter_ms","t_leave_ms","duration_ms","ts_enter_utc","ts_leave_utc","page_w","page_h"
21,"53052eb5-5f4d-4d76-bf12-47e14aab1366","35e66184-3e42-45f7-bf6a-5d675bcac6da","task-2","bp_tnf_base_camp_fuse_box","leave",24,2616,2592,2025-11-28 11:26:38.821,2025-11-28 11:26:41.414,1440,812
22,"53052eb5-5f4d-4d76-bf12-47e14aab1366","35e66184-3e42-45f7-bf6a-5d675bcac6da","task-2","bp_tnf_base_camp_fuse_box","leave",5925,8109,2184,2025-11-28 11:26:44.723,2025-11-28 11:26:46.906,1440,812
23,"53052eb5-5f4d-4d76-bf12-47e14aab1366","35e66184-3e42-45f7-bf6a-5d675bcac6da","task-2","bp_patagonia_black_hole_micro_22l","leave",8109,8943,834,2025-11-28 11:26:46.906,2025-11-28 11:26:47.74,1440,812
24,"53052eb5-5f4d-4d76-bf12-47e14aab1366","35e66184-3e42-45f7-bf6a-5d675bcac6da","task-2","bp_patagonia_black_hole_micro_22l","leave",10808,10850,42,2025-11-28 11:26:49.606,2025-11-28 11:26:49.647,1440,812
25,"53052eb5-5f4d-4d76-bf12-47e14aab1366","35e66184-3e42-45f7-bf6a-5d675bcac6da","task-2","bp_tnf_base_camp_fuse_box","leave",10900,16499,5599,2025-11-28 11:26:49.697,2025-11-28 11:26:55.297,1440,812
26,"53052eb5-5f4d-4d76-bf12-47e14aab1366","35e66184-3e42-45f7-bf6a-5d675bcac6da","task-2","bp_patagonia_black_hole_micro_22l","leave",16516,18992,2476,2025-11-28 11:26:55.314,2025-11-28 11:26:57.789,1440,812
27,"53052eb5-5f4d-4d76-bf12-47e14aab1366","35e66184-3e42-45f7-bf6a-5d675bcac6da","task-2","bp_db_daypack_17l","leave",19016,19900,884,2025-11-28 11:26:57.814,2025-11-28 11:26:58.697,1440,812
28,"53052eb5-5f4d-4d76-bf12-47e14aab1366","35e66184-3e42-45f7-bf6a-5d675bcac6da","task-2","bp_patagonia_black_hole_micro_22l","leave",19917,21700,1783,2025-11-28 11:26:58.714,2025-11-28 11:27:00.497,1440,812
29,"53052eb5-5f4d-4d76-bf12-47e14aab1366","35e66184-3e42-45f7-bf6a-5d675bcac6da","task-2","bp_db_daypack_17l","leave",21750,26192,4442,2025-11-28 11:27:00.547,2025-11-28 11:27:04.989,1440,812
30,"53052eb5-5f4d-4d76-bf12-47e14aab1366","35e66184-3e42-45f7-bf6a-5d675bcac6da","task-2","bp_kapten_helsinki_pro","leave",26250,29566,3316,2025-11-28 11:27:05.047,2025-11-28 11:27:08.363,1440,812
31,"53052eb5-5f4d-4d76-bf12-47e14aab1366","35e66184-3e42-45f7-bf6a-5d675bcac6da","task-2","bp_pinqponq_purik_cliff","leave",29600,31858,2258,2025-11-28 11:27:08.397,2025-11-28 11:27:10.655,1440,812
32,"53052eb5-5f4d-4d76-bf12-47e14aab1366","35e66184-3e42-45f7-bf6a-5d675bcac6da","task-2","bp_aevor_trip_pack","leave",31859,34150,2291,2025-11-28 11:27:10.656,2025-11-28 11:27:12.947,1440,812
33,"53052eb5-5f4d-4d76-bf12-47e14aab1366","35e66184-3e42-45f7-bf6a-5d675bcac6da","task-2","bp_tnf_base_camp_fuse_box","leave",34151,38325,4174,2025-11-28 11:27:12.948,2025-11-28 11:27:17.122,1440,812
34,"53052eb5-5f4d-4d76-bf12-47e14aab1366","35e66184-3e42-45f7-bf6a-5d675bcac6da","task-2","bp_patagonia_black_hole_micro_22l","leave",38326,40859,2533,2025-11-28 11:27:17.123,2025-11-28 11:27:19.655,1440,812
35,"53052eb5-5f4d-4d76-bf12-47e14aab1366","35e66184-3e42-45f7-bf6a-5d675bcac6da","task-2","bp_tnf_base_camp_fuse_box","leave",40883,49467,8584,2025-11-28 11:27:19.68,2025-11-28 11:27:28.263,1440,812
36,"53052eb5-5f4d-4d76-bf12-47e14aab1366","35e66184-3e42-45f7-bf6a-5d675bcac6da","task-2","bp_patagonia_black_hole_micro_22l","leave",49507,52043,2536,2025-11-28 11:27:28.303,2025-11-28 11:27:30.839,1440,812
37,"53052eb5-5f4d-4d76-bf12-47e14aab1366","35e66184-3e42-45f7-bf6a-5d675bcac6da","task-2","bp_db_daypack_17l","leave",52067,53426,1359,2025-11-28 11:27:30.863,2025-11-28 11:27:32.222,1440,812
38,"53052eb5-5f4d-4d76-bf12-47e14aab1366","35e66184-3e42-45f7-bf6a-5d675bcac6da","task-2","bp_kapten_helsinki_pro","leave",53450,55700,2250,2025-11-28 11:27:32.246,2025-11-28 11:27:34.496,1440,812
39,"53052eb5-5f4d-4d76-bf12-47e14aab1366","35e66184-3e42-45f7-bf6a-5d675bcac6da","task-2","bp_pinqponq_purik_cliff","leave",55717,55950,233,2025-11-28 11:27:34.513,2025-11-28 11:27:34.746,1440,812
40,"53052eb5-5f4d-4d76-bf12-47e14aab1366","35e66184-3e42-45f7-bf6a-5d675bcac6da","task-2","bp_aevor_trip_pack","leave",55967,56233,266,2025-11-28 11:27:34.763,2025-11-28 11:27:35.029,1440,812
41,"53052eb5-5f4d-4d76-bf12-47e14aab1366","35e66184-3e42-45f7-bf6a-5d675bcac6da","task-2","bp_aevor_trip_pack","leave",56677,56700,23,2025-11-28 11:27:35.473,2025-11-28 11:27:35.496,1440,812
42,"53052eb5-5f4d-4d76-bf12-47e14aab1366","35e66184-3e42-45f7-bf6a-5d675bcac6da","task-2","bp_pinqponq_purik_cliff","leave",56701,56899,198,2025-11-28 11:27:35.498,2025-11-28 11:27:35.695,1440,812
43,"53052eb5-5f4d-4d76-bf12-47e14aab1366","35e66184-3e42-45f7-bf6a-5d675bcac6da","task-2","bp_pinqponq_purik_cliff","leave",56983,57034,51,2025-11-28 11:27:35.78,2025-11-28 11:27:35.83,1440,812
44,"05764de8-c886-4fe9-bcaf-313de86f3c97","51381787-c3a4-4a69-a44d-0750124ee2ad","task-2","bp_db_daypack_17l","leave",28,615,587,2025-11-29 11:45:59.464,2025-11-29 11:46:00.051,1280,715
45,"05764de8-c886-4fe9-bcaf-313de86f3c97","51381787-c3a4-4a69-a44d-0750124ee2ad","task-2","bp_tnf_base_camp_fuse_box","leave",2099,2334,235,2025-11-29 11:46:01.535,2025-11-29 11:46:01.769,1280,715
46,"05764de8-c886-4fe9-bcaf-313de86f3c97","51381787-c3a4-4a69-a44d-0750124ee2ad","task-2","bp_tnf_base_camp_fuse_box","leave",8987,9005,18,2025-11-29 11:46:08.423,2025-11-29 11:46:08.44,1280,715
47,"05764de8-c886-4fe9-bcaf-313de86f3c97","51381787-c3a4-4a69-a44d-0750124ee2ad","task-2","bp_db_daypack_17l","leave",9022,14307,5285,2025-11-29 11:46:08.457,2025-11-29 11:46:13.742,1280,715
48,"05764de8-c886-4fe9-bcaf-313de86f3c97","51381787-c3a4-4a69-a44d-0750124ee2ad","task-2","bp_tnf_base_camp_fuse_box","leave",15622,17758,2136,2025-11-29 11:46:15.058,2025-11-29 11:46:17.194,1280,715
49,"05764de8-c886-4fe9-bcaf-313de86f3c97","51381787-c3a4-4a69-a44d-0750124ee2ad","task-2","bp_db_daypack_17l","leave",20585,29245,8660,2025-11-29 11:46:20.021,2025-11-29 11:46:28.681,1280,715
50,"05764de8-c886-4fe9-bcaf-313de86f3c97","51381787-c3a4-4a69-a44d-0750124ee2ad","task-2","bp_tnf_base_camp_fuse_box","leave",29247,33214,3967,2025-11-29 11:46:28.683,2025-11-29 11:46:32.649,1280,715
51,"05764de8-c886-4fe9-bcaf-313de86f3c97","51381787-c3a4-4a69-a44d-0750124ee2ad","task-2","bp_db_daypack_17l","leave",33231,43112,9881,2025-11-29 11:46:32.667,2025-11-29 11:46:42.547,1280,715
52,"05764de8-c886-4fe9-bcaf-313de86f3c97","51381787-c3a4-4a69-a44d-0750124ee2ad","task-2","bp_db_daypack_17l","leave",45062,57744,12682,2025-11-29 11:46:44.497,2025-11-29 11:46:57.18,1280,715
53,"05764de8-c886-4fe9-bcaf-313de86f3c97","51381787-c3a4-4a69-a44d-0750124ee2ad","task-2","bp_tnf_base_camp_fuse_box","leave",57748,60060,2312,2025-11-29 11:46:57.184,2025-11-29 11:46:59.496,1280,715
54,"05764de8-c886-4fe9-bcaf-313de86f3c97","51381787-c3a4-4a69-a44d-0750124ee2ad","task-2","bp_kapten_helsinki_pro","leave",60075,61862,1787,2025-11-29 11:46:59.511,2025-11-29 11:47:01.298,1280,715
55,"05764de8-c886-4fe9-bcaf-313de86f3c97","51381787-c3a4-4a69-a44d-0750124ee2ad","task-2","bp_tnf_base_camp_fuse_box","leave",61867,61946,79,2025-11-29 11:47:01.302,2025-11-29 11:47:01.382,1280,715
56,"05764de8-c886-4fe9-bcaf-313de86f3c97","51381787-c3a4-4a69-a44d-0750124ee2ad","task-2","bp_patagonia_black_hole_micro_22l","leave",61960,63660,1700,2025-11-29 11:47:01.395,2025-11-29 11:47:03.096,1280,715
57,"05764de8-c886-4fe9-bcaf-313de86f3c97","51381787-c3a4-4a69-a44d-0750124ee2ad","task-2","bp_aevor_trip_pack","leave",63664,64763,1099,2025-11-29 11:47:03.1,2025-11-29 11:47:04.199,1280,715
58,"05764de8-c886-4fe9-bcaf-313de86f3c97","51381787-c3a4-4a69-a44d-0750124ee2ad","task-2","bp_pinqponq_purik_cliff","leave",64778,69947,5169,2025-11-29 11:47:04.213,2025-11-29 11:47:09.383,1280,715
59,"05764de8-c886-4fe9-bcaf-313de86f3c97","51381787-c3a4-4a69-a44d-0750124ee2ad","task-2","bp_kapten_helsinki_pro","leave",69979,70447,468,2025-11-29 11:47:09.414,2025-11-29 11:47:09.882,1280,715
60,"05764de8-c886-4fe9-bcaf-313de86f3c97","51381787-c3a4-4a69-a44d-0750124ee2ad","task-2","bp_tnf_base_camp_fuse_box","leave",70464,71228,764,2025-11-29 11:47:09.899,2025-11-29 11:47:10.664,1280,715
61,"05764de8-c886-4fe9-bcaf-313de86f3c97","51381787-c3a4-4a69-a44d-0750124ee2ad","task-2","bp_db_daypack_17l","leave",71248,74346,3098,2025-11-29 11:47:10.684,2025-11-29 11:47:13.782,1280,715
62,"05764de8-c886-4fe9-bcaf-313de86f3c97","51381787-c3a4-4a69-a44d-0750124ee2ad","task-2","bp_patagonia_black_hole_micro_22l","leave",74363,82969,8606,2025-11-29 11:47:13.799,2025-11-29 11:47:22.405,1280,715
63,"05764de8-c886-4fe9-bcaf-313de86f3c97","51381787-c3a4-4a69-a44d-0750124ee2ad","task-2","bp_aevor_trip_pack","leave",82975,87406,4431,2025-11-29 11:47:22.41,2025-11-29 11:47:26.842,1280,715
64,"05764de8-c886-4fe9-bcaf-313de86f3c97","51381787-c3a4-4a69-a44d-0750124ee2ad","task-2","bp_patagonia_black_hole_micro_22l","leave",87411,105762,18351,2025-11-29 11:47:26.846,2025-11-29 11:47:45.198,1280,715
65,"05764de8-c886-4fe9-bcaf-313de86f3c97","51381787-c3a4-4a69-a44d-0750124ee2ad","task-2","bp_db_daypack_17l","leave",106727,109062,2335,2025-11-29 11:47:46.162,2025-11-29 11:47:48.497,1280,715
66,"05764de8-c886-4fe9-bcaf-313de86f3c97","51381787-c3a4-4a69-a44d-0750124ee2ad","task-2","bp_tnf_base_camp_fuse_box","leave",109068,109212,144,2025-11-29 11:47:48.504,2025-11-29 11:47:48.648,1280,715
67,"05764de8-c886-4fe9-bcaf-313de86f3c97","51381787-c3a4-4a69-a44d-0750124ee2ad","task-2","bp_kapten_helsinki_pro","leave",109247,111047,1800,2025-11-29 11:47:48.683,2025-11-29 11:47:50.483,1280,715
68,"05764de8-c886-4fe9-bcaf-313de86f3c97","51381787-c3a4-4a69-a44d-0750124ee2ad","task-2","bp_tnf_base_camp_fuse_box","leave",111062,111113,51,2025-11-29 11:47:50.497,2025-11-29 11:47:50.549,1280,715
69,"05764de8-c886-4fe9-bcaf-313de86f3c97","51381787-c3a4-4a69-a44d-0750124ee2ad","task-2","bp_aevor_trip_pack","leave",111120,111134,14,2025-11-29 11:47:50.555,2025-11-29 11:47:50.57,1280,715
70,"05764de8-c886-4fe9-bcaf-313de86f3c97","51381787-c3a4-4a69-a44d-0750124ee2ad","task-2","bp_patagonia_black_hole_micro_22l","leave",111139,112050,911,2025-11-29 11:47:50.575,2025-11-29 11:47:51.485,1280,715
71,"05764de8-c886-4fe9-bcaf-313de86f3c97","51381787-c3a4-4a69-a44d-0750124ee2ad","task-2","bp_aevor_trip_pack","leave",112063,112081,18,2025-11-29 11:47:51.498,2025-11-29 11:47:51.517,1280,715
72,"05764de8-c886-4fe9-bcaf-313de86f3c97","51381787-c3a4-4a69-a44d-0750124ee2ad","task-2","bp_tnf_base_camp_fuse_box","leave",112089,112131,42,2025-11-29 11:47:51.524,2025-11-29 11:47:51.566,1280,715
73,"05764de8-c886-4fe9-bcaf-313de86f3c97","51381787-c3a4-4a69-a44d-0750124ee2ad","task-2","bp_kapten_helsinki_pro","leave",112148,118990,6842,2025-11-29 11:47:51.584,2025-11-29 11:47:58.426,1280,715
74,"05764de8-c886-4fe9-bcaf-313de86f3c97","51381787-c3a4-4a69-a44d-0750124ee2ad","task-2","bp_tnf_base_camp_fuse_box","leave",118998,119878,880,2025-11-29 11:47:58.434,2025-11-29 11:47:59.313,1280,715
75,"05764de8-c886-4fe9-bcaf-313de86f3c97","51381787-c3a4-4a69-a44d-0750124ee2ad","task-2","bp_db_daypack_17l","leave",119891,119928,37,2025-11-29 11:47:59.327,2025-11-29 11:47:59.364,1280,715
76,"05764de8-c886-4fe9-bcaf-313de86f3c97","51381787-c3a4-4a69-a44d-0750124ee2ad","task-2","bp_patagonia_black_hole_micro_22l","leave",119934,120793,859,2025-11-29 11:47:59.37,2025-11-29 11:48:00.229,1280,715
77,"05764de8-c886-4fe9-bcaf-313de86f3c97","51381787-c3a4-4a69-a44d-0750124ee2ad","task-2","bp_aevor_trip_pack","leave",120800,120977,177,2025-11-29 11:48:00.236,2025-11-29 11:48:00.413,1280,715
78,"05764de8-c886-4fe9-bcaf-313de86f3c97","51381787-c3a4-4a69-a44d-0750124ee2ad","task-2","bp_pinqponq_purik_cliff","leave",120983,124650,3667,2025-11-29 11:48:00.419,2025-11-29 11:48:04.085,1280,715
79,"05764de8-c886-4fe9-bcaf-313de86f3c97","51381787-c3a4-4a69-a44d-0750124ee2ad","task-2","bp_kapten_helsinki_pro","leave",125350,125417,67,2025-11-29 11:48:04.785,2025-11-29 11:48:04.853,1280,715
80,"05764de8-c886-4fe9-bcaf-313de86f3c97","51381787-c3a4-4a69-a44d-0750124ee2ad","task-2","bp_pinqponq_purik_cliff","leave",125450,136595,11145,2025-11-29 11:48:04.886,2025-11-29 11:48:16.031,1280,715
81,"05764de8-c886-4fe9-bcaf-313de86f3c97","51381787-c3a4-4a69-a44d-0750124ee2ad","task-2","bp_kapten_helsinki_pro","leave",136602,139395,2793,2025-11-29 11:48:16.038,2025-11-29 11:48:18.83,1280,715
82,"05764de8-c886-4fe9-bcaf-313de86f3c97","51381787-c3a4-4a69-a44d-0750124ee2ad","task-2","bp_tnf_base_camp_fuse_box","leave",139402,139978,576,2025-11-29 11:48:18.837,2025-11-29 11:48:19.414,1280,715
83,"05764de8-c886-4fe9-bcaf-313de86f3c97","51381787-c3a4-4a69-a44d-0750124ee2ad","task-2","bp_db_daypack_17l","leave",139995,145181,5186,2025-11-29 11:48:19.43,2025-11-29 11:48:24.617,1280,715
84,"05764de8-c886-4fe9-bcaf-313de86f3c97","51381787-c3a4-4a69-a44d-0750124ee2ad","task-2","bp_patagonia_black_hole_micro_22l","leave",145190,145369,179,2025-11-29 11:48:24.625,2025-11-29 11:48:24.804,1280,715
85,"05764de8-c886-4fe9-bcaf-313de86f3c97","51381787-c3a4-4a69-a44d-0750124ee2ad","task-2","bp_aevor_trip_pack","leave",145392,145520,128,2025-11-29 11:48:24.827,2025-11-29 11:48:24.956,1280,715
86,"05764de8-c886-4fe9-bcaf-313de86f3c97","51381787-c3a4-4a69-a44d-0750124ee2ad","task-2","bp_pinqponq_purik_cliff","leave",145535,147678,2143,2025-11-29 11:48:24.971,2025-11-29 11:48:27.114,1280,715
87,"05764de8-c886-4fe9-bcaf-313de86f3c97","51381787-c3a4-4a69-a44d-0750124ee2ad","task-2","bp_kapten_helsinki_pro","leave",147686,148069,383,2025-11-29 11:48:27.121,2025-11-29 11:48:27.505,1280,715
88,"05764de8-c886-4fe9-bcaf-313de86f3c97","51381787-c3a4-4a69-a44d-0750124ee2ad","task-2","bp_pinqponq_purik_cliff","leave",148086,148437,351,2025-11-29 11:48:27.522,2025-11-29 11:48:27.872,1280,715
89,"05764de8-c886-4fe9-bcaf-313de86f3c97","51381787-c3a4-4a69-a44d-0750124ee2ad","task-2","bp_kapten_helsinki_pro","leave",148445,148871,426,2025-11-29 11:48:27.88,2025-11-29 11:48:28.306,1280,715
90,"05764de8-c886-4fe9-bcaf-313de86f3c97","51381787-c3a4-4a69-a44d-0750124ee2ad","task-2","bp_tnf_base_camp_fuse_box","leave",148887,149154,267,2025-11-29 11:48:28.323,2025-11-29 11:48:28.589,1280,715
91,"05764de8-c886-4fe9-bcaf-313de86f3c97","51381787-c3a4-4a69-a44d-0750124ee2ad","task-2","bp_aevor_trip_pack","leave",149170,149872,702,2025-11-29 11:48:28.606,2025-11-29 11:48:29.308,1280,715
92,"05764de8-c886-4fe9-bcaf-313de86f3c97","51381787-c3a4-4a69-a44d-0750124ee2ad","task-2","bp_patagonia_black_hole_micro_22l","leave",149880,156127,6247,2025-11-29 11:48:29.316,2025-11-29 11:48:35.563,1280,715
93,"05764de8-c886-4fe9-bcaf-313de86f3c97","51381787-c3a4-4a69-a44d-0750124ee2ad","task-2","bp_db_daypack_17l","leave",156136,156161,25,2025-11-29 11:48:35.571,2025-11-29 11:48:35.596,1280,715
94,"05764de8-c886-4fe9-bcaf-313de86f3c97","51381787-c3a4-4a69-a44d-0750124ee2ad","task-2","bp_tnf_base_camp_fuse_box","leave",156168,156261,93,2025-11-29 11:48:35.604,2025-11-29 11:48:35.697,1280,715
95,"05764de8-c886-4fe9-bcaf-313de86f3c97","51381787-c3a4-4a69-a44d-0750124ee2ad","task-2","bp_kapten_helsinki_pro","leave",156268,156644,376,2025-11-29 11:48:35.704,2025-11-29 11:48:36.08,1280,715
96,"05764de8-c886-4fe9-bcaf-313de86f3c97","51381787-c3a4-4a69-a44d-0750124ee2ad","task-2","bp_tnf_base_camp_fuse_box","leave",156652,156730,78,2025-11-29 11:48:36.087,2025-11-29 11:48:36.165,1280,715
97,"05764de8-c886-4fe9-bcaf-313de86f3c97","51381787-c3a4-4a69-a44d-0750124ee2ad","task-2","bp_db_daypack_17l","leave",157310,157844,534,2025-11-29 11:48:36.746,2025-11-29 11:48:37.28,1280,715
98,"05764de8-c886-4fe9-bcaf-313de86f3c97","51381787-c3a4-4a69-a44d-0750124ee2ad","task-2","bp_tnf_base_camp_fuse_box","leave",157852,163697,5845,2025-11-29 11:48:37.287,2025-11-29 11:48:43.132,1280,715
99,"05764de8-c886-4fe9-bcaf-313de86f3c97","51381787-c3a4-4a69-a44d-0750124ee2ad","task-2","bp_db_daypack_17l","leave",163715,172925,9210,2025-11-29 11:48:43.151,2025-11-29 11:48:52.36,1280,715
100,"05764de8-c886-4fe9-bcaf-313de86f3c97","51381787-c3a4-4a69-a44d-0750124ee2ad","task-2","bp_tnf_base_camp_fuse_box","leave",172936,172994,58,2025-11-29 11:48:52.371,2025-11-29 11:48:52.43,1280,715
101,"05764de8-c886-4fe9-bcaf-313de86f3c97","51381787-c3a4-4a69-a44d-0750124ee2ad","task-2","bp_kapten_helsinki_pro","leave",173004,173009,5,2025-11-29 11:48:52.439,2025-11-29 11:48:52.445,1280,715
102,"05764de8-c886-4fe9-bcaf-313de86f3c97","51381787-c3a4-4a69-a44d-0750124ee2ad","task-2","bp_pinqponq_purik_cliff","leave",173021,174042,1021,2025-11-29 11:48:52.457,2025-11-29 11:48:53.478,1280,715
103,"05764de8-c886-4fe9-bcaf-313de86f3c97","51381787-c3a4-4a69-a44d-0750124ee2ad","task-2","bp_tnf_base_camp_fuse_box","leave",174052,174094,42,2025-11-29 11:48:53.488,2025-11-29 11:48:53.53,1280,715
104,"05764de8-c886-4fe9-bcaf-313de86f3c97","51381787-c3a4-4a69-a44d-0750124ee2ad","task-2","bp_db_daypack_17l","leave",174105,175959,1854,2025-11-29 11:48:53.541,2025-11-29 11:48:55.394,1280,715
105,"05764de8-c886-4fe9-bcaf-313de86f3c97","51381787-c3a4-4a69-a44d-0750124ee2ad","task-2","bp_patagonia_black_hole_micro_22l","leave",175968,191108,15140,2025-11-29 11:48:55.403,2025-11-29 11:49:10.544,1280,715
106,"05764de8-c886-4fe9-bcaf-313de86f3c97","51381787-c3a4-4a69-a44d-0750124ee2ad","task-2","bp_aevor_trip_pack","leave",191126,192059,933,2025-11-29 11:49:10.561,2025-11-29 11:49:11.495,1280,715
107,"05764de8-c886-4fe9-bcaf-313de86f3c97","51381787-c3a4-4a69-a44d-0750124ee2ad","task-2","bp_tnf_base_camp_fuse_box","leave",192073,195577,3504,2025-11-29 11:49:11.508,2025-11-29 11:49:15.013,1280,715
108,"05764de8-c886-4fe9-bcaf-313de86f3c97","51381787-c3a4-4a69-a44d-0750124ee2ad","task-2","bp_kapten_helsinki_pro","leave",195594,195997,403,2025-11-29 11:49:15.029,2025-11-29 11:49:15.432,1280,715
109,"05764de8-c886-4fe9-bcaf-313de86f3c97","51381787-c3a4-4a69-a44d-0750124ee2ad","task-2","bp_tnf_base_camp_fuse_box","leave",196009,196034,25,2025-11-29 11:49:15.445,2025-11-29 11:49:15.469,1280,715
110,"05764de8-c886-4fe9-bcaf-313de86f3c97","51381787-c3a4-4a69-a44d-0750124ee2ad","task-2","bp_db_daypack_17l","leave",196045,204206,8161,2025-11-29 11:49:15.481,2025-11-29 11:49:23.642,1280,715
111,"05764de8-c886-4fe9-bcaf-313de86f3c97","51381787-c3a4-4a69-a44d-0750124ee2ad","task-2","bp_tnf_base_camp_fuse_box","leave",204222,204245,23,2025-11-29 11:49:23.657,2025-11-29 11:49:23.68,1280,715
112,"05764de8-c886-4fe9-bcaf-313de86f3c97","51381787-c3a4-4a69-a44d-0750124ee2ad","task-2","bp_tnf_base_camp_fuse_box","leave",206679,206809,130,2025-11-29 11:49:26.115,2025-11-29 11:49:26.244,1280,715
113,"05764de8-c886-4fe9-bcaf-313de86f3c97","51381787-c3a4-4a69-a44d-0750124ee2ad","task-2","bp_kapten_helsinki_pro","leave",206823,206893,70,2025-11-29 11:49:26.258,2025-11-29 11:49:26.329,1280,715
114,"05764de8-c886-4fe9-bcaf-313de86f3c97","51381787-c3a4-4a69-a44d-0750124ee2ad","task-2","bp_pinqponq_purik_cliff","leave",206926,207409,483,2025-11-29 11:49:26.362,2025-11-29 11:49:26.845,1280,715
115,"05764de8-c886-4fe9-bcaf-313de86f3c97","51381787-c3a4-4a69-a44d-0750124ee2ad","task-2","bp_kapten_helsinki_pro","leave",207424,207448,24,2025-11-29 11:49:26.86,2025-11-29 11:49:26.883,1280,715
116,"05764de8-c886-4fe9-bcaf-313de86f3c97","51381787-c3a4-4a69-a44d-0750124ee2ad","task-2","bp_tnf_base_camp_fuse_box","leave",207464,207927,463,2025-11-29 11:49:26.9,2025-11-29 11:49:27.362,1280,715
117,"05764de8-c886-4fe9-bcaf-313de86f3c97","51381787-c3a4-4a69-a44d-0750124ee2ad","task-2","bp_kapten_helsinki_pro","leave",207940,210543,2603,2025-11-29 11:49:27.375,2025-11-29 11:49:29.978,1280,715
118,"05764de8-c886-4fe9-bcaf-313de86f3c97","51381787-c3a4-4a69-a44d-0750124ee2ad","task-2","bp_tnf_base_camp_fuse_box","leave",210555,210592,37,2025-11-29 11:49:29.991,2025-11-29 11:49:30.028,1280,715
119,"05764de8-c886-4fe9-bcaf-313de86f3c97","51381787-c3a4-4a69-a44d-0750124ee2ad","task-2","bp_db_daypack_17l","leave",210607,213243,2636,2025-11-29 11:49:30.042,2025-11-29 11:49:32.679,1280,715
120,"05764de8-c886-4fe9-bcaf-313de86f3c97","51381787-c3a4-4a69-a44d-0750124ee2ad","task-2","bp_tnf_base_camp_fuse_box","leave",213259,215045,1786,2025-11-29 11:49:32.695,2025-11-29 11:49:34.48,1280,715
121,"05764de8-c886-4fe9-bcaf-313de86f3c97","51381787-c3a4-4a69-a44d-0750124ee2ad","task-2","bp_db_daypack_17l","leave",215062,216031,969,2025-11-29 11:49:34.498,2025-11-29 11:49:35.467,1280,715
122,"05764de8-c886-4fe9-bcaf-313de86f3c97","51381787-c3a4-4a69-a44d-0750124ee2ad","task-2","bp_tnf_base_camp_fuse_box","leave",216046,217482,1436,2025-11-29 11:49:35.482,2025-11-29 11:49:36.918,1280,715
123,"05764de8-c886-4fe9-bcaf-313de86f3c97","51381787-c3a4-4a69-a44d-0750124ee2ad","task-2","bp_kapten_helsinki_pro","leave",222551,233142,10591,2025-11-29 11:49:41.987,2025-11-29 11:49:52.577,1280,715
124,"05764de8-c886-4fe9-bcaf-313de86f3c97","51381787-c3a4-4a69-a44d-0750124ee2ad","task-2","bp_kapten_helsinki_pro","leave",241561,242230,669,2025-11-29 11:50:00.997,2025-11-29 11:50:01.666,1280,715
125,"05764de8-c886-4fe9-bcaf-313de86f3c97","51381787-c3a4-4a69-a44d-0750124ee2ad","task-2","bp_tnf_base_camp_fuse_box","leave",242247,242249,2,2025-11-29 11:50:01.682,2025-11-29 11:50:01.684,1280,715
126,"05764de8-c886-4fe9-bcaf-313de86f3c97","51381787-c3a4-4a69-a44d-0750124ee2ad","task-2","bp_tnf_base_camp_fuse_box","leave",244154,246822,2668,2025-11-29 11:50:03.59,2025-11-29 11:50:06.258,1280,715
127,"05764de8-c886-4fe9-bcaf-313de86f3c97","51381787-c3a4-4a69-a44d-0750124ee2ad","task-2","bp_kapten_helsinki_pro","leave",267609,268781,1172,2025-11-29 11:50:27.045,2025-11-29 11:50:28.217,1280,715
128,"05764de8-c886-4fe9-bcaf-313de86f3c97","51381787-c3a4-4a69-a44d-0750124ee2ad","task-2","bp_kapten_helsinki_pro","leave",282996,283190,194,2025-11-29 11:50:42.432,2025-11-29 11:50:42.626,1280,715
129,"05764de8-c886-4fe9-bcaf-313de86f3c97","51381787-c3a4-4a69-a44d-0750124ee2ad","task-2","bp_tnf_base_camp_fuse_box","leave",283223,283875,652,2025-11-29 11:50:42.658,2025-11-29 11:50:43.31,1280,715
130,"05764de8-c886-4fe9-bcaf-313de86f3c97","51381787-c3a4-4a69-a44d-0750124ee2ad","task-2","bp_patagonia_black_hole_micro_22l","leave",283894,285389,1495,2025-11-29 11:50:43.33,2025-11-29 11:50:44.825,1280,715
131,"05764de8-c886-4fe9-bcaf-313de86f3c97","51381787-c3a4-4a69-a44d-0750124ee2ad","task-2","bp_tnf_base_camp_fuse_box","leave",285408,285855,447,2025-11-29 11:50:44.844,2025-11-29 11:50:45.291,1280,715
132,"05764de8-c886-4fe9-bcaf-313de86f3c97","51381787-c3a4-4a69-a44d-0750124ee2ad","task-2","bp_db_daypack_17l","leave",285875,286675,800,2025-11-29 11:50:45.31,2025-11-29 11:50:46.111,1280,715
133,"05764de8-c886-4fe9-bcaf-313de86f3c97","51381787-c3a4-4a69-a44d-0750124ee2ad","task-2","bp_tnf_base_camp_fuse_box","leave",286692,287542,850,2025-11-29 11:50:46.127,2025-11-29 11:50:46.978,1280,715
134,"05764de8-c886-4fe9-bcaf-313de86f3c97","51381787-c3a4-4a69-a44d-0750124ee2ad","task-2","bp_kapten_helsinki_pro","leave",287561,289109,1548,2025-11-29 11:50:46.996,2025-11-29 11:50:48.544,1280,715
135,"05764de8-c886-4fe9-bcaf-313de86f3c97","51381787-c3a4-4a69-a44d-0750124ee2ad","task-2","bp_pinqponq_purik_cliff","leave",289128,289559,431,2025-11-29 11:50:48.563,2025-11-29 11:50:48.995,1280,715
136,"05764de8-c886-4fe9-bcaf-313de86f3c97","51381787-c3a4-4a69-a44d-0750124ee2ad","task-2","bp_kapten_helsinki_pro","leave",289577,295350,5773,2025-11-29 11:50:49.013,2025-11-29 11:50:54.785,1280,715
137,"05764de8-c886-4fe9-bcaf-313de86f3c97","51381787-c3a4-4a69-a44d-0750124ee2ad","task-2","bp_tnf_base_camp_fuse_box","leave",295378,296240,862,2025-11-29 11:50:54.814,2025-11-29 11:50:55.676,1280,715
138,"05764de8-c886-4fe9-bcaf-313de86f3c97","51381787-c3a4-4a69-a44d-0750124ee2ad","task-2","bp_aevor_trip_pack","leave",296258,296303,45,2025-11-29 11:50:55.693,2025-11-29 11:50:55.738,1280,715
139,"05764de8-c886-4fe9-bcaf-313de86f3c97","51381787-c3a4-4a69-a44d-0750124ee2ad","task-2","bp_tnf_base_camp_fuse_box","leave",296335,296361,26,2025-11-29 11:50:55.771,2025-11-29 11:50:55.796,1280,715
140,"05764de8-c886-4fe9-bcaf-313de86f3c97","51381787-c3a4-4a69-a44d-0750124ee2ad","task-2","bp_kapten_helsinki_pro","leave",296387,299052,2665,2025-11-29 11:50:55.823,2025-11-29 11:50:58.487,1280,715
141,"05764de8-c886-4fe9-bcaf-313de86f3c97","51381787-c3a4-4a69-a44d-0750124ee2ad","task-2","bp_tnf_base_camp_fuse_box","leave",299070,299402,332,2025-11-29 11:50:58.506,2025-11-29 11:50:58.838,1280,715
142,"05764de8-c886-4fe9-bcaf-313de86f3c97","51381787-c3a4-4a69-a44d-0750124ee2ad","task-2","bp_kapten_helsinki_pro","leave",299418,300785,1367,2025-11-29 11:50:58.854,2025-11-29 11:51:00.221,1280,715
143,"05764de8-c886-4fe9-bcaf-313de86f3c97","51381787-c3a4-4a69-a44d-0750124ee2ad","task-2","bp_tnf_base_camp_fuse_box","leave",300803,301519,716,2025-11-29 11:51:00.239,2025-11-29 11:51:00.955,1280,715
144,"05764de8-c886-4fe9-bcaf-313de86f3c97","51381787-c3a4-4a69-a44d-0750124ee2ad","task-2","bp_kapten_helsinki_pro","leave",301537,304121,2584,2025-11-29 11:51:00.973,2025-11-29 11:51:03.557,1280,715
145,"05764de8-c886-4fe9-bcaf-313de86f3c97","51381787-c3a4-4a69-a44d-0750124ee2ad","task-2","bp_tnf_base_camp_fuse_box","leave",304138,305105,967,2025-11-29 11:51:03.574,2025-11-29 11:51:04.541,1280,715
146,"05764de8-c886-4fe9-bcaf-313de86f3c97","51381787-c3a4-4a69-a44d-0750124ee2ad","task-2","bp_kapten_helsinki_pro","leave",305122,307874,2752,2025-11-29 11:51:04.558,2025-11-29 11:51:07.309,1280,715
147,"05764de8-c886-4fe9-bcaf-313de86f3c97","51381787-c3a4-4a69-a44d-0750124ee2ad","task-2","bp_tnf_base_camp_fuse_box","leave",307891,307893,2,2025-11-29 11:51:07.327,2025-11-29 11:51:07.329,1280,715
148,"05764de8-c886-4fe9-bcaf-313de86f3c97","51381787-c3a4-4a69-a44d-0750124ee2ad","task-2","bp_patagonia_black_hole_micro_22l","leave",307916,307973,57,2025-11-29 11:51:07.352,2025-11-29 11:51:07.409,1280,715
149,"05764de8-c886-4fe9-bcaf-313de86f3c97","51381787-c3a4-4a69-a44d-0750124ee2ad","task-2","bp_patagonia_black_hole_micro_22l","leave",310076,310127,51,2025-11-29 11:51:09.512,2025-11-29 11:51:09.562,1280,715
150,"05764de8-c886-4fe9-bcaf-313de86f3c97","51381787-c3a4-4a69-a44d-0750124ee2ad","task-2","bp_patagonia_black_hole_micro_22l","end_task",312459,312639,180,2025-11-29 11:51:11.894,2025-11-29 11:51:12.075,1280,715
151,"05764de8-c886-4fe9-bcaf-313de86f3c97","51381787-c3a4-4a69-a44d-0750124ee2ad","task-2","bp_aevor_trip_pack","end_task",312774,312862,88,2025-11-29 11:51:12.209,2025-11-29 11:51:12.298,1280,715
160,"50cc759c-ea1f-4b6b-bfc0-7c322203f591","4b8b5d28-8ca9-4b2d-be09-796cd60ff22f","task-2","det_persil","leave",781,1419,638,2025-11-30 13:36:35.512,2025-11-30 13:36:36.151,1440,720
161,"50cc759c-ea1f-4b6b-bfc0-7c322203f591","4b8b5d28-8ca9-4b2d-be09-796cd60ff22f","task-2","det_denkmit","leave",1420,2463,1043,2025-11-30 13:36:36.151,2025-11-30 13:36:37.195,1440,720
162,"50cc759c-ea1f-4b6b-bfc0-7c322203f591","4b8b5d28-8ca9-4b2d-be09-796cd60ff22f","task-2","det_denkmit","end_task",3347,3402,55,2025-11-30 13:36:38.078,2025-11-30 13:36:38.133,1440,720
163,"8e2594db-d6db-41b7-b483-e47e26bac394","8e0c9b01-b81c-43c8-bb2f-35742dc5b516","task-2","sw_venu4","leave",47,863,816,2025-11-30 15:17:13.108,2025-11-30 15:17:13.924,1865,926
164,"8e2594db-d6db-41b7-b483-e47e26bac394","8e0c9b01-b81c-43c8-bb2f-35742dc5b516","task-2","sw_venu4","leave",6900,10270,3370,2025-11-30 15:17:19.962,2025-11-30 15:17:23.332,1865,926
165,"8e2594db-d6db-41b7-b483-e47e26bac394","8e0c9b01-b81c-43c8-bb2f-35742dc5b516","task-2","sw_venu4","leave",10787,19242,8455,2025-11-30 15:17:23.849,2025-11-30 15:17:32.303,1865,926
166,"8e2594db-d6db-41b7-b483-e47e26bac394","8e0c9b01-b81c-43c8-bb2f-35742dc5b516","task-2","sw_fr970","leave",19243,19826,583,2025-11-30 15:17:32.305,2025-11-30 15:17:32.887,1865,926
167,"8e2594db-d6db-41b7-b483-e47e26bac394","8e0c9b01-b81c-43c8-bb2f-35742dc5b516","task-2","sw_scanwatch2","leave",19976,20144,168,2025-11-30 15:17:33.037,2025-11-30 15:17:33.206,1865,926
168,"8e2594db-d6db-41b7-b483-e47e26bac394","8e0c9b01-b81c-43c8-bb2f-35742dc5b516","task-2","sw_fr970","leave",20194,25864,5670,2025-11-30 15:17:33.256,2025-11-30 15:17:38.925,1865,926
169,"8e2594db-d6db-41b7-b483-e47e26bac394","8e0c9b01-b81c-43c8-bb2f-35742dc5b516","task-2","sw_venu4","leave",25880,27615,1735,2025-11-30 15:17:38.942,2025-11-30 15:17:40.676,1865,926
170,"8e2594db-d6db-41b7-b483-e47e26bac394","8e0c9b01-b81c-43c8-bb2f-35742dc5b516","task-2","sw_fr970","leave",27631,28915,1284,2025-11-30 15:17:40.692,2025-11-30 15:17:41.976,1865,926
171,"8e2594db-d6db-41b7-b483-e47e26bac394","8e0c9b01-b81c-43c8-bb2f-35742dc5b516","task-2","sw_scanwatch2","leave",28932,29099,167,2025-11-30 15:17:41.993,2025-11-30 15:17:42.16,1865,926
172,"8e2594db-d6db-41b7-b483-e47e26bac394","8e0c9b01-b81c-43c8-bb2f-35742dc5b516","task-2","sw_fr970","leave",29116,29450,334,2025-11-30 15:17:42.177,2025-11-30 15:17:42.512,1865,926
173,"8e2594db-d6db-41b7-b483-e47e26bac394","8e0c9b01-b81c-43c8-bb2f-35742dc5b516","task-2","sw_scanwatch2","leave",29455,35838,6383,2025-11-30 15:17:42.516,2025-11-30 15:17:48.899,1865,926
174,"8e2594db-d6db-41b7-b483-e47e26bac394","8e0c9b01-b81c-43c8-bb2f-35742dc5b516","task-2","sw_vantagev3","leave",35870,39440,3570,2025-11-30 15:17:48.931,2025-11-30 15:17:52.501,1865,926
175,"8e2594db-d6db-41b7-b483-e47e26bac394","8e0c9b01-b81c-43c8-bb2f-35742dc5b516","task-2","sw_scanwatch2","leave",39574,40590,1016,2025-11-30 15:17:52.635,2025-11-30 15:17:53.651,1865,926
176,"8e2594db-d6db-41b7-b483-e47e26bac394","8e0c9b01-b81c-43c8-bb2f-35742dc5b516","task-2","sw_vantagev3","leave",40624,40690,66,2025-11-30 15:17:53.685,2025-11-30 15:17:53.752,1865,926
177,"8e2594db-d6db-41b7-b483-e47e26bac394","8e0c9b01-b81c-43c8-bb2f-35742dc5b516","task-2","sw_aw11","leave",40707,48062,7355,2025-11-30 15:17:53.768,2025-11-30 15:18:01.123,1865,926
178,"8e2594db-d6db-41b7-b483-e47e26bac394","8e0c9b01-b81c-43c8-bb2f-35742dc5b516","task-2","sw_watch8","leave",48097,52065,3968,2025-11-30 15:18:01.158,2025-11-30 15:18:05.126,1865,926
179,"8e2594db-d6db-41b7-b483-e47e26bac394","8e0c9b01-b81c-43c8-bb2f-35742dc5b516","task-2","sw_aw11","leave",52069,53932,1863,2025-11-30 15:18:05.13,2025-11-30 15:18:06.993,1865,926
180,"8e2594db-d6db-41b7-b483-e47e26bac394","8e0c9b01-b81c-43c8-bb2f-35742dc5b516","task-2","sw_vantagev3","leave",53934,55050,1116,2025-11-30 15:18:06.996,2025-11-30 15:18:08.111,1865,926
181,"8e2594db-d6db-41b7-b483-e47e26bac394","8e0c9b01-b81c-43c8-bb2f-35742dc5b516","task-2","sw_scanwatch2","leave",55083,56269,1186,2025-11-30 15:18:08.144,2025-11-30 15:18:09.33,1865,926
182,"8e2594db-d6db-41b7-b483-e47e26bac394","8e0c9b01-b81c-43c8-bb2f-35742dc5b516","task-2","sw_fr970","leave",56272,57069,797,2025-11-30 15:18:09.334,2025-11-30 15:18:10.131,1865,926
183,"8e2594db-d6db-41b7-b483-e47e26bac394","8e0c9b01-b81c-43c8-bb2f-35742dc5b516","task-2","sw_venu4","leave",57084,59370,2286,2025-11-30 15:18:10.146,2025-11-30 15:18:12.432,1865,926
184,"8e2594db-d6db-41b7-b483-e47e26bac394","8e0c9b01-b81c-43c8-bb2f-35742dc5b516","task-2","sw_watch8","leave",59387,59405,18,2025-11-30 15:18:12.448,2025-11-30 15:18:12.466,1865,926
185,"8e2594db-d6db-41b7-b483-e47e26bac394","8e0c9b01-b81c-43c8-bb2f-35742dc5b516","task-2","sw_aw11","leave",59420,59453,33,2025-11-30 15:18:12.482,2025-11-30 15:18:12.514,1865,926
186,"8e2594db-d6db-41b7-b483-e47e26bac394","8e0c9b01-b81c-43c8-bb2f-35742dc5b516","task-2","sw_aw11","leave",72829,72945,116,2025-11-30 15:18:25.89,2025-11-30 15:18:26.007,1865,926
187,"8e2594db-d6db-41b7-b483-e47e26bac394","8e0c9b01-b81c-43c8-bb2f-35742dc5b516","task-2","sw_fr970","leave",73012,73079,67,2025-11-30 15:18:26.074,2025-11-30 15:18:26.141,1865,926
188,"8e2594db-d6db-41b7-b483-e47e26bac394","8e0c9b01-b81c-43c8-bb2f-35742dc5b516","task-2","sw_aw11","leave",73112,75163,2051,2025-11-30 15:18:26.174,2025-11-30 15:18:28.225,1865,926
189,"8e2594db-d6db-41b7-b483-e47e26bac394","8e0c9b01-b81c-43c8-bb2f-35742dc5b516","task-2","sw_scanwatch2","leave",75166,77365,2199,2025-11-30 15:18:28.227,2025-11-30 15:18:30.427,1865,926
190,"8e2594db-d6db-41b7-b483-e47e26bac394","8e0c9b01-b81c-43c8-bb2f-35742dc5b516","task-2","sw_fr970","leave",77368,77399,31,2025-11-30 15:18:30.429,2025-11-30 15:18:30.46,1865,926
191,"8e2594db-d6db-41b7-b483-e47e26bac394","8e0c9b01-b81c-43c8-bb2f-35742dc5b516","task-2","sw_aw11","leave",77402,77432,30,2025-11-30 15:18:30.463,2025-11-30 15:18:30.494,1865,926
192,"8e2594db-d6db-41b7-b483-e47e26bac394","8e0c9b01-b81c-43c8-bb2f-35742dc5b516","task-2","sw_watch8","leave",77435,77499,64,2025-11-30 15:18:30.496,2025-11-30 15:18:30.56,1865,926
339,"96c6c1f1-c1f4-4790-af0b-560e925b4e69","ab15ea54-ae59-4532-b89c-ff821a0116c0","task-2","det_persil","leave",52,133,81,2025-12-02 11:20:42.123,2025-12-02 11:20:42.203,1341,814
340,"96c6c1f1-c1f4-4790-af0b-560e925b4e69","ab15ea54-ae59-4532-b89c-ff821a0116c0","task-2","det_ecover","leave",133,1285,1152,2025-12-02 11:20:42.203,2025-12-02 11:20:43.355,1341,814
341,"96c6c1f1-c1f4-4790-af0b-560e925b4e69","ab15ea54-ae59-4532-b89c-ff821a0116c0","task-2","det_weisser","leave",1285,7453,6168,2025-12-02 11:20:43.355,2025-12-02 11:20:49.524,1341,814
342,"96c6c1f1-c1f4-4790-af0b-560e925b4e69","ab15ea54-ae59-4532-b89c-ff821a0116c0","task-2","det_denkmit","leave",7455,9901,2446,2025-12-02 11:20:49.525,2025-12-02 11:20:51.971,1341,814
343,"96c6c1f1-c1f4-4790-af0b-560e925b4e69","ab15ea54-ae59-4532-b89c-ff821a0116c0","task-2","det_ecover","leave",11495,11578,83,2025-12-02 11:20:53.565,2025-12-02 11:20:53.648,1341,814
344,"96c6c1f1-c1f4-4790-af0b-560e925b4e69","ab15ea54-ae59-4532-b89c-ff821a0116c0","task-2","det_persil","leave",11578,13863,2285,2025-12-02 11:20:53.649,2025-12-02 11:20:55.934,1341,814
345,"96c6c1f1-c1f4-4790-af0b-560e925b4e69","ab15ea54-ae59-4532-b89c-ff821a0116c0","task-2","det_lenor","leave",13864,14147,283,2025-12-02 11:20:55.934,2025-12-02 11:20:56.217,1341,814
381,"d7e74b75-65e8-4b6b-8587-86fa638e2473","1826a545-f6f3-47b9-a091-81477ba89250","task-2","wb_24_clima","leave",147,23380,23233,2025-12-02 14:18:02.696,2025-12-02 14:18:25.929,1920,945
382,"d7e74b75-65e8-4b6b-8587-86fa638e2473","1826a545-f6f3-47b9-a091-81477ba89250","task-2","wb_spottle_glass","leave",23381,23763,382,2025-12-02 14:18:25.93,2025-12-02 14:18:26.312,1920,945
383,"d7e74b75-65e8-4b6b-8587-86fa638e2473","1826a545-f6f3-47b9-a091-81477ba89250","task-2","wb_spottle_glass","leave",24280,24847,567,2025-12-02 14:18:26.829,2025-12-02 14:18:27.396,1920,945
384,"d7e74b75-65e8-4b6b-8587-86fa638e2473","1826a545-f6f3-47b9-a091-81477ba89250","task-2","wb_24_clima","leave",24848,24865,17,2025-12-02 14:18:27.397,2025-12-02 14:18:27.413,1920,945
385,"d7e74b75-65e8-4b6b-8587-86fa638e2473","1826a545-f6f3-47b9-a091-81477ba89250","task-2","wb_24_urban","leave",24865,26633,1768,2025-12-02 14:18:27.414,2025-12-02 14:18:29.182,1920,945
386,"d7e74b75-65e8-4b6b-8587-86fa638e2473","1826a545-f6f3-47b9-a091-81477ba89250","task-2","wb_nalgene","leave",26635,28268,1633,2025-12-02 14:18:29.183,2025-12-02 14:18:30.817,1920,945
387,"d7e74b75-65e8-4b6b-8587-86fa638e2473","1826a545-f6f3-47b9-a091-81477ba89250","task-2","wb_24_urban","leave",28269,29386,1117,2025-12-02 14:18:30.818,2025-12-02 14:18:31.935,1920,945
388,"d7e74b75-65e8-4b6b-8587-86fa638e2473","1826a545-f6f3-47b9-a091-81477ba89250","task-2","wb_nalgene","leave",29403,29803,400,2025-12-02 14:18:31.951,2025-12-02 14:18:32.352,1920,945
389,"d7e74b75-65e8-4b6b-8587-86fa638e2473","1826a545-f6f3-47b9-a091-81477ba89250","task-2","wb_24_urban","leave",29805,30221,416,2025-12-02 14:18:32.353,2025-12-02 14:18:32.77,1920,945
390,"d7e74b75-65e8-4b6b-8587-86fa638e2473","1826a545-f6f3-47b9-a091-81477ba89250","task-2","wb_nalgene","leave",30222,31937,1715,2025-12-02 14:18:32.771,2025-12-02 14:18:34.486,1920,945
391,"d7e74b75-65e8-4b6b-8587-86fa638e2473","1826a545-f6f3-47b9-a091-81477ba89250","task-2","wb_nalgene","leave",31957,32022,65,2025-12-02 14:18:34.506,2025-12-02 14:18:34.571,1920,945
392,"d7e74b75-65e8-4b6b-8587-86fa638e2473","1826a545-f6f3-47b9-a091-81477ba89250","task-2","wb_720_nolimit","leave",32039,35293,3254,2025-12-02 14:18:34.588,2025-12-02 14:18:37.841,1920,945
393,"d7e74b75-65e8-4b6b-8587-86fa638e2473","1826a545-f6f3-47b9-a091-81477ba89250","task-2","wb_waterdrop_sport","leave",35294,43935,8641,2025-12-02 14:18:37.843,2025-12-02 14:18:46.484,1920,945
394,"d7e74b75-65e8-4b6b-8587-86fa638e2473","1826a545-f6f3-47b9-a091-81477ba89250","task-2","wb_spottle_glass","leave",43953,46154,2201,2025-12-02 14:18:46.501,2025-12-02 14:18:48.703,1920,945
395,"d7e74b75-65e8-4b6b-8587-86fa638e2473","1826a545-f6f3-47b9-a091-81477ba89250","task-2","wb_waterdrop_sport","leave",46172,47622,1450,2025-12-02 14:18:48.721,2025-12-02 14:18:50.171,1920,945
396,"d7e74b75-65e8-4b6b-8587-86fa638e2473","1826a545-f6f3-47b9-a091-81477ba89250","task-2","wb_720_nolimit","leave",47673,48344,671,2025-12-02 14:18:50.221,2025-12-02 14:18:50.892,1920,945
397,"d7e74b75-65e8-4b6b-8587-86fa638e2473","1826a545-f6f3-47b9-a091-81477ba89250","task-2","wb_waterdrop_sport","leave",48357,49025,668,2025-12-02 14:18:50.906,2025-12-02 14:18:51.573,1920,945
398,"d7e74b75-65e8-4b6b-8587-86fa638e2473","1826a545-f6f3-47b9-a091-81477ba89250","task-2","wb_spottle_glass","leave",49026,49142,116,2025-12-02 14:18:51.575,2025-12-02 14:18:51.69,1920,945
399,"ec042234-bf98-4ffb-b267-e13342adcbef","51c72b18-d63d-4293-a20a-58955ea921f9","task-2","sp_beosound_explore","leave",1686,1865,179,2025-12-02 14:46:51.64,2025-12-02 14:46:51.819,1333,841
400,"ec042234-bf98-4ffb-b267-e13342adcbef","51c72b18-d63d-4293-a20a-58955ea921f9","task-2","sp_beosound_explore","leave",16757,17547,790,2025-12-02 14:47:06.711,2025-12-02 14:47:07.502,1333,841
401,"ec042234-bf98-4ffb-b267-e13342adcbef","51c72b18-d63d-4293-a20a-58955ea921f9","task-2","sp_sonos_era100","leave",17548,17649,101,2025-12-02 14:47:07.502,2025-12-02 14:47:07.603,1333,841
402,"d4592282-f7e5-4e21-8eff-a3bd95538e5e","6b42fb53-9d79-42ea-b1a9-1432d91cc505","task-2","etb_philips_7100","leave",845,950,105,2025-12-02 14:47:20.486,2025-12-02 14:47:20.591,1440,712
403,"d4592282-f7e5-4e21-8eff-a3bd95538e5e","6b42fb53-9d79-42ea-b1a9-1432d91cc505","task-2","etb_oralb_io5","leave",11573,21149,9576,2025-12-02 14:47:31.214,2025-12-02 14:47:40.791,1440,712
404,"d4592282-f7e5-4e21-8eff-a3bd95538e5e","6b42fb53-9d79-42ea-b1a9-1432d91cc505","task-2","etb_philips_5300","leave",21191,30792,9601,2025-12-02 14:47:40.832,2025-12-02 14:47:50.433,1440,712
405,"d4592282-f7e5-4e21-8eff-a3bd95538e5e","6b42fb53-9d79-42ea-b1a9-1432d91cc505","task-2","etb_wondersmile_pro","leave",30799,32610,1811,2025-12-02 14:47:50.44,2025-12-02 14:47:52.251,1440,712
406,"d4592282-f7e5-4e21-8eff-a3bd95538e5e","6b42fb53-9d79-42ea-b1a9-1432d91cc505","task-2","etb_wondersmile_pro","leave",37258,37347,89,2025-12-02 14:47:56.899,2025-12-02 14:47:56.988,1440,712
407,"d4592282-f7e5-4e21-8eff-a3bd95538e5e","6b42fb53-9d79-42ea-b1a9-1432d91cc505","task-2","etb_oralb_pulsonic_4500","leave",37348,37367,19,2025-12-02 14:47:56.989,2025-12-02 14:47:57.009,1440,712
408,"d4592282-f7e5-4e21-8eff-a3bd95538e5e","6b42fb53-9d79-42ea-b1a9-1432d91cc505","task-2","etb_oralb_pro3_3500","leave",37471,38968,1497,2025-12-02 14:47:57.112,2025-12-02 14:47:58.609,1440,712
409,"d4592282-f7e5-4e21-8eff-a3bd95538e5e","6b42fb53-9d79-42ea-b1a9-1432d91cc505","task-2","etb_philips_7100","leave",38969,38984,15,2025-12-02 14:47:58.611,2025-12-02 14:47:58.625,1440,712
410,"d4592282-f7e5-4e21-8eff-a3bd95538e5e","6b42fb53-9d79-42ea-b1a9-1432d91cc505","task-2","etb_oralb_io5","leave",39001,39040,39,2025-12-02 14:47:58.643,2025-12-02 14:47:58.681,1440,712
411,"d4592282-f7e5-4e21-8eff-a3bd95538e5e","6b42fb53-9d79-42ea-b1a9-1432d91cc505","task-2","etb_oralb_io5","leave",39195,39272,77,2025-12-02 14:47:58.836,2025-12-02 14:47:58.913,1440,712
412,"d4592282-f7e5-4e21-8eff-a3bd95538e5e","6b42fb53-9d79-42ea-b1a9-1432d91cc505","task-2","etb_philips_7100","leave",39303,42281,2978,2025-12-02 14:47:58.945,2025-12-02 14:48:01.922,1440,712
413,"d4592282-f7e5-4e21-8eff-a3bd95538e5e","6b42fb53-9d79-42ea-b1a9-1432d91cc505","task-2","etb_oralb_io5","leave",42283,44390,2107,2025-12-02 14:48:01.924,2025-12-02 14:48:04.031,1440,712
414,"d4592282-f7e5-4e21-8eff-a3bd95538e5e","6b42fb53-9d79-42ea-b1a9-1432d91cc505","task-2","etb_oralb_pulsonic_4500","leave",44391,44423,32,2025-12-02 14:48:04.032,2025-12-02 14:48:04.064,1440,712
415,"d4592282-f7e5-4e21-8eff-a3bd95538e5e","6b42fb53-9d79-42ea-b1a9-1432d91cc505","task-2","etb_oralb_pro3_3500","leave",44430,46124,1694,2025-12-02 14:48:04.071,2025-12-02 14:48:05.765,1440,712
416,"d4592282-f7e5-4e21-8eff-a3bd95538e5e","6b42fb53-9d79-42ea-b1a9-1432d91cc505","task-2","etb_oralb_io5","leave",46153,49402,3249,2025-12-02 14:48:05.795,2025-12-02 14:48:09.043,1440,712
417,"d4592282-f7e5-4e21-8eff-a3bd95538e5e","6b42fb53-9d79-42ea-b1a9-1432d91cc505","task-2","etb_oralb_pulsonic_4500","leave",49410,49438,28,2025-12-02 14:48:09.052,2025-12-02 14:48:09.079,1440,712
418,"d4592282-f7e5-4e21-8eff-a3bd95538e5e","6b42fb53-9d79-42ea-b1a9-1432d91cc505","task-2","etb_oralb_pro3_3500","leave",49439,51748,2309,2025-12-02 14:48:09.08,2025-12-02 14:48:11.389,1440,712
419,"d4592282-f7e5-4e21-8eff-a3bd95538e5e","6b42fb53-9d79-42ea-b1a9-1432d91cc505","task-2","etb_oralb_pulsonic_4500","leave",51756,51764,8,2025-12-02 14:48:11.397,2025-12-02 14:48:11.406,1440,712
420,"d4592282-f7e5-4e21-8eff-a3bd95538e5e","6b42fb53-9d79-42ea-b1a9-1432d91cc505","task-2","etb_oralb_io5","leave",51791,55321,3530,2025-12-02 14:48:11.432,2025-12-02 14:48:14.962,1440,712
421,"d4592282-f7e5-4e21-8eff-a3bd95538e5e","6b42fb53-9d79-42ea-b1a9-1432d91cc505","task-2","etb_oralb_pulsonic_4500","leave",55356,60308,4952,2025-12-02 14:48:14.997,2025-12-02 14:48:19.95,1440,712
422,"d4592282-f7e5-4e21-8eff-a3bd95538e5e","6b42fb53-9d79-42ea-b1a9-1432d91cc505","task-2","etb_oralb_io5","leave",60322,60910,588,2025-12-02 14:48:19.963,2025-12-02 14:48:20.551,1440,712
423,"d4592282-f7e5-4e21-8eff-a3bd95538e5e","6b42fb53-9d79-42ea-b1a9-1432d91cc505","task-2","etb_oralb_pro3_3500","leave",60912,62839,1927,2025-12-02 14:48:20.553,2025-12-02 14:48:22.48,1440,712
424,"d4592282-f7e5-4e21-8eff-a3bd95538e5e","6b42fb53-9d79-42ea-b1a9-1432d91cc505","task-2","etb_oralb_pulsonic_4500","leave",62868,63889,1021,2025-12-02 14:48:22.509,2025-12-02 14:48:23.53,1440,712
425,"d4592282-f7e5-4e21-8eff-a3bd95538e5e","6b42fb53-9d79-42ea-b1a9-1432d91cc505","task-2","etb_oralb_pro3_3500","leave",63896,64614,718,2025-12-02 14:48:23.538,2025-12-02 14:48:24.255,1440,712
426,"d4592282-f7e5-4e21-8eff-a3bd95538e5e","6b42fb53-9d79-42ea-b1a9-1432d91cc505","task-2","etb_oralb_pulsonic_4500","leave",64655,67326,2671,2025-12-02 14:48:24.297,2025-12-02 14:48:26.967,1440,712
427,"d4592282-f7e5-4e21-8eff-a3bd95538e5e","6b42fb53-9d79-42ea-b1a9-1432d91cc505","task-2","etb_oralb_io5","leave",67328,68661,1333,2025-12-02 14:48:26.969,2025-12-02 14:48:28.302,1440,712
428,"d4592282-f7e5-4e21-8eff-a3bd95538e5e","6b42fb53-9d79-42ea-b1a9-1432d91cc505","task-2","etb_philips_5300","leave",68688,70558,1870,2025-12-02 14:48:28.329,2025-12-02 14:48:30.199,1440,712
429,"d4592282-f7e5-4e21-8eff-a3bd95538e5e","6b42fb53-9d79-42ea-b1a9-1432d91cc505","task-2","etb_wondersmile_pro","leave",70573,73480,2907,2025-12-02 14:48:30.214,2025-12-02 14:48:33.122,1440,712
430,"d4592282-f7e5-4e21-8eff-a3bd95538e5e","6b42fb53-9d79-42ea-b1a9-1432d91cc505","task-2","etb_oralb_pulsonic_4500","leave",73483,73560,77,2025-12-02 14:48:33.124,2025-12-02 14:48:33.202,1440,712
431,"d4592282-f7e5-4e21-8eff-a3bd95538e5e","6b42fb53-9d79-42ea-b1a9-1432d91cc505","task-2","etb_oralb_pro3_3500","leave",73562,74889,1327,2025-12-02 14:48:33.203,2025-12-02 14:48:34.53,1440,712
432,"901361b0-ae4e-42ac-9c6c-06d6b395fe6e","23242b4f-c591-42a9-98cd-e26b42ba18ad","task-2","det_lenor","leave",324,5066,4742,2025-12-02 16:01:56.117,2025-12-02 16:02:00.859,1470,833
433,"901361b0-ae4e-42ac-9c6c-06d6b395fe6e","23242b4f-c591-42a9-98cd-e26b42ba18ad","task-2","det_lenor","leave",5197,5264,67,2025-12-02 16:02:00.99,2025-12-02 16:02:01.057,1470,833
434,"901361b0-ae4e-42ac-9c6c-06d6b395fe6e","23242b4f-c591-42a9-98cd-e26b42ba18ad","task-2","det_ecover","leave",5265,6150,885,2025-12-02 16:02:01.057,2025-12-02 16:02:01.943,1470,833
435,"901361b0-ae4e-42ac-9c6c-06d6b395fe6e","23242b4f-c591-42a9-98cd-e26b42ba18ad","task-2","det_weisser","leave",6151,7181,1030,2025-12-02 16:02:01.944,2025-12-02 16:02:02.974,1470,833
436,"901361b0-ae4e-42ac-9c6c-06d6b395fe6e","23242b4f-c591-42a9-98cd-e26b42ba18ad","task-2","det_ecover","leave",7181,7781,600,2025-12-02 16:02:02.974,2025-12-02 16:02:03.574,1470,833
437,"901361b0-ae4e-42ac-9c6c-06d6b395fe6e","23242b4f-c591-42a9-98cd-e26b42ba18ad","task-2","det_lenor","leave",7781,8181,400,2025-12-02 16:02:03.574,2025-12-02 16:02:03.974,1470,833
438,"901361b0-ae4e-42ac-9c6c-06d6b395fe6e","23242b4f-c591-42a9-98cd-e26b42ba18ad","task-2","det_persil","leave",8181,8814,633,2025-12-02 16:02:03.974,2025-12-02 16:02:04.607,1470,833
439,"901361b0-ae4e-42ac-9c6c-06d6b395fe6e","23242b4f-c591-42a9-98cd-e26b42ba18ad","task-2","det_lenor","leave",8814,9014,200,2025-12-02 16:02:04.607,2025-12-02 16:02:04.807,1470,833
440,"901361b0-ae4e-42ac-9c6c-06d6b395fe6e","23242b4f-c591-42a9-98cd-e26b42ba18ad","task-2","det_ecover","leave",9015,9447,432,2025-12-02 16:02:04.808,2025-12-02 16:02:05.24,1470,833
441,"901361b0-ae4e-42ac-9c6c-06d6b395fe6e","23242b4f-c591-42a9-98cd-e26b42ba18ad","task-2","det_denkmit","leave",9447,12766,3319,2025-12-02 16:02:05.24,2025-12-02 16:02:08.559,1470,833
442,"901361b0-ae4e-42ac-9c6c-06d6b395fe6e","23242b4f-c591-42a9-98cd-e26b42ba18ad","task-2","det_ariel","leave",12766,13914,1148,2025-12-02 16:02:08.559,2025-12-02 16:02:09.707,1470,833
443,"901361b0-ae4e-42ac-9c6c-06d6b395fe6e","23242b4f-c591-42a9-98cd-e26b42ba18ad","task-2","det_denkmit","leave",13914,14747,833,2025-12-02 16:02:09.707,2025-12-02 16:02:10.54,1470,833
444,"901361b0-ae4e-42ac-9c6c-06d6b395fe6e","23242b4f-c591-42a9-98cd-e26b42ba18ad","task-2","det_ariel","leave",14814,15681,867,2025-12-02 16:02:10.607,2025-12-02 16:02:11.474,1470,833
445,"901361b0-ae4e-42ac-9c6c-06d6b395fe6e","23242b4f-c591-42a9-98cd-e26b42ba18ad","task-2","det_denkmit","leave",15681,16247,566,2025-12-02 16:02:11.474,2025-12-02 16:02:12.04,1470,833
446,"901361b0-ae4e-42ac-9c6c-06d6b395fe6e","23242b4f-c591-42a9-98cd-e26b42ba18ad","task-2","det_ariel","leave",16281,16981,700,2025-12-02 16:02:12.074,2025-12-02 16:02:12.773,1470,833
447,"901361b0-ae4e-42ac-9c6c-06d6b395fe6e","23242b4f-c591-42a9-98cd-e26b42ba18ad","task-2","det_denkmit","leave",17014,17547,533,2025-12-02 16:02:12.807,2025-12-02 16:02:13.34,1470,833
448,"901361b0-ae4e-42ac-9c6c-06d6b395fe6e","23242b4f-c591-42a9-98cd-e26b42ba18ad","task-2","det_ariel","leave",17547,19297,1750,2025-12-02 16:02:13.34,2025-12-02 16:02:15.09,1470,833
449,"901361b0-ae4e-42ac-9c6c-06d6b395fe6e","23242b4f-c591-42a9-98cd-e26b42ba18ad","task-2","det_ecover","leave",19331,20381,1050,2025-12-02 16:02:15.124,2025-12-02 16:02:16.173,1470,833
450,"901361b0-ae4e-42ac-9c6c-06d6b395fe6e","23242b4f-c591-42a9-98cd-e26b42ba18ad","task-2","det_denkmit","leave",20414,20648,234,2025-12-02 16:02:16.207,2025-12-02 16:02:16.44,1470,833
451,"901361b0-ae4e-42ac-9c6c-06d6b395fe6e","23242b4f-c591-42a9-98cd-e26b42ba18ad","task-2","det_ecover","leave",20681,21147,466,2025-12-02 16:02:16.474,2025-12-02 16:02:16.94,1470,833
452,"901361b0-ae4e-42ac-9c6c-06d6b395fe6e","23242b4f-c591-42a9-98cd-e26b42ba18ad","task-2","det_denkmit","leave",21147,21681,534,2025-12-02 16:02:16.94,2025-12-02 16:02:17.473,1470,833
453,"901361b0-ae4e-42ac-9c6c-06d6b395fe6e","23242b4f-c591-42a9-98cd-e26b42ba18ad","task-2","det_ecover","leave",21681,22314,633,2025-12-02 16:02:17.474,2025-12-02 16:02:18.107,1470,833
454,"901361b0-ae4e-42ac-9c6c-06d6b395fe6e","23242b4f-c591-42a9-98cd-e26b42ba18ad","task-2","det_denkmit","leave",22314,22681,367,2025-12-02 16:02:18.107,2025-12-02 16:02:18.474,1470,833
455,"901361b0-ae4e-42ac-9c6c-06d6b395fe6e","23242b4f-c591-42a9-98cd-e26b42ba18ad","task-2","det_ecover","leave",22681,24164,1483,2025-12-02 16:02:18.474,2025-12-02 16:02:19.957,1470,833
456,"901361b0-ae4e-42ac-9c6c-06d6b395fe6e","23242b4f-c591-42a9-98cd-e26b42ba18ad","task-2","det_denkmit","leave",24164,24564,400,2025-12-02 16:02:19.957,2025-12-02 16:02:20.357,1470,833
457,"901361b0-ae4e-42ac-9c6c-06d6b395fe6e","23242b4f-c591-42a9-98cd-e26b42ba18ad","task-2","det_ecover","leave",24598,25431,833,2025-12-02 16:02:20.39,2025-12-02 16:02:21.224,1470,833
458,"901361b0-ae4e-42ac-9c6c-06d6b395fe6e","23242b4f-c591-42a9-98cd-e26b42ba18ad","task-2","det_denkmit","leave",25432,25631,199,2025-12-02 16:02:21.224,2025-12-02 16:02:21.423,1470,833
459,"901361b0-ae4e-42ac-9c6c-06d6b395fe6e","23242b4f-c591-42a9-98cd-e26b42ba18ad","task-2","det_weisser","leave",25664,26747,1083,2025-12-02 16:02:21.457,2025-12-02 16:02:22.54,1470,833
460,"901361b0-ae4e-42ac-9c6c-06d6b395fe6e","23242b4f-c591-42a9-98cd-e26b42ba18ad","task-2","det_denkmit","leave",26781,26948,167,2025-12-02 16:02:22.574,2025-12-02 16:02:22.74,1470,833
461,"901361b0-ae4e-42ac-9c6c-06d6b395fe6e","23242b4f-c591-42a9-98cd-e26b42ba18ad","task-2","det_ecover","leave",26948,26981,33,2025-12-02 16:02:22.741,2025-12-02 16:02:22.774,1470,833
462,"901361b0-ae4e-42ac-9c6c-06d6b395fe6e","23242b4f-c591-42a9-98cd-e26b42ba18ad","task-2","det_weisser","leave",26981,27015,34,2025-12-02 16:02:22.774,2025-12-02 16:02:22.808,1470,833
463,"901361b0-ae4e-42ac-9c6c-06d6b395fe6e","23242b4f-c591-42a9-98cd-e26b42ba18ad","task-2","det_persil","leave",27015,27314,299,2025-12-02 16:02:22.808,2025-12-02 16:02:23.107,1470,833
464,"901361b0-ae4e-42ac-9c6c-06d6b395fe6e","23242b4f-c591-42a9-98cd-e26b42ba18ad","task-2","det_lenor","leave",27314,27413,99,2025-12-02 16:02:23.107,2025-12-02 16:02:23.206,1470,833
465,"901361b0-ae4e-42ac-9c6c-06d6b395fe6e","23242b4f-c591-42a9-98cd-e26b42ba18ad","task-2","det_ecover","leave",27414,27481,67,2025-12-02 16:02:23.206,2025-12-02 16:02:23.274,1470,833
466,"901361b0-ae4e-42ac-9c6c-06d6b395fe6e","23242b4f-c591-42a9-98cd-e26b42ba18ad","task-2","det_denkmit","leave",27482,28247,765,2025-12-02 16:02:23.274,2025-12-02 16:02:24.04,1470,833
467,"901361b0-ae4e-42ac-9c6c-06d6b395fe6e","23242b4f-c591-42a9-98cd-e26b42ba18ad","task-2","det_ariel","leave",28248,28281,33,2025-12-02 16:02:24.041,2025-12-02 16:02:24.074,1470,833
468,"901361b0-ae4e-42ac-9c6c-06d6b395fe6e","23242b4f-c591-42a9-98cd-e26b42ba18ad","task-2","det_weisser","leave",28281,28813,532,2025-12-02 16:02:24.074,2025-12-02 16:02:24.606,1470,833
469,"901361b0-ae4e-42ac-9c6c-06d6b395fe6e","23242b4f-c591-42a9-98cd-e26b42ba18ad","task-2","det_persil","leave",28814,28880,66,2025-12-02 16:02:24.607,2025-12-02 16:02:24.673,1470,833
470,"4b92c4c8-58a0-4475-874d-31edf26cb34c","b73a72b8-9607-4085-9706-7f0f9b926843","task-2","det_persil","leave",1155,1162,7,2025-12-02 16:14:44.343,2025-12-02 16:14:44.351,1536,711
471,"4b92c4c8-58a0-4475-874d-31edf26cb34c","b73a72b8-9607-4085-9706-7f0f9b926843","task-2","det_persil","leave",3895,8433,4538,2025-12-02 16:14:47.084,2025-12-02 16:14:51.622,1536,711
472,"4b92c4c8-58a0-4475-874d-31edf26cb34c","b73a72b8-9607-4085-9706-7f0f9b926843","task-2","det_ariel","leave",8450,10318,1868,2025-12-02 16:14:51.638,2025-12-02 16:14:53.507,1536,711
473,"4b92c4c8-58a0-4475-874d-31edf26cb34c","b73a72b8-9607-4085-9706-7f0f9b926843","task-2","det_ariel","leave",10385,10452,67,2025-12-02 16:14:53.574,2025-12-02 16:14:53.641,1536,711
474,"4b92c4c8-58a0-4475-874d-31edf26cb34c","b73a72b8-9607-4085-9706-7f0f9b926843","task-2","det_ecover","leave",10470,11804,1334,2025-12-02 16:14:53.659,2025-12-02 16:14:54.993,1536,711
475,"4b92c4c8-58a0-4475-874d-31edf26cb34c","b73a72b8-9607-4085-9706-7f0f9b926843","task-2","det_denkmit","leave",13955,14056,101,2025-12-02 16:14:57.145,2025-12-02 16:14:57.244,1536,711
476,"4b92c4c8-58a0-4475-874d-31edf26cb34c","b73a72b8-9607-4085-9706-7f0f9b926843","task-2","det_ecover","leave",14073,16141,2068,2025-12-02 16:14:57.262,2025-12-02 16:14:59.33,1536,711
477,"4b92c4c8-58a0-4475-874d-31edf26cb34c","b73a72b8-9607-4085-9706-7f0f9b926843","task-2","det_ariel","leave",16142,16625,483,2025-12-02 16:14:59.331,2025-12-02 16:14:59.814,1536,711
478,"4b92c4c8-58a0-4475-874d-31edf26cb34c","b73a72b8-9607-4085-9706-7f0f9b926843","task-2","det_persil","leave",16626,17626,1000,2025-12-02 16:14:59.816,2025-12-02 16:15:00.815,1536,711
479,"4b92c4c8-58a0-4475-874d-31edf26cb34c","b73a72b8-9607-4085-9706-7f0f9b926843","task-2","det_ariel","leave",17627,18127,500,2025-12-02 16:15:00.816,2025-12-02 16:15:01.316,1536,711
480,"4b92c4c8-58a0-4475-874d-31edf26cb34c","b73a72b8-9607-4085-9706-7f0f9b926843","task-2","det_ecover","leave",18143,18160,17,2025-12-02 16:15:01.333,2025-12-02 16:15:01.349,1536,711
481,"4b92c4c8-58a0-4475-874d-31edf26cb34c","b73a72b8-9607-4085-9706-7f0f9b926843","task-2","det_ecover","leave",18344,19546,1202,2025-12-02 16:15:01.533,2025-12-02 16:15:02.735,1536,711
482,"4b92c4c8-58a0-4475-874d-31edf26cb34c","b73a72b8-9607-4085-9706-7f0f9b926843","task-2","det_denkmit","leave",19588,21313,1725,2025-12-02 16:15:02.778,2025-12-02 16:15:04.503,1536,711
483,"4b92c4c8-58a0-4475-874d-31edf26cb34c","b73a72b8-9607-4085-9706-7f0f9b926843","task-2","det_weisser","leave",21314,22314,1000,2025-12-02 16:15:04.504,2025-12-02 16:15:05.504,1536,711
484,"4b92c4c8-58a0-4475-874d-31edf26cb34c","b73a72b8-9607-4085-9706-7f0f9b926843","task-2","det_lenor","leave",22332,23649,1317,2025-12-02 16:15:05.52,2025-12-02 16:15:06.839,1536,711
485,"4b92c4c8-58a0-4475-874d-31edf26cb34c","b73a72b8-9607-4085-9706-7f0f9b926843","task-2","det_persil","leave",23666,27353,3687,2025-12-02 16:15:06.856,2025-12-02 16:15:10.543,1536,711
486,"4b92c4c8-58a0-4475-874d-31edf26cb34c","b73a72b8-9607-4085-9706-7f0f9b926843","task-2","det_ariel","leave",27371,27404,33,2025-12-02 16:15:10.56,2025-12-02 16:15:10.593,1536,711
487,"4b92c4c8-58a0-4475-874d-31edf26cb34c","b73a72b8-9607-4085-9706-7f0f9b926843","task-2","det_ecover","leave",27421,31286,3865,2025-12-02 16:15:10.61,2025-12-02 16:15:14.475,1536,711
488,"4b92c4c8-58a0-4475-874d-31edf26cb34c","b73a72b8-9607-4085-9706-7f0f9b926843","task-2","det_ecover","leave",32020,33227,1207,2025-12-02 16:15:15.21,2025-12-02 16:15:16.416,1536,711
489,"4b92c4c8-58a0-4475-874d-31edf26cb34c","b73a72b8-9607-4085-9706-7f0f9b926843","task-2","det_ariel","leave",33244,33345,101,2025-12-02 16:15:16.433,2025-12-02 16:15:16.534,1536,711
490,"4b92c4c8-58a0-4475-874d-31edf26cb34c","b73a72b8-9607-4085-9706-7f0f9b926843","task-2","det_weisser","leave",33360,33762,402,2025-12-02 16:15:16.549,2025-12-02 16:15:16.952,1536,711
491,"4b92c4c8-58a0-4475-874d-31edf26cb34c","b73a72b8-9607-4085-9706-7f0f9b926843","task-2","det_lenor","leave",33765,33927,162,2025-12-02 16:15:16.955,2025-12-02 16:15:17.116,1536,711
492,"4b92c4c8-58a0-4475-874d-31edf26cb34c","b73a72b8-9607-4085-9706-7f0f9b926843","task-2","det_lenor","leave",34795,35362,567,2025-12-02 16:15:17.985,2025-12-02 16:15:18.551,1536,711
493,"4b92c4c8-58a0-4475-874d-31edf26cb34c","b73a72b8-9607-4085-9706-7f0f9b926843","task-2","det_persil","leave",35365,35662,297,2025-12-02 16:15:18.553,2025-12-02 16:15:18.852,1536,711
494,"4b92c4c8-58a0-4475-874d-31edf26cb34c","b73a72b8-9607-4085-9706-7f0f9b926843","task-2","det_ariel","leave",35666,36113,447,2025-12-02 16:15:18.855,2025-12-02 16:15:19.302,1536,711
495,"4b92c4c8-58a0-4475-874d-31edf26cb34c","b73a72b8-9607-4085-9706-7f0f9b926843","task-2","det_ecover","leave",36180,36307,127,2025-12-02 16:15:19.369,2025-12-02 16:15:19.496,1536,711
496,"4b92c4c8-58a0-4475-874d-31edf26cb34c","b73a72b8-9607-4085-9706-7f0f9b926843","task-2","det_ecover","leave",36363,36796,433,2025-12-02 16:15:19.553,2025-12-02 16:15:19.985,1536,711
497,"4b92c4c8-58a0-4475-874d-31edf26cb34c","b73a72b8-9607-4085-9706-7f0f9b926843","task-2","det_denkmit","leave",47327,47394,67,2025-12-02 16:15:30.516,2025-12-02 16:15:30.582,1536,711
498,"4b92c4c8-58a0-4475-874d-31edf26cb34c","b73a72b8-9607-4085-9706-7f0f9b926843","task-2","det_weisser","leave",47397,47926,529,2025-12-02 16:15:30.585,2025-12-02 16:15:31.116,1536,711
499,"4b92c4c8-58a0-4475-874d-31edf26cb34c","b73a72b8-9607-4085-9706-7f0f9b926843","task-2","det_lenor","leave",52130,52265,135,2025-12-02 16:15:35.32,2025-12-02 16:15:35.453,1536,711
500,"20ad31de-5361-4ffd-bd03-6c4a14caa7c7","a39dd60a-d5b3-4715-b83c-30600cad5cf3","task-2","det_ariel","leave",90,14141,14051,2025-12-02 16:18:22.607,2025-12-02 16:18:36.658,2048,991
501,"20ad31de-5361-4ffd-bd03-6c4a14caa7c7","a39dd60a-d5b3-4715-b83c-30600cad5cf3","task-2","det_weisser","leave",14147,14262,115,2025-12-02 16:18:36.664,2025-12-02 16:18:36.779,2048,991
502,"20ad31de-5361-4ffd-bd03-6c4a14caa7c7","a39dd60a-d5b3-4715-b83c-30600cad5cf3","task-2","det_persil","leave",14268,24947,10679,2025-12-02 16:18:36.785,2025-12-02 16:18:47.465,2048,991
503,"20ad31de-5361-4ffd-bd03-6c4a14caa7c7","a39dd60a-d5b3-4715-b83c-30600cad5cf3","task-2","det_weisser","leave",25996,26541,545,2025-12-02 16:18:48.513,2025-12-02 16:18:49.058,2048,991
504,"20ad31de-5361-4ffd-bd03-6c4a14caa7c7","a39dd60a-d5b3-4715-b83c-30600cad5cf3","task-2","det_persil","leave",26553,36208,9655,2025-12-02 16:18:49.07,2025-12-02 16:18:58.725,2048,991
505,"20ad31de-5361-4ffd-bd03-6c4a14caa7c7","a39dd60a-d5b3-4715-b83c-30600cad5cf3","task-2","det_weisser","leave",36220,36911,691,2025-12-02 16:18:58.738,2025-12-02 16:18:59.428,2048,991
506,"20ad31de-5361-4ffd-bd03-6c4a14caa7c7","a39dd60a-d5b3-4715-b83c-30600cad5cf3","task-2","det_persil","leave",36923,37680,757,2025-12-02 16:18:59.44,2025-12-02 16:19:00.197,2048,991
507,"20ad31de-5361-4ffd-bd03-6c4a14caa7c7","a39dd60a-d5b3-4715-b83c-30600cad5cf3","task-2","det_ecover","leave",37698,38371,673,2025-12-02 16:19:00.216,2025-12-02 16:19:00.888,2048,991
508,"20ad31de-5361-4ffd-bd03-6c4a14caa7c7","a39dd60a-d5b3-4715-b83c-30600cad5cf3","task-2","det_persil","leave",38383,40061,1678,2025-12-02 16:19:00.901,2025-12-02 16:19:02.578,2048,991
509,"20ad31de-5361-4ffd-bd03-6c4a14caa7c7","a39dd60a-d5b3-4715-b83c-30600cad5cf3","task-2","det_lenor","leave",40073,40158,85,2025-12-02 16:19:02.591,2025-12-02 16:19:02.675,2048,991
510,"20ad31de-5361-4ffd-bd03-6c4a14caa7c7","a39dd60a-d5b3-4715-b83c-30600cad5cf3","task-2","det_denkmit","leave",40158,40218,60,2025-12-02 16:19:02.675,2025-12-02 16:19:02.735,2048,991
511,"d4bbe4c5-83a9-4f3c-893f-ed7e95438d34","f97814c0-fdd1-4911-ae4f-aa1459d6fa5b","task-2","sp_boom4","leave",1527,1585,58,2025-12-02 17:40:56.925,2025-12-02 17:40:56.983,1440,797
512,"d4bbe4c5-83a9-4f3c-893f-ed7e95438d34","f97814c0-fdd1-4911-ae4f-aa1459d6fa5b","task-2","sp_sonos_era100","leave",8051,9347,1296,2025-12-02 17:41:03.449,2025-12-02 17:41:04.744,1440,797
513,"d4bbe4c5-83a9-4f3c-893f-ed7e95438d34","f97814c0-fdd1-4911-ae4f-aa1459d6fa5b","task-2","sp_sonos_era100","leave",12364,12380,16,2025-12-02 17:41:07.761,2025-12-02 17:41:07.777,1440,797
514,"d4bbe4c5-83a9-4f3c-893f-ed7e95438d34","f97814c0-fdd1-4911-ae4f-aa1459d6fa5b","task-2","sp_kilburn2","leave",12397,12446,49,2025-12-02 17:41:07.794,2025-12-02 17:41:07.844,1440,797
515,"d4bbe4c5-83a9-4f3c-893f-ed7e95438d34","f97814c0-fdd1-4911-ae4f-aa1459d6fa5b","task-2","sp_beosound_explore","leave",12663,18379,5716,2025-12-02 17:41:08.06,2025-12-02 17:41:13.777,1440,797
516,"d4bbe4c5-83a9-4f3c-893f-ed7e95438d34","f97814c0-fdd1-4911-ae4f-aa1459d6fa5b","task-2","sp_bose_flex","leave",18398,19714,1316,2025-12-02 17:41:13.795,2025-12-02 17:41:15.111,1440,797
517,"d4bbe4c5-83a9-4f3c-893f-ed7e95438d34","f97814c0-fdd1-4911-ae4f-aa1459d6fa5b","task-2","sp_beosound_explore","leave",19714,20414,700,2025-12-02 17:41:15.112,2025-12-02 17:41:15.811,1440,797
518,"d4bbe4c5-83a9-4f3c-893f-ed7e95438d34","f97814c0-fdd1-4911-ae4f-aa1459d6fa5b","task-2","sp_bose_flex","leave",20430,21496,1066,2025-12-02 17:41:15.828,2025-12-02 17:41:16.894,1440,797
519,"d4bbe4c5-83a9-4f3c-893f-ed7e95438d34","f97814c0-fdd1-4911-ae4f-aa1459d6fa5b","task-2","sp_beosound_explore","leave",21497,22347,850,2025-12-02 17:41:16.894,2025-12-02 17:41:17.744,1440,797
520,"d4bbe4c5-83a9-4f3c-893f-ed7e95438d34","f97814c0-fdd1-4911-ae4f-aa1459d6fa5b","task-2","sp_bose_flex","leave",22347,25663,3316,2025-12-02 17:41:17.745,2025-12-02 17:41:21.061,1440,797
521,"d4bbe4c5-83a9-4f3c-893f-ed7e95438d34","f97814c0-fdd1-4911-ae4f-aa1459d6fa5b","task-2","sp_jbl_charge5","leave",25680,26330,650,2025-12-02 17:41:21.077,2025-12-02 17:41:21.727,1440,797
522,"d4bbe4c5-83a9-4f3c-893f-ed7e95438d34","f97814c0-fdd1-4911-ae4f-aa1459d6fa5b","task-2","sp_jbl_charge5","leave",31446,31514,68,2025-12-02 17:41:26.843,2025-12-02 17:41:26.911,1440,797
523,"d4bbe4c5-83a9-4f3c-893f-ed7e95438d34","f97814c0-fdd1-4911-ae4f-aa1459d6fa5b","task-2","sp_beosound_explore","leave",31514,36863,5349,2025-12-02 17:41:26.912,2025-12-02 17:41:32.261,1440,797
524,"d4bbe4c5-83a9-4f3c-893f-ed7e95438d34","f97814c0-fdd1-4911-ae4f-aa1459d6fa5b","task-2","sp_sonos_era100","leave",36864,36901,37,2025-12-02 17:41:32.262,2025-12-02 17:41:32.299,1440,797
525,"d4bbe4c5-83a9-4f3c-893f-ed7e95438d34","f97814c0-fdd1-4911-ae4f-aa1459d6fa5b","task-2","sp_sonos_era100","leave",37197,39846,2649,2025-12-02 17:41:32.595,2025-12-02 17:41:35.244,1440,797
526,"d4bbe4c5-83a9-4f3c-893f-ed7e95438d34","f97814c0-fdd1-4911-ae4f-aa1459d6fa5b","task-2","sp_bose_flex","leave",39847,39881,34,2025-12-02 17:41:35.244,2025-12-02 17:41:35.278,1440,797
527,"d4bbe4c5-83a9-4f3c-893f-ed7e95438d34","f97814c0-fdd1-4911-ae4f-aa1459d6fa5b","task-2","sp_beosound_explore","leave",39897,39913,16,2025-12-02 17:41:35.294,2025-12-02 17:41:35.311,1440,797
528,"d4bbe4c5-83a9-4f3c-893f-ed7e95438d34","f97814c0-fdd1-4911-ae4f-aa1459d6fa5b","task-2","sp_jbl_charge5","leave",39913,40030,117,2025-12-02 17:41:35.311,2025-12-02 17:41:35.427,1440,797
529,"cc9146a3-2aa3-4309-a7b5-b9c29b926428","41d30187-dfd3-43cd-8504-1e8c11db983d","task-2","det_weisser","leave",463,1836,1373,2025-12-02 17:51:56.756,2025-12-02 17:51:58.129,1050,713
530,"cc9146a3-2aa3-4309-a7b5-b9c29b926428","41d30187-dfd3-43cd-8504-1e8c11db983d","task-2","det_denkmit","leave",1839,3334,1495,2025-12-02 17:51:58.132,2025-12-02 17:51:59.626,1050,713
531,"cc9146a3-2aa3-4309-a7b5-b9c29b926428","41d30187-dfd3-43cd-8504-1e8c11db983d","task-2","det_weisser","leave",3334,4010,676,2025-12-02 17:51:59.626,2025-12-02 17:52:00.302,1050,713
532,"cc9146a3-2aa3-4309-a7b5-b9c29b926428","41d30187-dfd3-43cd-8504-1e8c11db983d","task-2","det_weisser","leave",14985,15567,582,2025-12-02 17:52:11.276,2025-12-02 17:52:11.859,1050,713
533,"cc9146a3-2aa3-4309-a7b5-b9c29b926428","41d30187-dfd3-43cd-8504-1e8c11db983d","task-2","det_ecover","leave",15568,16192,624,2025-12-02 17:52:11.859,2025-12-02 17:52:12.484,1050,713
534,"cc9146a3-2aa3-4309-a7b5-b9c29b926428","41d30187-dfd3-43cd-8504-1e8c11db983d","task-2","det_denkmit","leave",16209,18710,2501,2025-12-02 17:52:12.501,2025-12-02 17:52:15.002,1050,713
535,"cc9146a3-2aa3-4309-a7b5-b9c29b926428","41d30187-dfd3-43cd-8504-1e8c11db983d","task-2","det_lenor","leave",18755,20117,1362,2025-12-02 17:52:15.046,2025-12-02 17:52:16.409,1050,713
536,"cc9146a3-2aa3-4309-a7b5-b9c29b926428","41d30187-dfd3-43cd-8504-1e8c11db983d","task-2","det_persil","leave",20118,20863,745,2025-12-02 17:52:16.409,2025-12-02 17:52:17.154,1050,713
537,"cc9146a3-2aa3-4309-a7b5-b9c29b926428","41d30187-dfd3-43cd-8504-1e8c11db983d","task-2","det_ecover","leave",20871,23384,2513,2025-12-02 17:52:17.163,2025-12-02 17:52:19.675,1050,713
538,"cc9146a3-2aa3-4309-a7b5-b9c29b926428","41d30187-dfd3-43cd-8504-1e8c11db983d","task-2","det_denkmit","leave",23384,24451,1067,2025-12-02 17:52:19.676,2025-12-02 17:52:20.742,1050,713
539,"cc9146a3-2aa3-4309-a7b5-b9c29b926428","41d30187-dfd3-43cd-8504-1e8c11db983d","task-2","det_weisser","leave",24452,25016,564,2025-12-02 17:52:20.743,2025-12-02 17:52:21.307,1050,713
540,"cc9146a3-2aa3-4309-a7b5-b9c29b926428","41d30187-dfd3-43cd-8504-1e8c11db983d","task-2","det_denkmit","leave",25018,25161,143,2025-12-02 17:52:21.309,2025-12-02 17:52:21.452,1050,713
541,"cc9146a3-2aa3-4309-a7b5-b9c29b926428","41d30187-dfd3-43cd-8504-1e8c11db983d","task-2","det_ecover","leave",25166,26550,1384,2025-12-02 17:52:21.457,2025-12-02 17:52:22.841,1050,713
542,"cc9146a3-2aa3-4309-a7b5-b9c29b926428","41d30187-dfd3-43cd-8504-1e8c11db983d","task-2","det_denkmit","leave",26551,26804,253,2025-12-02 17:52:22.842,2025-12-02 17:52:23.095,1050,713
543,"cc9146a3-2aa3-4309-a7b5-b9c29b926428","41d30187-dfd3-43cd-8504-1e8c11db983d","task-2","det_denkmit","leave",27527,28595,1068,2025-12-02 17:52:23.818,2025-12-02 17:52:24.886,1050,713
553,"00401c88-df99-482c-b197-8caff443ec06","51eeb71d-7fb3-47dc-ae2a-00e20701fa68","task-2","sp_jbl_charge5","switch",2480,3165,685,2025-12-02 20:47:14.817,2025-12-02 20:47:15.502,393,741
554,"00401c88-df99-482c-b197-8caff443ec06","51eeb71d-7fb3-47dc-ae2a-00e20701fa68","task-2","sp_kilburn2","switch",3165,4195,1030,2025-12-02 20:47:15.502,2025-12-02 20:47:16.532,393,741
555,"00401c88-df99-482c-b197-8caff443ec06","51eeb71d-7fb3-47dc-ae2a-00e20701fa68","task-2","sp_jbl_charge5","leave",7173,7255,82,2025-12-02 20:47:19.509,2025-12-02 20:47:19.592,393,654
556,"00401c88-df99-482c-b197-8caff443ec06","51eeb71d-7fb3-47dc-ae2a-00e20701fa68","task-2","sp_jbl_charge5","switch",34701,35251,550,2025-12-02 20:47:47.037,2025-12-02 20:47:47.588,393,741
557,"00401c88-df99-482c-b197-8caff443ec06","51eeb71d-7fb3-47dc-ae2a-00e20701fa68","task-2","sp_kilburn2","switch",36348,37332,984,2025-12-02 20:47:48.685,2025-12-02 20:47:49.668,393,741
558,"00401c88-df99-482c-b197-8caff443ec06","51eeb71d-7fb3-47dc-ae2a-00e20701fa68","task-2","sp_boom4","switch",38029,39030,1001,2025-12-02 20:47:50.365,2025-12-02 20:47:51.366,393,741
559,"00401c88-df99-482c-b197-8caff443ec06","51eeb71d-7fb3-47dc-ae2a-00e20701fa68","task-2","sp_bose_flex","switch",39030,42142,3112,2025-12-02 20:47:51.366,2025-12-02 20:47:54.478,393,741
560,"00401c88-df99-482c-b197-8caff443ec06","51eeb71d-7fb3-47dc-ae2a-00e20701fa68","task-2","sp_beosound_explore","switch",42142,44287,2145,2025-12-02 20:47:54.478,2025-12-02 20:47:56.624,393,741
561,"00401c88-df99-482c-b197-8caff443ec06","51eeb71d-7fb3-47dc-ae2a-00e20701fa68","task-2","sp_sonos_era100","leave",46298,46526,228,2025-12-02 20:47:58.635,2025-12-02 20:47:58.863,393,741
562,"00401c88-df99-482c-b197-8caff443ec06","51eeb71d-7fb3-47dc-ae2a-00e20701fa68","task-2","sp_beosound_explore","leave",47582,47676,94,2025-12-02 20:47:59.918,2025-12-02 20:48:00.012,393,741
563,"00401c88-df99-482c-b197-8caff443ec06","51eeb71d-7fb3-47dc-ae2a-00e20701fa68","task-2","sp_sonos_era100","switch",55834,57799,1965,2025-12-02 20:48:08.17,2025-12-02 20:48:10.135,393,741
564,"00401c88-df99-482c-b197-8caff443ec06","51eeb71d-7fb3-47dc-ae2a-00e20701fa68","task-2","sp_beosound_explore","switch",57799,59479,1680,2025-12-02 20:48:10.135,2025-12-02 20:48:11.816,393,741
565,"00401c88-df99-482c-b197-8caff443ec06","51eeb71d-7fb3-47dc-ae2a-00e20701fa68","task-2","sp_sonos_era100","switch",59479,71563,12084,2025-12-02 20:48:11.816,2025-12-02 20:48:23.899,393,654
566,"00401c88-df99-482c-b197-8caff443ec06","51eeb71d-7fb3-47dc-ae2a-00e20701fa68","task-2","sp_bose_flex","switch",76687,78968,2281,2025-12-02 20:48:29.023,2025-12-02 20:48:31.304,393,654
567,"00401c88-df99-482c-b197-8caff443ec06","51eeb71d-7fb3-47dc-ae2a-00e20701fa68","task-2","sp_boom4","switch",80416,81198,782,2025-12-02 20:48:32.751,2025-12-02 20:48:33.534,393,654
568,"00401c88-df99-482c-b197-8caff443ec06","51eeb71d-7fb3-47dc-ae2a-00e20701fa68","task-2","sp_kilburn2","switch",82228,82996,768,2025-12-02 20:48:34.564,2025-12-02 20:48:35.332,393,654
569,"00401c88-df99-482c-b197-8caff443ec06","51eeb71d-7fb3-47dc-ae2a-00e20701fa68","task-2","sp_jbl_charge5","switch",82996,84910,1914,2025-12-02 20:48:35.332,2025-12-02 20:48:37.246,393,654
570,"00401c88-df99-482c-b197-8caff443ec06","51eeb71d-7fb3-47dc-ae2a-00e20701fa68","task-2","sp_kilburn2","switch",84910,86375,1465,2025-12-02 20:48:37.246,2025-12-02 20:48:38.71,393,741
571,"00401c88-df99-482c-b197-8caff443ec06","51eeb71d-7fb3-47dc-ae2a-00e20701fa68","task-2","sp_boom4","switch",86375,86957,582,2025-12-02 20:48:38.71,2025-12-02 20:48:39.292,393,741
572,"00401c88-df99-482c-b197-8caff443ec06","51eeb71d-7fb3-47dc-ae2a-00e20701fa68","task-2","sp_bose_flex","switch",88219,89752,1533,2025-12-02 20:48:40.555,2025-12-02 20:48:42.088,393,741
573,"00401c88-df99-482c-b197-8caff443ec06","51eeb71d-7fb3-47dc-ae2a-00e20701fa68","task-2","sp_boom4","switch",89752,90768,1016,2025-12-02 20:48:42.088,2025-12-02 20:48:43.103,393,654
574,"00401c88-df99-482c-b197-8caff443ec06","51eeb71d-7fb3-47dc-ae2a-00e20701fa68","task-2","sp_jbl_charge5","switch",90767,94729,3962,2025-12-02 20:48:43.103,2025-12-02 20:48:47.064,393,654
575,"00401c88-df99-482c-b197-8caff443ec06","51eeb71d-7fb3-47dc-ae2a-00e20701fa68","task-2","sp_kilburn2","switch",94729,95394,665,2025-12-02 20:48:47.064,2025-12-02 20:48:47.73,393,741
576,"00401c88-df99-482c-b197-8caff443ec06","51eeb71d-7fb3-47dc-ae2a-00e20701fa68","task-2","sp_boom4","leave",95394,95440,46,2025-12-02 20:48:47.73,2025-12-02 20:48:47.775,393,741
577,"00401c88-df99-482c-b197-8caff443ec06","51eeb71d-7fb3-47dc-ae2a-00e20701fa68","task-2","sp_sonos_era100","switch",97141,100288,3147,2025-12-02 20:48:49.477,2025-12-02 20:48:52.623,393,741
578,"00401c88-df99-482c-b197-8caff443ec06","51eeb71d-7fb3-47dc-ae2a-00e20701fa68","task-2","sp_beosound_explore","switch",100288,101984,1696,2025-12-02 20:48:52.623,2025-12-02 20:48:54.32,393,654
579,"00401c88-df99-482c-b197-8caff443ec06","51eeb71d-7fb3-47dc-ae2a-00e20701fa68","task-2","sp_bose_flex","switch",101984,102751,767,2025-12-02 20:48:54.32,2025-12-02 20:48:55.086,393,654
580,"00401c88-df99-482c-b197-8caff443ec06","51eeb71d-7fb3-47dc-ae2a-00e20701fa68","task-2","sp_boom4","end_task",102751,108245,5494,2025-12-02 20:48:55.086,2025-12-02 20:49:00.581,393,741
581,"a9a810bb-ba8b-436f-a0d0-c95c59589916","708db045-62f6-4722-b354-0cd16fac4d4a","task-2","det_ariel","leave",178,12116,11938,2025-12-02 22:02:50.763,2025-12-02 22:03:02.701,1512,861
582,"a9a810bb-ba8b-436f-a0d0-c95c59589916","708db045-62f6-4722-b354-0cd16fac4d4a","task-2","det_weisser","leave",12124,13404,1280,2025-12-02 22:03:02.709,2025-12-02 22:03:03.988,1512,861
583,"a9a810bb-ba8b-436f-a0d0-c95c59589916","708db045-62f6-4722-b354-0cd16fac4d4a","task-2","det_ariel","leave",13412,16404,2992,2025-12-02 22:03:03.997,2025-12-02 22:03:06.988,1512,861
584,"a9a810bb-ba8b-436f-a0d0-c95c59589916","708db045-62f6-4722-b354-0cd16fac4d4a","task-2","det_weisser","leave",16412,17604,1192,2025-12-02 22:03:06.997,2025-12-02 22:03:08.188,1512,861
585,"a9a810bb-ba8b-436f-a0d0-c95c59589916","708db045-62f6-4722-b354-0cd16fac4d4a","task-2","det_persil","leave",17604,19591,1987,2025-12-02 22:03:08.189,2025-12-02 22:03:10.176,1512,861
586,"a9a810bb-ba8b-436f-a0d0-c95c59589916","708db045-62f6-4722-b354-0cd16fac4d4a","task-2","det_weisser","leave",19592,20500,908,2025-12-02 22:03:10.177,2025-12-02 22:03:11.085,1512,861
587,"a9a810bb-ba8b-436f-a0d0-c95c59589916","708db045-62f6-4722-b354-0cd16fac4d4a","task-2","det_ariel","leave",20501,21583,1082,2025-12-02 22:03:11.085,2025-12-02 22:03:12.167,1512,861
588,"a9a810bb-ba8b-436f-a0d0-c95c59589916","708db045-62f6-4722-b354-0cd16fac4d4a","task-2","det_weisser","leave",21600,23141,1541,2025-12-02 22:03:12.184,2025-12-02 22:03:13.726,1512,861
589,"a9a810bb-ba8b-436f-a0d0-c95c59589916","708db045-62f6-4722-b354-0cd16fac4d4a","task-2","det_persil","leave",23142,23174,32,2025-12-02 22:03:13.726,2025-12-02 22:03:13.759,1512,861
590,"a9a810bb-ba8b-436f-a0d0-c95c59589916","708db045-62f6-4722-b354-0cd16fac4d4a","task-2","det_denkmit","leave",23191,28503,5312,2025-12-02 22:03:13.775,2025-12-02 22:03:19.088,1512,861
591,"a9a810bb-ba8b-436f-a0d0-c95c59589916","708db045-62f6-4722-b354-0cd16fac4d4a","task-2","det_lenor","leave",28504,28549,45,2025-12-02 22:03:19.088,2025-12-02 22:03:19.134,1512,861
592,"a9a810bb-ba8b-436f-a0d0-c95c59589916","708db045-62f6-4722-b354-0cd16fac4d4a","task-2","det_ecover","leave",28550,28583,33,2025-12-02 22:03:19.135,2025-12-02 22:03:19.167,1512,861
593,"a9a810bb-ba8b-436f-a0d0-c95c59589916","708db045-62f6-4722-b354-0cd16fac4d4a","task-2","det_ecover","leave",30120,30224,104,2025-12-02 22:03:20.705,2025-12-02 22:03:20.809,1512,861
594,"a9a810bb-ba8b-436f-a0d0-c95c59589916","708db045-62f6-4722-b354-0cd16fac4d4a","task-2","det_lenor","leave",30249,30699,450,2025-12-02 22:03:20.834,2025-12-02 22:03:21.284,1512,861
595,"a9a810bb-ba8b-436f-a0d0-c95c59589916","708db045-62f6-4722-b354-0cd16fac4d4a","task-2","det_ecover","leave",30708,31833,1125,2025-12-02 22:03:21.292,2025-12-02 22:03:22.417,1512,861
596,"9312cfcb-5ccd-4fea-9a80-f14027732f7a","2dc94996-ea7a-44cc-be3b-0bbd7ec42803","task-2","wb_spottle_glass","leave",105,726,621,2025-12-03 10:33:31.47,2025-12-03 10:33:32.092,1280,665
597,"9312cfcb-5ccd-4fea-9a80-f14027732f7a","2dc94996-ea7a-44cc-be3b-0bbd7ec42803","task-2","wb_nalgene","leave",726,1248,522,2025-12-03 10:33:32.092,2025-12-03 10:33:32.614,1280,665
598,"9312cfcb-5ccd-4fea-9a80-f14027732f7a","2dc94996-ea7a-44cc-be3b-0bbd7ec42803","task-2","wb_spottle_glass","leave",1259,12244,10985,2025-12-03 10:33:32.625,2025-12-03 10:33:43.609,1280,665
599,"9312cfcb-5ccd-4fea-9a80-f14027732f7a","2dc94996-ea7a-44cc-be3b-0bbd7ec42803","task-2","wb_24_urban","leave",12245,16429,4184,2025-12-03 10:33:43.61,2025-12-03 10:33:47.795,1280,665
600,"9312cfcb-5ccd-4fea-9a80-f14027732f7a","2dc94996-ea7a-44cc-be3b-0bbd7ec42803","task-2","wb_24_clima","leave",16446,20325,3879,2025-12-03 10:33:47.811,2025-12-03 10:33:51.691,1280,665
601,"9312cfcb-5ccd-4fea-9a80-f14027732f7a","2dc94996-ea7a-44cc-be3b-0bbd7ec42803","task-2","wb_waterdrop_sport","leave",20342,22413,2071,2025-12-03 10:33:51.708,2025-12-03 10:33:53.779,1280,665
602,"9312cfcb-5ccd-4fea-9a80-f14027732f7a","2dc94996-ea7a-44cc-be3b-0bbd7ec42803","task-2","wb_720_nolimit","leave",22425,25724,3299,2025-12-03 10:33:53.791,2025-12-03 10:33:57.089,1280,665
603,"9312cfcb-5ccd-4fea-9a80-f14027732f7a","2dc94996-ea7a-44cc-be3b-0bbd7ec42803","task-2","wb_nalgene","leave",25726,30807,5081,2025-12-03 10:33:57.092,2025-12-03 10:34:02.173,1280,665
604,"9312cfcb-5ccd-4fea-9a80-f14027732f7a","2dc94996-ea7a-44cc-be3b-0bbd7ec42803","task-2","wb_nalgene","leave",30958,30995,37,2025-12-03 10:34:02.324,2025-12-03 10:34:02.36,1280,665
605,"9312cfcb-5ccd-4fea-9a80-f14027732f7a","2dc94996-ea7a-44cc-be3b-0bbd7ec42803","task-2","wb_spottle_glass","leave",30996,35624,4628,2025-12-03 10:34:02.362,2025-12-03 10:34:06.989,1280,665
606,"9312cfcb-5ccd-4fea-9a80-f14027732f7a","2dc94996-ea7a-44cc-be3b-0bbd7ec42803","task-2","wb_24_urban","leave",35641,38507,2866,2025-12-03 10:34:07.007,2025-12-03 10:34:09.873,1280,665
607,"9312cfcb-5ccd-4fea-9a80-f14027732f7a","2dc94996-ea7a-44cc-be3b-0bbd7ec42803","task-2","wb_spottle_glass","leave",38509,41442,2933,2025-12-03 10:34:09.875,2025-12-03 10:34:12.808,1280,665
608,"9312cfcb-5ccd-4fea-9a80-f14027732f7a","2dc94996-ea7a-44cc-be3b-0bbd7ec42803","task-2","wb_nalgene","leave",41446,41523,77,2025-12-03 10:34:12.811,2025-12-03 10:34:12.889,1280,665
609,"9312cfcb-5ccd-4fea-9a80-f14027732f7a","2dc94996-ea7a-44cc-be3b-0bbd7ec42803","task-2","wb_720_nolimit","leave",41774,51240,9466,2025-12-03 10:34:13.139,2025-12-03 10:34:22.606,1280,665
610,"9312cfcb-5ccd-4fea-9a80-f14027732f7a","2dc94996-ea7a-44cc-be3b-0bbd7ec42803","task-2","wb_nalgene","leave",51243,51290,47,2025-12-03 10:34:22.609,2025-12-03 10:34:22.656,1280,665
611,"9312cfcb-5ccd-4fea-9a80-f14027732f7a","2dc94996-ea7a-44cc-be3b-0bbd7ec42803","task-2","wb_24_clima","leave",51306,51690,384,2025-12-03 10:34:22.672,2025-12-03 10:34:23.055,1280,665
612,"9312cfcb-5ccd-4fea-9a80-f14027732f7a","2dc94996-ea7a-44cc-be3b-0bbd7ec42803","task-2","wb_24_urban","leave",51694,52539,845,2025-12-03 10:34:23.059,2025-12-03 10:34:23.905,1280,665
613,"9312cfcb-5ccd-4fea-9a80-f14027732f7a","2dc94996-ea7a-44cc-be3b-0bbd7ec42803","task-2","wb_spottle_glass","leave",52541,58376,5835,2025-12-03 10:34:23.906,2025-12-03 10:34:29.742,1280,665
614,"9312cfcb-5ccd-4fea-9a80-f14027732f7a","2dc94996-ea7a-44cc-be3b-0bbd7ec42803","task-2","wb_24_urban","leave",58378,58640,262,2025-12-03 10:34:29.744,2025-12-03 10:34:30.006,1280,665
615,"4f550c0c-41ce-4a73-a2d3-5560157ea87a","8aef2386-7368-499e-a2c5-f4b5da726020","task-2","det_lenor","leave",699,1630,931,2025-12-03 16:34:38.915,2025-12-03 16:34:39.846,1512,764
616,"4f550c0c-41ce-4a73-a2d3-5560157ea87a","8aef2386-7368-499e-a2c5-f4b5da726020","task-2","det_lenor","leave",4842,8991,4149,2025-12-03 16:34:43.059,2025-12-03 16:34:47.207,1512,764
617,"4f550c0c-41ce-4a73-a2d3-5560157ea87a","8aef2386-7368-499e-a2c5-f4b5da726020","task-2","det_weisser","leave",9008,9103,95,2025-12-03 16:34:47.224,2025-12-03 16:34:47.32,1512,764
618,"4f550c0c-41ce-4a73-a2d3-5560157ea87a","8aef2386-7368-499e-a2c5-f4b5da726020","task-2","det_ecover","leave",9136,11862,2726,2025-12-03 16:34:47.353,2025-12-03 16:34:50.078,1512,764
619,"4f550c0c-41ce-4a73-a2d3-5560157ea87a","8aef2386-7368-499e-a2c5-f4b5da726020","task-2","det_weisser","leave",11863,13395,1532,2025-12-03 16:34:50.079,2025-12-03 16:34:51.611,1512,764
620,"4f550c0c-41ce-4a73-a2d3-5560157ea87a","8aef2386-7368-499e-a2c5-f4b5da726020","task-2","det_lenor","leave",13395,13846,451,2025-12-03 16:34:51.611,2025-12-03 16:34:52.062,1512,764
621,"4f550c0c-41ce-4a73-a2d3-5560157ea87a","8aef2386-7368-499e-a2c5-f4b5da726020","task-2","det_weisser","leave",13846,13895,49,2025-12-03 16:34:52.062,2025-12-03 16:34:52.111,1512,764
622,"4f550c0c-41ce-4a73-a2d3-5560157ea87a","8aef2386-7368-499e-a2c5-f4b5da726020","task-2","det_ecover","leave",13929,15429,1500,2025-12-03 16:34:52.145,2025-12-03 16:34:53.645,1512,764
623,"4f550c0c-41ce-4a73-a2d3-5560157ea87a","8aef2386-7368-499e-a2c5-f4b5da726020","task-2","det_weisser","leave",15429,15464,35,2025-12-03 16:34:53.645,2025-12-03 16:34:53.68,1512,764
624,"4f550c0c-41ce-4a73-a2d3-5560157ea87a","8aef2386-7368-499e-a2c5-f4b5da726020","task-2","det_ariel","leave",15464,18262,2798,2025-12-03 16:34:53.68,2025-12-03 16:34:56.478,1512,764
625,"4f550c0c-41ce-4a73-a2d3-5560157ea87a","8aef2386-7368-499e-a2c5-f4b5da726020","task-2","det_denkmit","leave",18262,18279,17,2025-12-03 16:34:56.478,2025-12-03 16:34:56.495,1512,764
626,"4f550c0c-41ce-4a73-a2d3-5560157ea87a","8aef2386-7368-499e-a2c5-f4b5da726020","task-2","det_ecover","leave",18279,22887,4608,2025-12-03 16:34:56.495,2025-12-03 16:35:01.103,1512,764
627,"4f550c0c-41ce-4a73-a2d3-5560157ea87a","8aef2386-7368-499e-a2c5-f4b5da726020","task-2","det_persil","leave",22903,22937,34,2025-12-03 16:35:01.119,2025-12-03 16:35:01.153,1512,764
628,"4f550c0c-41ce-4a73-a2d3-5560157ea87a","8aef2386-7368-499e-a2c5-f4b5da726020","task-2","det_persil","leave",24021,24653,632,2025-12-03 16:35:02.237,2025-12-03 16:35:02.869,1512,764
629,"a78cc567-daa2-4ca7-97ff-5edc99299982","9aeb0915-3140-4f9c-bc4b-6c5e899eb9da","task-2","bp_pinqponq_purik_cliff","leave",669,1340,671,2025-12-04 12:01:49.705,2025-12-04 12:01:50.376,1912,954
630,"a78cc567-daa2-4ca7-97ff-5edc99299982","9aeb0915-3140-4f9c-bc4b-6c5e899eb9da","task-2","bp_db_daypack_17l","leave",3507,3873,366,2025-12-04 12:01:52.543,2025-12-04 12:01:52.909,1912,954
631,"a78cc567-daa2-4ca7-97ff-5edc99299982","9aeb0915-3140-4f9c-bc4b-6c5e899eb9da","task-2","bp_patagonia_black_hole_micro_22l","leave",3874,4190,316,2025-12-04 12:01:52.91,2025-12-04 12:01:53.226,1912,954
632,"a78cc567-daa2-4ca7-97ff-5edc99299982","9aeb0915-3140-4f9c-bc4b-6c5e899eb9da","task-2","bp_db_daypack_17l","leave",4207,4240,33,2025-12-04 12:01:53.243,2025-12-04 12:01:53.276,1912,954
633,"a78cc567-daa2-4ca7-97ff-5edc99299982","9aeb0915-3140-4f9c-bc4b-6c5e899eb9da","task-2","bp_kapten_helsinki_pro","leave",4257,4407,150,2025-12-04 12:01:53.293,2025-12-04 12:01:53.443,1912,954
634,"a78cc567-daa2-4ca7-97ff-5edc99299982","9aeb0915-3140-4f9c-bc4b-6c5e899eb9da","task-2","bp_pinqponq_purik_cliff","leave",27457,30122,2665,2025-12-04 12:02:16.493,2025-12-04 12:02:19.158,1912,954
635,"a78cc567-daa2-4ca7-97ff-5edc99299982","9aeb0915-3140-4f9c-bc4b-6c5e899eb9da","task-2","bp_pinqponq_purik_cliff","leave",30141,30324,183,2025-12-04 12:02:19.177,2025-12-04 12:02:19.36,1912,954
636,"a78cc567-daa2-4ca7-97ff-5edc99299982","9aeb0915-3140-4f9c-bc4b-6c5e899eb9da","task-2","bp_db_daypack_17l","leave",30326,37975,7649,2025-12-04 12:02:19.362,2025-12-04 12:02:27.011,1912,954
637,"a78cc567-daa2-4ca7-97ff-5edc99299982","9aeb0915-3140-4f9c-bc4b-6c5e899eb9da","task-2","bp_pinqponq_purik_cliff","leave",37991,42774,4783,2025-12-04 12:02:27.027,2025-12-04 12:02:31.81,1912,954
638,"a78cc567-daa2-4ca7-97ff-5edc99299982","9aeb0915-3140-4f9c-bc4b-6c5e899eb9da","task-2","bp_db_daypack_17l","leave",42776,43174,398,2025-12-04 12:02:31.812,2025-12-04 12:02:32.21,1912,954
639,"a78cc567-daa2-4ca7-97ff-5edc99299982","9aeb0915-3140-4f9c-bc4b-6c5e899eb9da","task-2","bp_kapten_helsinki_pro","leave",43176,50258,7082,2025-12-04 12:02:32.212,2025-12-04 12:02:39.294,1912,954
640,"a78cc567-daa2-4ca7-97ff-5edc99299982","9aeb0915-3140-4f9c-bc4b-6c5e899eb9da","task-2","bp_tnf_base_camp_fuse_box","leave",50261,53708,3447,2025-12-04 12:02:39.297,2025-12-04 12:02:42.744,1912,954
641,"a78cc567-daa2-4ca7-97ff-5edc99299982","9aeb0915-3140-4f9c-bc4b-6c5e899eb9da","task-2","bp_kapten_helsinki_pro","leave",53710,54025,315,2025-12-04 12:02:42.746,2025-12-04 12:02:43.061,1912,954
642,"a78cc567-daa2-4ca7-97ff-5edc99299982","9aeb0915-3140-4f9c-bc4b-6c5e899eb9da","task-2","bp_db_daypack_17l","leave",54042,54925,883,2025-12-04 12:02:43.078,2025-12-04 12:02:43.961,1912,954
643,"a78cc567-daa2-4ca7-97ff-5edc99299982","9aeb0915-3140-4f9c-bc4b-6c5e899eb9da","task-2","bp_pinqponq_purik_cliff","leave",54942,56409,1467,2025-12-04 12:02:43.978,2025-12-04 12:02:45.445,1912,954
644,"a78cc567-daa2-4ca7-97ff-5edc99299982","9aeb0915-3140-4f9c-bc4b-6c5e899eb9da","task-2","bp_aevor_trip_pack","leave",56425,58025,1600,2025-12-04 12:02:45.461,2025-12-04 12:02:47.061,1912,954
645,"a78cc567-daa2-4ca7-97ff-5edc99299982","9aeb0915-3140-4f9c-bc4b-6c5e899eb9da","task-2","bp_patagonia_black_hole_micro_22l","leave",58042,72358,14316,2025-12-04 12:02:47.078,2025-12-04 12:03:01.394,1912,954
646,"a78cc567-daa2-4ca7-97ff-5edc99299982","9aeb0915-3140-4f9c-bc4b-6c5e899eb9da","task-2","bp_pinqponq_purik_cliff","leave",72376,73408,1032,2025-12-04 12:03:01.412,2025-12-04 12:03:02.444,1912,954
647,"a78cc567-daa2-4ca7-97ff-5edc99299982","9aeb0915-3140-4f9c-bc4b-6c5e899eb9da","task-2","bp_db_daypack_17l","leave",73411,73842,431,2025-12-04 12:03:02.447,2025-12-04 12:03:02.878,1912,954
648,"a78cc567-daa2-4ca7-97ff-5edc99299982","9aeb0915-3140-4f9c-bc4b-6c5e899eb9da","task-2","bp_kapten_helsinki_pro","leave",73846,75135,1289,2025-12-04 12:03:02.882,2025-12-04 12:03:04.171,1912,954
649,"a78cc567-daa2-4ca7-97ff-5edc99299982","9aeb0915-3140-4f9c-bc4b-6c5e899eb9da","task-2","bp_kapten_helsinki_pro","leave",75159,80659,5500,2025-12-04 12:03:04.195,2025-12-04 12:03:09.695,1912,954
650,"a78cc567-daa2-4ca7-97ff-5edc99299982","9aeb0915-3140-4f9c-bc4b-6c5e899eb9da","task-2","bp_db_daypack_17l","leave",80661,80676,15,2025-12-04 12:03:09.697,2025-12-04 12:03:09.712,1912,954
651,"a78cc567-daa2-4ca7-97ff-5edc99299982","9aeb0915-3140-4f9c-bc4b-6c5e899eb9da","task-2","bp_patagonia_black_hole_micro_22l","leave",80679,80810,131,2025-12-04 12:03:09.715,2025-12-04 12:03:09.846,1912,954
652,"a78cc567-daa2-4ca7-97ff-5edc99299982","9aeb0915-3140-4f9c-bc4b-6c5e899eb9da","task-2","bp_aevor_trip_pack","leave",80827,83176,2349,2025-12-04 12:03:09.863,2025-12-04 12:03:12.212,1912,954
653,"a78cc567-daa2-4ca7-97ff-5edc99299982","9aeb0915-3140-4f9c-bc4b-6c5e899eb9da","task-2","bp_patagonia_black_hole_micro_22l","leave",83179,83343,164,2025-12-04 12:03:12.215,2025-12-04 12:03:12.379,1912,954
654,"a78cc567-daa2-4ca7-97ff-5edc99299982","9aeb0915-3140-4f9c-bc4b-6c5e899eb9da","task-2","bp_aevor_trip_pack","leave",83376,86109,2733,2025-12-04 12:03:12.412,2025-12-04 12:03:15.145,1912,954
655,"a78cc567-daa2-4ca7-97ff-5edc99299982","9aeb0915-3140-4f9c-bc4b-6c5e899eb9da","task-2","bp_patagonia_black_hole_micro_22l","leave",86113,88059,1946,2025-12-04 12:03:15.149,2025-12-04 12:03:17.095,1912,954
656,"a78cc567-daa2-4ca7-97ff-5edc99299982","9aeb0915-3140-4f9c-bc4b-6c5e899eb9da","task-2","bp_aevor_trip_pack","leave",88076,88109,33,2025-12-04 12:03:17.112,2025-12-04 12:03:17.145,1912,954
657,"e23978a4-497e-4324-b061-51d43e85bb39","7d4a763e-d896-4860-93a1-bad23bde6d35","task-2","sp_beosound_explore","leave",64,630,566,2025-12-04 12:18:54.5,2025-12-04 12:18:55.066,1528,828
658,"e23978a4-497e-4324-b061-51d43e85bb39","7d4a763e-d896-4860-93a1-bad23bde6d35","task-2","sp_beosound_explore","leave",1080,13398,12318,2025-12-04 12:18:55.517,2025-12-04 12:19:07.835,1528,828
659,"e23978a4-497e-4324-b061-51d43e85bb39","7d4a763e-d896-4860-93a1-bad23bde6d35","task-2","sp_jbl_charge5","leave",13399,13431,32,2025-12-04 12:19:07.835,2025-12-04 12:19:07.868,1528,828
660,"e23978a4-497e-4324-b061-51d43e85bb39","7d4a763e-d896-4860-93a1-bad23bde6d35","task-2","sp_bose_flex","leave",15000,15934,934,2025-12-04 12:19:09.436,2025-12-04 12:19:10.371,1528,828
661,"e23978a4-497e-4324-b061-51d43e85bb39","7d4a763e-d896-4860-93a1-bad23bde6d35","task-2","sp_jbl_charge5","leave",19356,24696,5340,2025-12-04 12:19:13.792,2025-12-04 12:19:19.133,1528,828
662,"e23978a4-497e-4324-b061-51d43e85bb39","7d4a763e-d896-4860-93a1-bad23bde6d35","task-2","sp_beosound_explore","leave",24714,24730,16,2025-12-04 12:19:19.15,2025-12-04 12:19:19.167,1528,828
663,"e23978a4-497e-4324-b061-51d43e85bb39","7d4a763e-d896-4860-93a1-bad23bde6d35","task-2","sp_boom4","leave",24731,26249,1518,2025-12-04 12:19:19.168,2025-12-04 12:19:20.685,1528,828
664,"e23978a4-497e-4324-b061-51d43e85bb39","7d4a763e-d896-4860-93a1-bad23bde6d35","task-2","sp_sonos_era100","leave",26249,27150,901,2025-12-04 12:19:20.686,2025-12-04 12:19:21.586,1528,828
665,"e23978a4-497e-4324-b061-51d43e85bb39","7d4a763e-d896-4860-93a1-bad23bde6d35","task-2","sp_bose_flex","leave",27151,28368,1217,2025-12-04 12:19:21.587,2025-12-04 12:19:22.805,1528,828
666,"e23978a4-497e-4324-b061-51d43e85bb39","7d4a763e-d896-4860-93a1-bad23bde6d35","task-2","sp_kilburn2","leave",28385,28685,300,2025-12-04 12:19:22.822,2025-12-04 12:19:23.122,1528,828
667,"e23978a4-497e-4324-b061-51d43e85bb39","7d4a763e-d896-4860-93a1-bad23bde6d35","task-2","sp_jbl_charge5","leave",28702,32791,4089,2025-12-04 12:19:23.139,2025-12-04 12:19:27.228,1528,828
668,"e23978a4-497e-4324-b061-51d43e85bb39","7d4a763e-d896-4860-93a1-bad23bde6d35","task-2","sp_kilburn2","leave",32808,32875,67,2025-12-04 12:19:27.244,2025-12-04 12:19:27.312,1528,828
669,"e23978a4-497e-4324-b061-51d43e85bb39","7d4a763e-d896-4860-93a1-bad23bde6d35","task-2","sp_boom4","leave",32892,39751,6859,2025-12-04 12:19:27.328,2025-12-04 12:19:34.187,1528,828
670,"e23978a4-497e-4324-b061-51d43e85bb39","7d4a763e-d896-4860-93a1-bad23bde6d35","task-2","sp_kilburn2","leave",39768,39818,50,2025-12-04 12:19:34.204,2025-12-04 12:19:34.255,1528,828
671,"e23978a4-497e-4324-b061-51d43e85bb39","7d4a763e-d896-4860-93a1-bad23bde6d35","task-2","sp_jbl_charge5","leave",39835,45125,5290,2025-12-04 12:19:34.271,2025-12-04 12:19:39.562,1528,828
672,"e23978a4-497e-4324-b061-51d43e85bb39","7d4a763e-d896-4860-93a1-bad23bde6d35","task-2","sp_kilburn2","leave",45127,45159,32,2025-12-04 12:19:39.564,2025-12-04 12:19:39.595,1528,828
673,"e23978a4-497e-4324-b061-51d43e85bb39","7d4a763e-d896-4860-93a1-bad23bde6d35","task-2","sp_boom4","leave",45160,49464,4304,2025-12-04 12:19:39.596,2025-12-04 12:19:43.901,1528,828
674,"e23978a4-497e-4324-b061-51d43e85bb39","7d4a763e-d896-4860-93a1-bad23bde6d35","task-2","sp_kilburn2","leave",49466,49548,82,2025-12-04 12:19:43.903,2025-12-04 12:19:43.985,1528,828
675,"e23978a4-497e-4324-b061-51d43e85bb39","7d4a763e-d896-4860-93a1-bad23bde6d35","task-2","sp_jbl_charge5","leave",50449,55222,4773,2025-12-04 12:19:44.886,2025-12-04 12:19:49.659,1528,828
676,"e23978a4-497e-4324-b061-51d43e85bb39","7d4a763e-d896-4860-93a1-bad23bde6d35","task-2","sp_jbl_charge5","leave",58494,59245,751,2025-12-04 12:19:52.93,2025-12-04 12:19:53.681,1528,828
677,"e23978a4-497e-4324-b061-51d43e85bb39","7d4a763e-d896-4860-93a1-bad23bde6d35","task-2","sp_kilburn2","leave",59247,59312,65,2025-12-04 12:19:53.684,2025-12-04 12:19:53.749,1528,828
678,"e23978a4-497e-4324-b061-51d43e85bb39","7d4a763e-d896-4860-93a1-bad23bde6d35","task-2","sp_bose_flex","leave",59313,61214,1901,2025-12-04 12:19:53.75,2025-12-04 12:19:55.651,1528,828
679,"e23978a4-497e-4324-b061-51d43e85bb39","7d4a763e-d896-4860-93a1-bad23bde6d35","task-2","sp_kilburn2","leave",61216,61315,99,2025-12-04 12:19:55.653,2025-12-04 12:19:55.751,1528,828
680,"e23978a4-497e-4324-b061-51d43e85bb39","7d4a763e-d896-4860-93a1-bad23bde6d35","task-2","sp_jbl_charge5","leave",61317,63134,1817,2025-12-04 12:19:55.753,2025-12-04 12:19:57.57,1528,828
681,"d2fb7dee-0c44-44be-bb88-8c362e290690","4b735901-9e3e-43de-8dd8-54e74dcf0910","task-2","wb_24_urban","leave",76,1086,1010,2025-12-04 12:28:31.759,2025-12-04 12:28:32.769,1874,922
682,"d2fb7dee-0c44-44be-bb88-8c362e290690","4b735901-9e3e-43de-8dd8-54e74dcf0910","task-2","wb_24_urban","leave",10584,19147,8563,2025-12-04 12:28:42.266,2025-12-04 12:28:50.829,1874,922
683,"d2fb7dee-0c44-44be-bb88-8c362e290690","4b735901-9e3e-43de-8dd8-54e74dcf0910","task-2","wb_waterdrop_sport","leave",19148,26358,7210,2025-12-04 12:28:50.83,2025-12-04 12:28:58.04,1874,922
684,"d2fb7dee-0c44-44be-bb88-8c362e290690","4b735901-9e3e-43de-8dd8-54e74dcf0910","task-2","wb_24_clima","leave",26359,30665,4306,2025-12-04 12:28:58.041,2025-12-04 12:29:02.347,1874,922
685,"d2fb7dee-0c44-44be-bb88-8c362e290690","4b735901-9e3e-43de-8dd8-54e74dcf0910","task-2","wb_nalgene","leave",30666,31800,1134,2025-12-04 12:29:02.348,2025-12-04 12:29:03.482,1874,922
686,"d2fb7dee-0c44-44be-bb88-8c362e290690","4b735901-9e3e-43de-8dd8-54e74dcf0910","task-2","wb_spottle_glass","leave",31800,33786,1986,2025-12-04 12:29:03.483,2025-12-04 12:29:05.468,1874,922
687,"d2fb7dee-0c44-44be-bb88-8c362e290690","4b735901-9e3e-43de-8dd8-54e74dcf0910","task-2","wb_720_nolimit","leave",33787,38810,5023,2025-12-04 12:29:05.469,2025-12-04 12:29:10.493,1874,922
688,"d2fb7dee-0c44-44be-bb88-8c362e290690","4b735901-9e3e-43de-8dd8-54e74dcf0910","task-2","wb_24_clima","leave",39077,40296,1219,2025-12-04 12:29:10.76,2025-12-04 12:29:11.978,1874,922
689,"d2fb7dee-0c44-44be-bb88-8c362e290690","4b735901-9e3e-43de-8dd8-54e74dcf0910","task-2","wb_nalgene","leave",40480,40547,67,2025-12-04 12:29:12.162,2025-12-04 12:29:12.229,1874,922
690,"d2fb7dee-0c44-44be-bb88-8c362e290690","4b735901-9e3e-43de-8dd8-54e74dcf0910","task-2","wb_720_nolimit","end_task",41801,42093,292,2025-12-04 12:29:13.483,2025-12-04 12:29:13.776,1874,922
691,"057b88f0-2e69-4413-97c9-747a9eb5698e","f8350255-0cb7-49ec-a1ed-f6d608da537a","task-2","det_lenor","leave",71,3891,3820,2025-12-04 12:34:12.202,2025-12-04 12:34:16.02,1152,891
692,"057b88f0-2e69-4413-97c9-747a9eb5698e","f8350255-0cb7-49ec-a1ed-f6d608da537a","task-2","det_ariel","leave",3892,4811,919,2025-12-04 12:34:16.021,2025-12-04 12:34:16.941,1152,891
693,"057b88f0-2e69-4413-97c9-747a9eb5698e","f8350255-0cb7-49ec-a1ed-f6d608da537a","task-2","det_lenor","leave",4812,7990,3178,2025-12-04 12:34:16.942,2025-12-04 12:34:20.121,1152,891
694,"057b88f0-2e69-4413-97c9-747a9eb5698e","f8350255-0cb7-49ec-a1ed-f6d608da537a","task-2","det_ariel","leave",7991,11371,3380,2025-12-04 12:34:20.122,2025-12-04 12:34:23.5,1152,891
695,"057b88f0-2e69-4413-97c9-747a9eb5698e","f8350255-0cb7-49ec-a1ed-f6d608da537a","task-2","det_denkmit","leave",11404,12640,1236,2025-12-04 12:34:23.534,2025-12-04 12:34:24.77,1152,891
696,"057b88f0-2e69-4413-97c9-747a9eb5698e","f8350255-0cb7-49ec-a1ed-f6d608da537a","task-2","det_ariel","leave",12706,13368,662,2025-12-04 12:34:24.837,2025-12-04 12:34:25.498,1152,891
697,"057b88f0-2e69-4413-97c9-747a9eb5698e","f8350255-0cb7-49ec-a1ed-f6d608da537a","task-2","det_ecover","leave",13391,14125,734,2025-12-04 12:34:25.521,2025-12-04 12:34:26.255,1152,891
698,"057b88f0-2e69-4413-97c9-747a9eb5698e","f8350255-0cb7-49ec-a1ed-f6d608da537a","task-2","det_denkmit","leave",14126,14742,616,2025-12-04 12:34:26.257,2025-12-04 12:34:26.873,1152,891
699,"057b88f0-2e69-4413-97c9-747a9eb5698e","f8350255-0cb7-49ec-a1ed-f6d608da537a","task-2","det_weisser","leave",14760,15611,851,2025-12-04 12:34:26.89,2025-12-04 12:34:27.741,1152,891
700,"057b88f0-2e69-4413-97c9-747a9eb5698e","f8350255-0cb7-49ec-a1ed-f6d608da537a","task-2","det_denkmit","leave",15627,16262,635,2025-12-04 12:34:27.758,2025-12-04 12:34:28.393,1152,891
701,"057b88f0-2e69-4413-97c9-747a9eb5698e","f8350255-0cb7-49ec-a1ed-f6d608da537a","task-2","det_weisser","leave",16279,17064,785,2025-12-04 12:34:28.409,2025-12-04 12:34:29.194,1152,891
702,"057b88f0-2e69-4413-97c9-747a9eb5698e","f8350255-0cb7-49ec-a1ed-f6d608da537a","task-2","det_denkmit","leave",17097,18069,972,2025-12-04 12:34:29.226,2025-12-04 12:34:30.2,1152,891
703,"057b88f0-2e69-4413-97c9-747a9eb5698e","f8350255-0cb7-49ec-a1ed-f6d608da537a","task-2","det_weisser","leave",18098,19899,1801,2025-12-04 12:34:30.228,2025-12-04 12:34:32.029,1152,891
704,"057b88f0-2e69-4413-97c9-747a9eb5698e","f8350255-0cb7-49ec-a1ed-f6d608da537a","task-2","det_denkmit","leave",19900,20435,535,2025-12-04 12:34:32.029,2025-12-04 12:34:32.566,1152,891
705,"057b88f0-2e69-4413-97c9-747a9eb5698e","f8350255-0cb7-49ec-a1ed-f6d608da537a","task-2","det_weisser","leave",20436,20853,417,2025-12-04 12:34:32.566,2025-12-04 12:34:32.983,1152,891
706,"057b88f0-2e69-4413-97c9-747a9eb5698e","f8350255-0cb7-49ec-a1ed-f6d608da537a","task-2","det_denkmit","leave",20854,21287,433,2025-12-04 12:34:32.984,2025-12-04 12:34:33.417,1152,891
707,"057b88f0-2e69-4413-97c9-747a9eb5698e","f8350255-0cb7-49ec-a1ed-f6d608da537a","task-2","det_ariel","leave",21304,23190,1886,2025-12-04 12:34:33.434,2025-12-04 12:34:35.32,1152,891
708,"057b88f0-2e69-4413-97c9-747a9eb5698e","f8350255-0cb7-49ec-a1ed-f6d608da537a","task-2","det_lenor","leave",23191,23741,550,2025-12-04 12:34:35.321,2025-12-04 12:34:35.871,1152,891
709,"057b88f0-2e69-4413-97c9-747a9eb5698e","f8350255-0cb7-49ec-a1ed-f6d608da537a","task-2","det_persil","leave",23758,25544,1786,2025-12-04 12:34:35.888,2025-12-04 12:34:37.675,1152,891
710,"057b88f0-2e69-4413-97c9-747a9eb5698e","f8350255-0cb7-49ec-a1ed-f6d608da537a","task-2","det_ariel","leave",25560,25995,435,2025-12-04 12:34:37.69,2025-12-04 12:34:38.125,1152,891
711,"057b88f0-2e69-4413-97c9-747a9eb5698e","f8350255-0cb7-49ec-a1ed-f6d608da537a","task-2","det_lenor","leave",25995,27965,1970,2025-12-04 12:34:38.126,2025-12-04 12:34:40.095,1152,891
712,"057b88f0-2e69-4413-97c9-747a9eb5698e","f8350255-0cb7-49ec-a1ed-f6d608da537a","task-2","det_persil","leave",27966,27982,16,2025-12-04 12:34:40.095,2025-12-04 12:34:40.112,1152,891
713,"057b88f0-2e69-4413-97c9-747a9eb5698e","f8350255-0cb7-49ec-a1ed-f6d608da537a","task-2","det_denkmit","leave",27982,28048,66,2025-12-04 12:34:40.112,2025-12-04 12:34:40.178,1152,891
714,"057b88f0-2e69-4413-97c9-747a9eb5698e","f8350255-0cb7-49ec-a1ed-f6d608da537a","task-2","det_weisser","leave",28049,31954,3905,2025-12-04 12:34:40.179,2025-12-04 12:34:44.084,1152,891
715,"057b88f0-2e69-4413-97c9-747a9eb5698e","f8350255-0cb7-49ec-a1ed-f6d608da537a","task-2","det_ecover","leave",31955,31988,33,2025-12-04 12:34:44.085,2025-12-04 12:34:44.118,1152,891
716,"057b88f0-2e69-4413-97c9-747a9eb5698e","f8350255-0cb7-49ec-a1ed-f6d608da537a","task-2","det_ariel","leave",31989,32038,49,2025-12-04 12:34:44.118,2025-12-04 12:34:44.168,1152,891
717,"057b88f0-2e69-4413-97c9-747a9eb5698e","f8350255-0cb7-49ec-a1ed-f6d608da537a","task-2","det_lenor","leave",32038,33457,1419,2025-12-04 12:34:44.169,2025-12-04 12:34:45.587,1152,891
718,"057b88f0-2e69-4413-97c9-747a9eb5698e","f8350255-0cb7-49ec-a1ed-f6d608da537a","task-2","det_ariel","leave",33474,33490,16,2025-12-04 12:34:45.604,2025-12-04 12:34:45.621,1152,891
719,"057b88f0-2e69-4413-97c9-747a9eb5698e","f8350255-0cb7-49ec-a1ed-f6d608da537a","task-2","det_denkmit","leave",33507,33875,368,2025-12-04 12:34:45.637,2025-12-04 12:34:46.005,1152,891
720,"057b88f0-2e69-4413-97c9-747a9eb5698e","f8350255-0cb7-49ec-a1ed-f6d608da537a","task-2","det_weisser","leave",33876,33891,15,2025-12-04 12:34:46.006,2025-12-04 12:34:46.021,1152,891
721,"057b88f0-2e69-4413-97c9-747a9eb5698e","f8350255-0cb7-49ec-a1ed-f6d608da537a","task-2","det_ecover","leave",33892,35027,1135,2025-12-04 12:34:46.022,2025-12-04 12:34:47.157,1152,891
722,"057b88f0-2e69-4413-97c9-747a9eb5698e","f8350255-0cb7-49ec-a1ed-f6d608da537a","task-2","det_weisser","leave",35028,35176,148,2025-12-04 12:34:47.158,2025-12-04 12:34:47.306,1152,891
723,"057b88f0-2e69-4413-97c9-747a9eb5698e","f8350255-0cb7-49ec-a1ed-f6d608da537a","task-2","det_denkmit","leave",35177,35343,166,2025-12-04 12:34:47.308,2025-12-04 12:34:47.473,1152,891
724,"057b88f0-2e69-4413-97c9-747a9eb5698e","f8350255-0cb7-49ec-a1ed-f6d608da537a","task-2","det_persil","leave",35744,37680,1936,2025-12-04 12:34:47.874,2025-12-04 12:34:49.81,1152,891
725,"057b88f0-2e69-4413-97c9-747a9eb5698e","f8350255-0cb7-49ec-a1ed-f6d608da537a","task-2","det_denkmit","leave",37697,38616,919,2025-12-04 12:34:49.827,2025-12-04 12:34:50.745,1152,891
726,"057b88f0-2e69-4413-97c9-747a9eb5698e","f8350255-0cb7-49ec-a1ed-f6d608da537a","task-2","det_persil","leave",38632,39299,667,2025-12-04 12:34:50.763,2025-12-04 12:34:51.429,1152,891
727,"057b88f0-2e69-4413-97c9-747a9eb5698e","f8350255-0cb7-49ec-a1ed-f6d608da537a","task-2","det_denkmit","leave",39317,39350,33,2025-12-04 12:34:51.447,2025-12-04 12:34:51.48,1152,891
728,"057b88f0-2e69-4413-97c9-747a9eb5698e","f8350255-0cb7-49ec-a1ed-f6d608da537a","task-2","det_ariel","leave",39351,40084,733,2025-12-04 12:34:51.482,2025-12-04 12:34:52.215,1152,891
729,"057b88f0-2e69-4413-97c9-747a9eb5698e","f8350255-0cb7-49ec-a1ed-f6d608da537a","task-2","det_denkmit","leave",40085,40101,16,2025-12-04 12:34:52.216,2025-12-04 12:34:52.231,1152,891
730,"057b88f0-2e69-4413-97c9-747a9eb5698e","f8350255-0cb7-49ec-a1ed-f6d608da537a","task-2","det_persil","leave",40102,44129,4027,2025-12-04 12:34:52.233,2025-12-04 12:34:56.26,1152,891
731,"057b88f0-2e69-4413-97c9-747a9eb5698e","f8350255-0cb7-49ec-a1ed-f6d608da537a","task-2","det_lenor","leave",44157,44942,785,2025-12-04 12:34:56.288,2025-12-04 12:34:57.072,1152,891
732,"057b88f0-2e69-4413-97c9-747a9eb5698e","f8350255-0cb7-49ec-a1ed-f6d608da537a","task-2","det_persil","leave",44959,45626,667,2025-12-04 12:34:57.089,2025-12-04 12:34:57.757,1152,891
733,"057b88f0-2e69-4413-97c9-747a9eb5698e","f8350255-0cb7-49ec-a1ed-f6d608da537a","task-2","det_denkmit","leave",45644,45710,66,2025-12-04 12:34:57.774,2025-12-04 12:34:57.841,1152,891
734,"057b88f0-2e69-4413-97c9-747a9eb5698e","f8350255-0cb7-49ec-a1ed-f6d608da537a","task-2","det_weisser","leave",45712,46328,616,2025-12-04 12:34:57.842,2025-12-04 12:34:58.458,1152,891
735,"057b88f0-2e69-4413-97c9-747a9eb5698e","f8350255-0cb7-49ec-a1ed-f6d608da537a","task-2","det_ariel","leave",46329,46662,333,2025-12-04 12:34:58.459,2025-12-04 12:34:58.791,1152,891
736,"057b88f0-2e69-4413-97c9-747a9eb5698e","f8350255-0cb7-49ec-a1ed-f6d608da537a","task-2","det_lenor","leave",46679,47530,851,2025-12-04 12:34:58.809,2025-12-04 12:34:59.661,1152,891
737,"057b88f0-2e69-4413-97c9-747a9eb5698e","f8350255-0cb7-49ec-a1ed-f6d608da537a","task-2","det_persil","leave",47531,48298,767,2025-12-04 12:34:59.662,2025-12-04 12:35:00.428,1152,891
738,"057b88f0-2e69-4413-97c9-747a9eb5698e","f8350255-0cb7-49ec-a1ed-f6d608da537a","task-2","det_lenor","leave",48315,49617,1302,2025-12-04 12:35:00.445,2025-12-04 12:35:01.747,1152,891
739,"057b88f0-2e69-4413-97c9-747a9eb5698e","f8350255-0cb7-49ec-a1ed-f6d608da537a","task-2","det_ariel","leave",49618,51286,1668,2025-12-04 12:35:01.748,2025-12-04 12:35:03.417,1152,891
740,"057b88f0-2e69-4413-97c9-747a9eb5698e","f8350255-0cb7-49ec-a1ed-f6d608da537a","task-2","det_denkmit","leave",51320,53085,1765,2025-12-04 12:35:03.45,2025-12-04 12:35:05.215,1152,891
741,"057b88f0-2e69-4413-97c9-747a9eb5698e","f8350255-0cb7-49ec-a1ed-f6d608da537a","task-2","det_ariel","leave",53105,53139,34,2025-12-04 12:35:05.236,2025-12-04 12:35:05.27,1152,891
742,"057b88f0-2e69-4413-97c9-747a9eb5698e","f8350255-0cb7-49ec-a1ed-f6d608da537a","task-2","det_ecover","leave",53156,53807,651,2025-12-04 12:35:05.286,2025-12-04 12:35:05.937,1152,891
743,"057b88f0-2e69-4413-97c9-747a9eb5698e","f8350255-0cb7-49ec-a1ed-f6d608da537a","task-2","det_denkmit","leave",53809,60435,6626,2025-12-04 12:35:05.939,2025-12-04 12:35:12.565,1152,891
744,"057b88f0-2e69-4413-97c9-747a9eb5698e","f8350255-0cb7-49ec-a1ed-f6d608da537a","task-2","det_lenor","leave",60452,61636,1184,2025-12-04 12:35:12.582,2025-12-04 12:35:13.766,1152,891
745,"057b88f0-2e69-4413-97c9-747a9eb5698e","f8350255-0cb7-49ec-a1ed-f6d608da537a","task-2","det_persil","leave",61653,62399,746,2025-12-04 12:35:13.784,2025-12-04 12:35:14.529,1152,891
746,"057b88f0-2e69-4413-97c9-747a9eb5698e","f8350255-0cb7-49ec-a1ed-f6d608da537a","task-2","det_lenor","leave",62421,62605,184,2025-12-04 12:35:14.551,2025-12-04 12:35:14.735,1152,891
747,"057b88f0-2e69-4413-97c9-747a9eb5698e","f8350255-0cb7-49ec-a1ed-f6d608da537a","task-2","det_ariel","leave",62621,63356,735,2025-12-04 12:35:14.751,2025-12-04 12:35:15.486,1152,891
748,"057b88f0-2e69-4413-97c9-747a9eb5698e","f8350255-0cb7-49ec-a1ed-f6d608da537a","task-2","det_lenor","leave",63373,63390,17,2025-12-04 12:35:15.503,2025-12-04 12:35:15.52,1152,891
749,"057b88f0-2e69-4413-97c9-747a9eb5698e","f8350255-0cb7-49ec-a1ed-f6d608da537a","task-2","det_persil","leave",63406,63589,183,2025-12-04 12:35:15.536,2025-12-04 12:35:15.72,1152,891
750,"057b88f0-2e69-4413-97c9-747a9eb5698e","f8350255-0cb7-49ec-a1ed-f6d608da537a","task-2","det_denkmit","leave",63591,63923,332,2025-12-04 12:35:15.722,2025-12-04 12:35:16.053,1152,891
751,"057b88f0-2e69-4413-97c9-747a9eb5698e","f8350255-0cb7-49ec-a1ed-f6d608da537a","task-2","det_weisser","leave",63940,71069,7129,2025-12-04 12:35:16.07,2025-12-04 12:35:23.199,1152,891
752,"057b88f0-2e69-4413-97c9-747a9eb5698e","f8350255-0cb7-49ec-a1ed-f6d608da537a","task-2","det_weisser","leave",71403,71486,83,2025-12-04 12:35:23.532,2025-12-04 12:35:23.616,1152,891
753,"057b88f0-2e69-4413-97c9-747a9eb5698e","f8350255-0cb7-49ec-a1ed-f6d608da537a","task-2","det_ecover","end_task",73873,75071,1198,2025-12-04 12:35:26.004,2025-12-04 12:35:27.201,1152,891
769,"5dbe670a-6fd0-47f2-8e6d-37f213766918","82b8fe9e-d03d-4a52-9b6c-867b927e02e1","task-2","bp_db_daypack_17l","leave",95,11621,11526,2025-12-04 13:24:30.605,2025-12-04 13:24:42.131,1889,1001
770,"5dbe670a-6fd0-47f2-8e6d-37f213766918","82b8fe9e-d03d-4a52-9b6c-867b927e02e1","task-2","bp_patagonia_black_hole_micro_22l","leave",11637,22087,10450,2025-12-04 13:24:42.148,2025-12-04 13:24:52.597,1889,1001
771,"5dbe670a-6fd0-47f2-8e6d-37f213766918","82b8fe9e-d03d-4a52-9b6c-867b927e02e1","task-2","bp_db_daypack_17l","leave",22089,22138,49,2025-12-04 13:24:52.6,2025-12-04 13:24:52.649,1889,1001
772,"5dbe670a-6fd0-47f2-8e6d-37f213766918","82b8fe9e-d03d-4a52-9b6c-867b927e02e1","task-2","bp_tnf_base_camp_fuse_box","leave",22154,23437,1283,2025-12-04 13:24:52.665,2025-12-04 13:24:53.948,1889,1001
773,"5dbe670a-6fd0-47f2-8e6d-37f213766918","82b8fe9e-d03d-4a52-9b6c-867b927e02e1","task-2","bp_db_daypack_17l","leave",23438,23454,16,2025-12-04 13:24:53.949,2025-12-04 13:24:53.965,1889,1001
774,"5dbe670a-6fd0-47f2-8e6d-37f213766918","82b8fe9e-d03d-4a52-9b6c-867b927e02e1","task-2","bp_patagonia_black_hole_micro_22l","leave",23455,24170,715,2025-12-04 13:24:53.966,2025-12-04 13:24:54.681,1889,1001
775,"5dbe670a-6fd0-47f2-8e6d-37f213766918","82b8fe9e-d03d-4a52-9b6c-867b927e02e1","task-2","bp_db_daypack_17l","leave",24172,24786,614,2025-12-04 13:24:54.683,2025-12-04 13:24:55.297,1889,1001
776,"5dbe670a-6fd0-47f2-8e6d-37f213766918","82b8fe9e-d03d-4a52-9b6c-867b927e02e1","task-2","bp_tnf_base_camp_fuse_box","leave",24803,28020,3217,2025-12-04 13:24:55.314,2025-12-04 13:24:58.531,1889,1001
777,"5dbe670a-6fd0-47f2-8e6d-37f213766918","82b8fe9e-d03d-4a52-9b6c-867b927e02e1","task-2","bp_aevor_trip_pack","leave",28037,32987,4950,2025-12-04 13:24:58.548,2025-12-04 13:25:03.498,1889,1001
778,"5dbe670a-6fd0-47f2-8e6d-37f213766918","82b8fe9e-d03d-4a52-9b6c-867b927e02e1","task-2","bp_tnf_base_camp_fuse_box","leave",32990,34654,1664,2025-12-04 13:25:03.501,2025-12-04 13:25:05.165,1889,1001
779,"5dbe670a-6fd0-47f2-8e6d-37f213766918","82b8fe9e-d03d-4a52-9b6c-867b927e02e1","task-2","bp_aevor_trip_pack","leave",34657,35387,730,2025-12-04 13:25:05.168,2025-12-04 13:25:05.898,1889,1001
780,"5dbe670a-6fd0-47f2-8e6d-37f213766918","82b8fe9e-d03d-4a52-9b6c-867b927e02e1","task-2","bp_tnf_base_camp_fuse_box","leave",35390,36237,847,2025-12-04 13:25:05.901,2025-12-04 13:25:06.748,1889,1001
781,"5dbe670a-6fd0-47f2-8e6d-37f213766918","82b8fe9e-d03d-4a52-9b6c-867b927e02e1","task-2","bp_aevor_trip_pack","leave",36241,37738,1497,2025-12-04 13:25:06.752,2025-12-04 13:25:08.249,1889,1001
782,"5dbe670a-6fd0-47f2-8e6d-37f213766918","82b8fe9e-d03d-4a52-9b6c-867b927e02e1","task-2","bp_pinqponq_purik_cliff","leave",37741,42604,4863,2025-12-04 13:25:08.252,2025-12-04 13:25:13.115,1889,1001
783,"5dbe670a-6fd0-47f2-8e6d-37f213766918","82b8fe9e-d03d-4a52-9b6c-867b927e02e1","task-2","bp_kapten_helsinki_pro","leave",42608,46871,4263,2025-12-04 13:25:13.119,2025-12-04 13:25:17.382,1889,1001
784,"5dbe670a-6fd0-47f2-8e6d-37f213766918","82b8fe9e-d03d-4a52-9b6c-867b927e02e1","task-2","bp_patagonia_black_hole_micro_22l","leave",46874,50022,3148,2025-12-04 13:25:17.386,2025-12-04 13:25:20.533,1889,1001
785,"5dbe670a-6fd0-47f2-8e6d-37f213766918","82b8fe9e-d03d-4a52-9b6c-867b927e02e1","task-2","bp_db_daypack_17l","leave",50038,50753,715,2025-12-04 13:25:20.549,2025-12-04 13:25:21.265,1889,1001
786,"5dbe670a-6fd0-47f2-8e6d-37f213766918","82b8fe9e-d03d-4a52-9b6c-867b927e02e1","task-2","bp_db_daypack_17l","leave",50903,54087,3184,2025-12-04 13:25:21.414,2025-12-04 13:25:24.599,1889,1001
787,"5dbe670a-6fd0-47f2-8e6d-37f213766918","82b8fe9e-d03d-4a52-9b6c-867b927e02e1","task-2","bp_patagonia_black_hole_micro_22l","leave",54091,54836,745,2025-12-04 13:25:24.603,2025-12-04 13:25:25.348,1889,1001
788,"5dbe670a-6fd0-47f2-8e6d-37f213766918","82b8fe9e-d03d-4a52-9b6c-867b927e02e1","task-2","bp_kapten_helsinki_pro","leave",54840,55704,864,2025-12-04 13:25:25.352,2025-12-04 13:25:26.215,1889,1001
789,"5dbe670a-6fd0-47f2-8e6d-37f213766918","82b8fe9e-d03d-4a52-9b6c-867b927e02e1","task-2","bp_patagonia_black_hole_micro_22l","leave",55708,55769,61,2025-12-04 13:25:26.219,2025-12-04 13:25:26.28,1889,1001
790,"5dbe670a-6fd0-47f2-8e6d-37f213766918","82b8fe9e-d03d-4a52-9b6c-867b927e02e1","task-2","bp_aevor_trip_pack","leave",55786,55820,34,2025-12-04 13:25:26.298,2025-12-04 13:25:26.332,1889,1001
791,"5dbe670a-6fd0-47f2-8e6d-37f213766918","82b8fe9e-d03d-4a52-9b6c-867b927e02e1","task-2","bp_tnf_base_camp_fuse_box","leave",55822,58487,2665,2025-12-04 13:25:26.333,2025-12-04 13:25:28.998,1889,1001
792,"5dbe670a-6fd0-47f2-8e6d-37f213766918","82b8fe9e-d03d-4a52-9b6c-867b927e02e1","task-2","bp_aevor_trip_pack","leave",58491,59587,1096,2025-12-04 13:25:29.003,2025-12-04 13:25:30.098,1889,1001
793,"5dbe670a-6fd0-47f2-8e6d-37f213766918","82b8fe9e-d03d-4a52-9b6c-867b927e02e1","task-2","bp_pinqponq_purik_cliff","leave",59604,66653,7049,2025-12-04 13:25:30.115,2025-12-04 13:25:37.165,1889,1001
794,"5dbe670a-6fd0-47f2-8e6d-37f213766918","82b8fe9e-d03d-4a52-9b6c-867b927e02e1","task-2","bp_aevor_trip_pack","leave",66669,68019,1350,2025-12-04 13:25:37.181,2025-12-04 13:25:38.531,1889,1001
795,"5dbe670a-6fd0-47f2-8e6d-37f213766918","82b8fe9e-d03d-4a52-9b6c-867b927e02e1","task-2","bp_tnf_base_camp_fuse_box","leave",68024,70620,2596,2025-12-04 13:25:38.536,2025-12-04 13:25:41.132,1889,1001
796,"5dbe670a-6fd0-47f2-8e6d-37f213766918","82b8fe9e-d03d-4a52-9b6c-867b927e02e1","task-2","bp_aevor_trip_pack","leave",70636,70654,18,2025-12-04 13:25:41.148,2025-12-04 13:25:41.166,1889,1001
797,"5dbe670a-6fd0-47f2-8e6d-37f213766918","82b8fe9e-d03d-4a52-9b6c-867b927e02e1","task-2","bp_patagonia_black_hole_micro_22l","leave",70669,70686,17,2025-12-04 13:25:41.181,2025-12-04 13:25:41.197,1889,1001
798,"5dbe670a-6fd0-47f2-8e6d-37f213766918","82b8fe9e-d03d-4a52-9b6c-867b927e02e1","task-2","bp_kapten_helsinki_pro","leave",70688,73319,2631,2025-12-04 13:25:41.2,2025-12-04 13:25:43.83,1889,1001
799,"5dbe670a-6fd0-47f2-8e6d-37f213766918","82b8fe9e-d03d-4a52-9b6c-867b927e02e1","task-2","bp_patagonia_black_hole_micro_22l","leave",73320,76720,3400,2025-12-04 13:25:43.832,2025-12-04 13:25:47.231,1889,1001
800,"5dbe670a-6fd0-47f2-8e6d-37f213766918","82b8fe9e-d03d-4a52-9b6c-867b927e02e1","task-2","bp_db_daypack_17l","leave",76725,77736,1011,2025-12-04 13:25:47.237,2025-12-04 13:25:48.248,1889,1001
801,"5dbe670a-6fd0-47f2-8e6d-37f213766918","82b8fe9e-d03d-4a52-9b6c-867b927e02e1","task-2","bp_patagonia_black_hole_micro_22l","leave",77739,82553,4814,2025-12-04 13:25:48.251,2025-12-04 13:25:53.065,1889,1001
802,"5dbe670a-6fd0-47f2-8e6d-37f213766918","82b8fe9e-d03d-4a52-9b6c-867b927e02e1","task-2","bp_aevor_trip_pack","leave",82652,83137,485,2025-12-04 13:25:53.165,2025-12-04 13:25:53.649,1889,1001
803,"5dbe670a-6fd0-47f2-8e6d-37f213766918","82b8fe9e-d03d-4a52-9b6c-867b927e02e1","task-2","bp_pinqponq_purik_cliff","leave",83152,83954,802,2025-12-04 13:25:53.664,2025-12-04 13:25:54.466,1889,1001
804,"5dbe670a-6fd0-47f2-8e6d-37f213766918","82b8fe9e-d03d-4a52-9b6c-867b927e02e1","task-2","bp_aevor_trip_pack","leave",83969,86520,2551,2025-12-04 13:25:54.481,2025-12-04 13:25:57.032,1889,1001
805,"5dbe670a-6fd0-47f2-8e6d-37f213766918","82b8fe9e-d03d-4a52-9b6c-867b927e02e1","task-2","bp_patagonia_black_hole_micro_22l","leave",86535,89852,3317,2025-12-04 13:25:57.047,2025-12-04 13:26:00.364,1889,1001
806,"5dbe670a-6fd0-47f2-8e6d-37f213766918","82b8fe9e-d03d-4a52-9b6c-867b927e02e1","task-2","bp_tnf_base_camp_fuse_box","leave",89885,90685,800,2025-12-04 13:26:00.397,2025-12-04 13:26:01.197,1889,1001
807,"5dbe670a-6fd0-47f2-8e6d-37f213766918","82b8fe9e-d03d-4a52-9b6c-867b927e02e1","task-2","bp_tnf_base_camp_fuse_box","leave",91952,92202,250,2025-12-04 13:26:02.464,2025-12-04 13:26:02.714,1889,1001
808,"5dbe670a-6fd0-47f2-8e6d-37f213766918","82b8fe9e-d03d-4a52-9b6c-867b927e02e1","task-2","bp_db_daypack_17l","end_task",92235,92567,332,2025-12-04 13:26:02.747,2025-12-04 13:26:03.079,1889,1001
817,"6f8f1632-fc99-4cd6-85de-6d77cd493874","21e9b22a-8b1c-4ce7-ab1e-b805e86aaf46","task-2","bp_kapten_helsinki_pro","leave",117,6932,6815,2025-12-04 14:25:31.291,2025-12-04 14:25:38.106,1920,1031
818,"6f8f1632-fc99-4cd6-85de-6d77cd493874","21e9b22a-8b1c-4ce7-ab1e-b805e86aaf46","task-2","bp_kapten_helsinki_pro","leave",7215,10864,3649,2025-12-04 14:25:38.389,2025-12-04 14:25:42.039,1920,1031
819,"6f8f1632-fc99-4cd6-85de-6d77cd493874","21e9b22a-8b1c-4ce7-ab1e-b805e86aaf46","task-2","bp_kapten_helsinki_pro","leave",12615,15283,2668,2025-12-04 14:25:43.789,2025-12-04 14:25:46.457,1920,1031
820,"6f8f1632-fc99-4cd6-85de-6d77cd493874","21e9b22a-8b1c-4ce7-ab1e-b805e86aaf46","task-2","bp_aevor_trip_pack","leave",15298,19398,4100,2025-12-04 14:25:46.473,2025-12-04 14:25:50.573,1920,1031
821,"6f8f1632-fc99-4cd6-85de-6d77cd493874","21e9b22a-8b1c-4ce7-ab1e-b805e86aaf46","task-2","bp_kapten_helsinki_pro","leave",19414,20314,900,2025-12-04 14:25:50.589,2025-12-04 14:25:51.489,1920,1031
822,"6f8f1632-fc99-4cd6-85de-6d77cd493874","21e9b22a-8b1c-4ce7-ab1e-b805e86aaf46","task-2","bp_aevor_trip_pack","leave",20332,21031,699,2025-12-04 14:25:51.506,2025-12-04 14:25:52.206,1920,1031
823,"6f8f1632-fc99-4cd6-85de-6d77cd493874","21e9b22a-8b1c-4ce7-ab1e-b805e86aaf46","task-2","bp_patagonia_black_hole_micro_22l","leave",21048,23331,2283,2025-12-04 14:25:52.223,2025-12-04 14:25:54.505,1920,1031
824,"6f8f1632-fc99-4cd6-85de-6d77cd493874","21e9b22a-8b1c-4ce7-ab1e-b805e86aaf46","task-2","bp_tnf_base_camp_fuse_box","leave",23348,26231,2883,2025-12-04 14:25:54.523,2025-12-04 14:25:57.406,1920,1031
825,"6f8f1632-fc99-4cd6-85de-6d77cd493874","21e9b22a-8b1c-4ce7-ab1e-b805e86aaf46","task-2","bp_pinqponq_purik_cliff","leave",26248,27281,1033,2025-12-04 14:25:57.423,2025-12-04 14:25:58.456,1920,1031
826,"6f8f1632-fc99-4cd6-85de-6d77cd493874","21e9b22a-8b1c-4ce7-ab1e-b805e86aaf46","task-2","bp_db_daypack_17l","leave",27298,28147,849,2025-12-04 14:25:58.473,2025-12-04 14:25:59.322,1920,1031
827,"6f8f1632-fc99-4cd6-85de-6d77cd493874","21e9b22a-8b1c-4ce7-ab1e-b805e86aaf46","task-2","bp_kapten_helsinki_pro","leave",28164,36314,8150,2025-12-04 14:25:59.339,2025-12-04 14:26:07.489,1920,1031
828,"6f8f1632-fc99-4cd6-85de-6d77cd493874","21e9b22a-8b1c-4ce7-ab1e-b805e86aaf46","task-2","bp_aevor_trip_pack","leave",36316,45830,9514,2025-12-04 14:26:07.491,2025-12-04 14:26:17.005,1920,1031
829,"6f8f1632-fc99-4cd6-85de-6d77cd493874","21e9b22a-8b1c-4ce7-ab1e-b805e86aaf46","task-2","bp_kapten_helsinki_pro","leave",45848,47697,1849,2025-12-04 14:26:17.022,2025-12-04 14:26:18.872,1920,1031
830,"6f8f1632-fc99-4cd6-85de-6d77cd493874","21e9b22a-8b1c-4ce7-ab1e-b805e86aaf46","task-2","bp_aevor_trip_pack","leave",47731,47981,250,2025-12-04 14:26:18.906,2025-12-04 14:26:19.155,1920,1031
831,"6f8f1632-fc99-4cd6-85de-6d77cd493874","21e9b22a-8b1c-4ce7-ab1e-b805e86aaf46","task-2","bp_kapten_helsinki_pro","leave",47982,47998,16,2025-12-04 14:26:19.157,2025-12-04 14:26:19.173,1920,1031
832,"6f8f1632-fc99-4cd6-85de-6d77cd493874","21e9b22a-8b1c-4ce7-ab1e-b805e86aaf46","task-2","bp_db_daypack_17l","leave",48001,48065,64,2025-12-04 14:26:19.176,2025-12-04 14:26:19.24,1920,1031
833,"6f8f1632-fc99-4cd6-85de-6d77cd493874","21e9b22a-8b1c-4ce7-ab1e-b805e86aaf46","task-2","bp_db_daypack_17l","leave",49514,49581,67,2025-12-04 14:26:20.689,2025-12-04 14:26:20.756,1920,1031
834,"6f8f1632-fc99-4cd6-85de-6d77cd493874","21e9b22a-8b1c-4ce7-ab1e-b805e86aaf46","task-2","bp_kapten_helsinki_pro","leave",49583,49598,15,2025-12-04 14:26:20.758,2025-12-04 14:26:20.773,1920,1031
835,"6f8f1632-fc99-4cd6-85de-6d77cd493874","21e9b22a-8b1c-4ce7-ab1e-b805e86aaf46","task-2","bp_aevor_trip_pack","end_task",49600,49849,249,2025-12-04 14:26:20.774,2025-12-04 14:26:21.024,1920,1031
836,"573eaa9a-ba7f-4df9-94c4-89d9149a3b5d","f848edac-87b3-458d-8ccc-7759502a11c9","task-2","det_lenor","leave",93,2802,2709,2025-12-04 17:16:04.753,2025-12-04 17:16:07.462,1536,791
837,"573eaa9a-ba7f-4df9-94c4-89d9149a3b5d","f848edac-87b3-458d-8ccc-7759502a11c9","task-2","det_denkmit","leave",2803,3802,999,2025-12-04 17:16:07.462,2025-12-04 17:16:08.462,1536,791
838,"573eaa9a-ba7f-4df9-94c4-89d9149a3b5d","f848edac-87b3-458d-8ccc-7759502a11c9","task-2","det_lenor","leave",3819,4752,933,2025-12-04 17:16:08.479,2025-12-04 17:16:09.411,1536,791
839,"573eaa9a-ba7f-4df9-94c4-89d9149a3b5d","f848edac-87b3-458d-8ccc-7759502a11c9","task-2","det_weisser","leave",4785,4969,184,2025-12-04 17:16:09.445,2025-12-04 17:16:09.629,1536,791
840,"573eaa9a-ba7f-4df9-94c4-89d9149a3b5d","f848edac-87b3-458d-8ccc-7759502a11c9","task-2","det_lenor","leave",4986,6172,1186,2025-12-04 17:16:09.645,2025-12-04 17:16:10.832,1536,791
841,"573eaa9a-ba7f-4df9-94c4-89d9149a3b5d","f848edac-87b3-458d-8ccc-7759502a11c9","task-2","det_lenor","leave",10367,11518,1151,2025-12-04 17:16:15.027,2025-12-04 17:16:16.177,1536,791
842,"573eaa9a-ba7f-4df9-94c4-89d9149a3b5d","f848edac-87b3-458d-8ccc-7759502a11c9","task-2","det_denkmit","leave",11519,25865,14346,2025-12-04 17:16:16.178,2025-12-04 17:16:30.524,1536,791
843,"573eaa9a-ba7f-4df9-94c4-89d9149a3b5d","f848edac-87b3-458d-8ccc-7759502a11c9","task-2","det_lenor","leave",25899,28181,2282,2025-12-04 17:16:30.558,2025-12-04 17:16:32.841,1536,791
844,"573eaa9a-ba7f-4df9-94c4-89d9149a3b5d","f848edac-87b3-458d-8ccc-7759502a11c9","task-2","det_weisser","leave",28182,28265,83,2025-12-04 17:16:32.841,2025-12-04 17:16:32.925,1536,791
845,"573eaa9a-ba7f-4df9-94c4-89d9149a3b5d","f848edac-87b3-458d-8ccc-7759502a11c9","task-2","det_weisser","leave",29114,29881,767,2025-12-04 17:16:33.774,2025-12-04 17:16:34.54,1536,791
846,"573eaa9a-ba7f-4df9-94c4-89d9149a3b5d","f848edac-87b3-458d-8ccc-7759502a11c9","task-2","det_weisser","end_task",31431,31728,297,2025-12-04 17:16:36.09,2025-12-04 17:16:36.388,1536,791
847,"979828f2-f811-4c1f-afcc-d0d7e911659c","e3a761b1-e739-49a7-bd95-cf33e2a3813c","task-2","sw_scanwatch2","leave",59,589,530,2025-12-04 17:29:37.699,2025-12-04 17:29:38.228,1912,914
848,"979828f2-f811-4c1f-afcc-d0d7e911659c","e3a761b1-e739-49a7-bd95-cf33e2a3813c","task-2","sw_scanwatch2","leave",2521,3119,598,2025-12-04 17:29:40.161,2025-12-04 17:29:40.758,1912,914
849,"979828f2-f811-4c1f-afcc-d0d7e911659c","e3a761b1-e739-49a7-bd95-cf33e2a3813c","task-2","sw_aw11","leave",3119,3696,577,2025-12-04 17:29:40.759,2025-12-04 17:29:41.335,1912,914
850,"979828f2-f811-4c1f-afcc-d0d7e911659c","e3a761b1-e739-49a7-bd95-cf33e2a3813c","task-2","sw_vantagev3","leave",3703,4092,389,2025-12-04 17:29:41.342,2025-12-04 17:29:41.732,1912,914
851,"979828f2-f811-4c1f-afcc-d0d7e911659c","e3a761b1-e739-49a7-bd95-cf33e2a3813c","task-2","sw_fr970","leave",4099,4495,396,2025-12-04 17:29:41.739,2025-12-04 17:29:42.135,1912,914
852,"979828f2-f811-4c1f-afcc-d0d7e911659c","e3a761b1-e739-49a7-bd95-cf33e2a3813c","task-2","sw_watch8","leave",4502,4822,320,2025-12-04 17:29:42.142,2025-12-04 17:29:42.461,1912,914
853,"979828f2-f811-4c1f-afcc-d0d7e911659c","e3a761b1-e739-49a7-bd95-cf33e2a3813c","task-2","sw_venu4","leave",4829,5156,327,2025-12-04 17:29:42.468,2025-12-04 17:29:42.795,1912,914
854,"979828f2-f811-4c1f-afcc-d0d7e911659c","e3a761b1-e739-49a7-bd95-cf33e2a3813c","task-2","sw_scanwatch2","leave",14220,14449,229,2025-12-04 17:29:51.86,2025-12-04 17:29:52.089,1912,914
855,"979828f2-f811-4c1f-afcc-d0d7e911659c","e3a761b1-e739-49a7-bd95-cf33e2a3813c","task-2","sw_aw11","leave",14470,15145,675,2025-12-04 17:29:52.11,2025-12-04 17:29:52.784,1912,914
856,"979828f2-f811-4c1f-afcc-d0d7e911659c","e3a761b1-e739-49a7-bd95-cf33e2a3813c","task-2","sw_venu4","leave",15158,15346,188,2025-12-04 17:29:52.798,2025-12-04 17:29:52.986,1912,914
857,"d287f848-c1dd-41a4-8cb1-dc6e4da4cd23","302cd5a0-6497-4343-9fd1-2ec4452aa871","task-2","det_denkmit","leave",103,3562,3459,2025-12-05 05:37:59.906,2025-12-05 05:38:03.365,1528,794
858,"d287f848-c1dd-41a4-8cb1-dc6e4da4cd23","302cd5a0-6497-4343-9fd1-2ec4452aa871","task-2","det_lenor","leave",3593,4480,887,2025-12-05 05:38:03.396,2025-12-05 05:38:04.283,1528,794
859,"d287f848-c1dd-41a4-8cb1-dc6e4da4cd23","302cd5a0-6497-4343-9fd1-2ec4452aa871","task-2","det_denkmit","leave",4481,7853,3372,2025-12-05 05:38:04.283,2025-12-05 05:38:07.655,1528,794
860,"d287f848-c1dd-41a4-8cb1-dc6e4da4cd23","302cd5a0-6497-4343-9fd1-2ec4452aa871","task-2","det_lenor","leave",7885,9169,1284,2025-12-05 05:38:07.687,2025-12-05 05:38:08.972,1528,794
861,"d287f848-c1dd-41a4-8cb1-dc6e4da4cd23","302cd5a0-6497-4343-9fd1-2ec4452aa871","task-2","det_denkmit","leave",9187,10890,1703,2025-12-05 05:38:08.989,2025-12-05 05:38:10.692,1528,794
862,"d287f848-c1dd-41a4-8cb1-dc6e4da4cd23","302cd5a0-6497-4343-9fd1-2ec4452aa871","task-2","det_lenor","leave",10908,13678,2770,2025-12-05 05:38:10.71,2025-12-05 05:38:13.48,1528,794
863,"d287f848-c1dd-41a4-8cb1-dc6e4da4cd23","302cd5a0-6497-4343-9fd1-2ec4452aa871","task-2","det_denkmit","leave",13695,18019,4324,2025-12-05 05:38:13.497,2025-12-05 05:38:17.822,1528,794
864,"d287f848-c1dd-41a4-8cb1-dc6e4da4cd23","302cd5a0-6497-4343-9fd1-2ec4452aa871","task-2","det_lenor","leave",18020,18705,685,2025-12-05 05:38:17.823,2025-12-05 05:38:18.508,1528,794
865,"d287f848-c1dd-41a4-8cb1-dc6e4da4cd23","302cd5a0-6497-4343-9fd1-2ec4452aa871","task-2","det_ecover","leave",18721,21510,2789,2025-12-05 05:38:18.523,2025-12-05 05:38:21.313,1528,794
866,"d287f848-c1dd-41a4-8cb1-dc6e4da4cd23","302cd5a0-6497-4343-9fd1-2ec4452aa871","task-2","det_weisser","leave",21542,30224,8682,2025-12-05 05:38:21.345,2025-12-05 05:38:30.027,1528,794
867,"d287f848-c1dd-41a4-8cb1-dc6e4da4cd23","302cd5a0-6497-4343-9fd1-2ec4452aa871","task-2","det_persil","leave",30242,31928,1686,2025-12-05 05:38:30.045,2025-12-05 05:38:31.731,1528,794
868,"d287f848-c1dd-41a4-8cb1-dc6e4da4cd23","302cd5a0-6497-4343-9fd1-2ec4452aa871","task-2","det_weisser","leave",31944,33065,1121,2025-12-05 05:38:31.747,2025-12-05 05:38:32.868,1528,794
869,"d287f848-c1dd-41a4-8cb1-dc6e4da4cd23","302cd5a0-6497-4343-9fd1-2ec4452aa871","task-2","det_persil","leave",33080,34667,1587,2025-12-05 05:38:32.882,2025-12-05 05:38:34.47,1528,794
870,"d287f848-c1dd-41a4-8cb1-dc6e4da4cd23","302cd5a0-6497-4343-9fd1-2ec4452aa871","task-2","det_ariel","leave",34734,36419,1685,2025-12-05 05:38:34.537,2025-12-05 05:38:36.221,1528,794
871,"d287f848-c1dd-41a4-8cb1-dc6e4da4cd23","302cd5a0-6497-4343-9fd1-2ec4452aa871","task-2","det_persil","leave",36420,38491,2071,2025-12-05 05:38:36.223,2025-12-05 05:38:38.293,1528,794
872,"d287f848-c1dd-41a4-8cb1-dc6e4da4cd23","302cd5a0-6497-4343-9fd1-2ec4452aa871","task-2","det_ariel","leave",38492,38590,98,2025-12-05 05:38:38.295,2025-12-05 05:38:38.393,1528,794
873,"d287f848-c1dd-41a4-8cb1-dc6e4da4cd23","302cd5a0-6497-4343-9fd1-2ec4452aa871","task-2","det_denkmit","leave",38592,39444,852,2025-12-05 05:38:38.395,2025-12-05 05:38:39.246,1528,794
874,"d287f848-c1dd-41a4-8cb1-dc6e4da4cd23","302cd5a0-6497-4343-9fd1-2ec4452aa871","task-2","det_persil","leave",39475,41194,1719,2025-12-05 05:38:39.277,2025-12-05 05:38:40.997,1528,794
875,"d287f848-c1dd-41a4-8cb1-dc6e4da4cd23","302cd5a0-6497-4343-9fd1-2ec4452aa871","task-2","det_ariel","leave",41211,44350,3139,2025-12-05 05:38:41.014,2025-12-05 05:38:44.153,1528,794
876,"d287f848-c1dd-41a4-8cb1-dc6e4da4cd23","302cd5a0-6497-4343-9fd1-2ec4452aa871","task-2","det_denkmit","leave",44355,45986,1631,2025-12-05 05:38:44.158,2025-12-05 05:38:45.789,1528,794
877,"d287f848-c1dd-41a4-8cb1-dc6e4da4cd23","302cd5a0-6497-4343-9fd1-2ec4452aa871","task-2","det_lenor","leave",45988,46020,32,2025-12-05 05:38:45.791,2025-12-05 05:38:45.823,1528,794
878,"d287f848-c1dd-41a4-8cb1-dc6e4da4cd23","302cd5a0-6497-4343-9fd1-2ec4452aa871","task-2","det_persil","leave",46023,46671,648,2025-12-05 05:38:45.825,2025-12-05 05:38:46.473,1528,794
879,"d287f848-c1dd-41a4-8cb1-dc6e4da4cd23","302cd5a0-6497-4343-9fd1-2ec4452aa871","task-2","det_weisser","leave",46688,51947,5259,2025-12-05 05:38:46.49,2025-12-05 05:38:51.749,1528,794
880,"d287f848-c1dd-41a4-8cb1-dc6e4da4cd23","302cd5a0-6497-4343-9fd1-2ec4452aa871","task-2","det_persil","leave",51949,52999,1050,2025-12-05 05:38:51.751,2025-12-05 05:38:52.802,1528,794
881,"33768330-72ae-4c79-9679-2bdd80529547","e4bdced0-2d54-4933-84d0-f3f80c285a06","task-2","det_lenor","leave",141,4182,4041,2025-12-05 08:01:16.098,2025-12-05 08:01:20.139,1912,954
882,"33768330-72ae-4c79-9679-2bdd80529547","e4bdced0-2d54-4933-84d0-f3f80c285a06","task-2","det_ecover","leave",4182,10899,6717,2025-12-05 08:01:20.139,2025-12-05 08:01:26.856,1912,954
883,"33768330-72ae-4c79-9679-2bdd80529547","e4bdced0-2d54-4933-84d0-f3f80c285a06","task-2","det_ariel","leave",10900,12098,1198,2025-12-05 08:01:26.857,2025-12-05 08:01:28.055,1912,954
884,"33768330-72ae-4c79-9679-2bdd80529547","e4bdced0-2d54-4933-84d0-f3f80c285a06","task-2","det_ecover","leave",12116,13332,1216,2025-12-05 08:01:28.072,2025-12-05 08:01:29.289,1912,954
885,"33768330-72ae-4c79-9679-2bdd80529547","e4bdced0-2d54-4933-84d0-f3f80c285a06","task-2","det_ariel","leave",13333,14232,899,2025-12-05 08:01:29.29,2025-12-05 08:01:30.189,1912,954
886,"33768330-72ae-4c79-9679-2bdd80529547","e4bdced0-2d54-4933-84d0-f3f80c285a06","task-2","det_weisser","leave",14249,14282,33,2025-12-05 08:01:30.205,2025-12-05 08:01:30.239,1912,954
887,"33768330-72ae-4c79-9679-2bdd80529547","e4bdced0-2d54-4933-84d0-f3f80c285a06","task-2","det_persil","leave",14300,15365,1065,2025-12-05 08:01:30.256,2025-12-05 08:01:31.322,1912,954
888,"33768330-72ae-4c79-9679-2bdd80529547","e4bdced0-2d54-4933-84d0-f3f80c285a06","task-2","det_weisser","leave",15367,16315,948,2025-12-05 08:01:31.323,2025-12-05 08:01:32.272,1912,954
889,"33768330-72ae-4c79-9679-2bdd80529547","e4bdced0-2d54-4933-84d0-f3f80c285a06","task-2","det_persil","leave",16333,16483,150,2025-12-05 08:01:32.289,2025-12-05 08:01:32.44,1912,954
890,"33768330-72ae-4c79-9679-2bdd80529547","e4bdced0-2d54-4933-84d0-f3f80c285a06","task-2","det_denkmit","leave",16499,17099,600,2025-12-05 08:01:32.456,2025-12-05 08:01:33.055,1912,954
891,"33768330-72ae-4c79-9679-2bdd80529547","e4bdced0-2d54-4933-84d0-f3f80c285a06","task-2","det_persil","leave",17100,17149,49,2025-12-05 08:01:33.057,2025-12-05 08:01:33.106,1912,954
892,"33768330-72ae-4c79-9679-2bdd80529547","e4bdced0-2d54-4933-84d0-f3f80c285a06","task-2","det_ecover","leave",17150,18665,1515,2025-12-05 08:01:33.107,2025-12-05 08:01:34.622,1912,954
893,"33768330-72ae-4c79-9679-2bdd80529547","e4bdced0-2d54-4933-84d0-f3f80c285a06","task-2","det_persil","leave",18667,18683,16,2025-12-05 08:01:34.623,2025-12-05 08:01:34.639,1912,954
894,"33768330-72ae-4c79-9679-2bdd80529547","e4bdced0-2d54-4933-84d0-f3f80c285a06","task-2","det_denkmit","leave",18684,18783,99,2025-12-05 08:01:34.64,2025-12-05 08:01:34.74,1912,954
895,"b46534ba-6c3e-41f1-9170-3fdecef05df6","68ec06a0-df0b-4061-bbee-6731a0867c41","task-2","bp_kapten_helsinki_pro","leave",56,1140,1084,2025-12-05 13:47:30.486,2025-12-05 13:47:31.569,1272,674
896,"b46534ba-6c3e-41f1-9170-3fdecef05df6","68ec06a0-df0b-4061-bbee-6731a0867c41","task-2","bp_tnf_base_camp_fuse_box","leave",10919,11220,301,2025-12-05 13:47:41.348,2025-12-05 13:47:41.65,1272,674
897,"b46534ba-6c3e-41f1-9170-3fdecef05df6","68ec06a0-df0b-4061-bbee-6731a0867c41","task-2","bp_kapten_helsinki_pro","leave",11387,15269,3882,2025-12-05 13:47:41.817,2025-12-05 13:47:45.698,1272,674
898,"b46534ba-6c3e-41f1-9170-3fdecef05df6","68ec06a0-df0b-4061-bbee-6731a0867c41","task-2","bp_kapten_helsinki_pro","leave",15625,15858,233,2025-12-05 13:47:46.055,2025-12-05 13:47:46.288,1272,674
899,"b46534ba-6c3e-41f1-9170-3fdecef05df6","68ec06a0-df0b-4061-bbee-6731a0867c41","task-2","bp_tnf_base_camp_fuse_box","leave",15875,16057,182,2025-12-05 13:47:46.305,2025-12-05 13:47:46.487,1272,674
900,"b46534ba-6c3e-41f1-9170-3fdecef05df6","68ec06a0-df0b-4061-bbee-6731a0867c41","task-2","bp_aevor_trip_pack","leave",16103,17702,1599,2025-12-05 13:47:46.532,2025-12-05 13:47:48.131,1272,674
901,"b46534ba-6c3e-41f1-9170-3fdecef05df6","68ec06a0-df0b-4061-bbee-6731a0867c41","task-2","bp_tnf_base_camp_fuse_box","leave",17718,21767,4049,2025-12-05 13:47:48.148,2025-12-05 13:47:52.197,1272,674
902,"b46534ba-6c3e-41f1-9170-3fdecef05df6","68ec06a0-df0b-4061-bbee-6731a0867c41","task-2","bp_kapten_helsinki_pro","leave",21768,23406,1638,2025-12-05 13:47:52.197,2025-12-05 13:47:53.836,1272,674
903,"b46534ba-6c3e-41f1-9170-3fdecef05df6","68ec06a0-df0b-4061-bbee-6731a0867c41","task-2","bp_tnf_base_camp_fuse_box","leave",23417,30348,6931,2025-12-05 13:47:53.846,2025-12-05 13:48:00.778,1272,674
904,"b46534ba-6c3e-41f1-9170-3fdecef05df6","68ec06a0-df0b-4061-bbee-6731a0867c41","task-2","bp_aevor_trip_pack","leave",30365,33064,2699,2025-12-05 13:48:00.794,2025-12-05 13:48:03.494,1272,674
905,"b46534ba-6c3e-41f1-9170-3fdecef05df6","68ec06a0-df0b-4061-bbee-6731a0867c41","task-2","bp_db_daypack_17l","leave",33080,36647,3567,2025-12-05 13:48:03.51,2025-12-05 13:48:07.076,1272,674
906,"b46534ba-6c3e-41f1-9170-3fdecef05df6","68ec06a0-df0b-4061-bbee-6731a0867c41","task-2","bp_patagonia_black_hole_micro_22l","leave",36647,41261,4614,2025-12-05 13:48:07.077,2025-12-05 13:48:11.691,1272,674
907,"b46534ba-6c3e-41f1-9170-3fdecef05df6","68ec06a0-df0b-4061-bbee-6731a0867c41","task-2","bp_pinqponq_purik_cliff","leave",41278,41878,600,2025-12-05 13:48:11.708,2025-12-05 13:48:12.308,1272,674
908,"b46534ba-6c3e-41f1-9170-3fdecef05df6","68ec06a0-df0b-4061-bbee-6731a0867c41","task-2","bp_kapten_helsinki_pro","leave",41879,41967,88,2025-12-05 13:48:12.309,2025-12-05 13:48:12.397,1272,674
909,"b46534ba-6c3e-41f1-9170-3fdecef05df6","68ec06a0-df0b-4061-bbee-6731a0867c41","task-2","bp_tnf_base_camp_fuse_box","leave",42001,42829,828,2025-12-05 13:48:12.431,2025-12-05 13:48:13.259,1272,674
910,"b46534ba-6c3e-41f1-9170-3fdecef05df6","68ec06a0-df0b-4061-bbee-6731a0867c41","task-2","bp_kapten_helsinki_pro","leave",42850,43061,211,2025-12-05 13:48:13.28,2025-12-05 13:48:13.491,1272,674
911,"b46534ba-6c3e-41f1-9170-3fdecef05df6","68ec06a0-df0b-4061-bbee-6731a0867c41","task-2","bp_pinqponq_purik_cliff","leave",43085,44677,1592,2025-12-05 13:48:13.515,2025-12-05 13:48:15.107,1272,674
912,"b46534ba-6c3e-41f1-9170-3fdecef05df6","68ec06a0-df0b-4061-bbee-6731a0867c41","task-2","bp_patagonia_black_hole_micro_22l","leave",44679,45361,682,2025-12-05 13:48:15.108,2025-12-05 13:48:15.79,1272,674
913,"b46534ba-6c3e-41f1-9170-3fdecef05df6","68ec06a0-df0b-4061-bbee-6731a0867c41","task-2","bp_tnf_base_camp_fuse_box","leave",45383,46527,1144,2025-12-05 13:48:15.812,2025-12-05 13:48:16.956,1272,674
914,"b46534ba-6c3e-41f1-9170-3fdecef05df6","68ec06a0-df0b-4061-bbee-6731a0867c41","task-2","bp_kapten_helsinki_pro","leave",46561,46733,172,2025-12-05 13:48:16.99,2025-12-05 13:48:17.163,1272,674
915,"b46534ba-6c3e-41f1-9170-3fdecef05df6","68ec06a0-df0b-4061-bbee-6731a0867c41","task-2","bp_pinqponq_purik_cliff","leave",46748,47060,312,2025-12-05 13:48:17.178,2025-12-05 13:48:17.49,1272,674
916,"b46534ba-6c3e-41f1-9170-3fdecef05df6","68ec06a0-df0b-4061-bbee-6731a0867c41","task-2","bp_pinqponq_purik_cliff","leave",47793,47826,33,2025-12-05 13:48:18.223,2025-12-05 13:48:18.256,1272,674
917,"b46534ba-6c3e-41f1-9170-3fdecef05df6","68ec06a0-df0b-4061-bbee-6731a0867c41","task-2","bp_patagonia_black_hole_micro_22l","leave",47828,47943,115,2025-12-05 13:48:18.257,2025-12-05 13:48:18.373,1272,674
918,"b46534ba-6c3e-41f1-9170-3fdecef05df6","68ec06a0-df0b-4061-bbee-6731a0867c41","task-2","bp_db_daypack_17l","end_task",47960,48049,89,2025-12-05 13:48:18.389,2025-12-05 13:48:18.479,1272,674
919,"b706e323-787a-4ef8-b369-55482871961f","44c59528-60b4-4714-bbce-2bf537e97e56","task-2","det_weisser","leave",94,453,359,2025-12-05 14:23:18.626,2025-12-05 14:23:18.984,1869,893
920,"b706e323-787a-4ef8-b369-55482871961f","44c59528-60b4-4714-bbce-2bf537e97e56","task-2","det_ariel","leave",453,519,66,2025-12-05 14:23:18.984,2025-12-05 14:23:19.05,1869,893
921,"b706e323-787a-4ef8-b369-55482871961f","44c59528-60b4-4714-bbce-2bf537e97e56","task-2","det_lenor","leave",536,853,317,2025-12-05 14:23:19.068,2025-12-05 14:23:19.384,1869,893
922,"b706e323-787a-4ef8-b369-55482871961f","44c59528-60b4-4714-bbce-2bf537e97e56","task-2","det_ariel","leave",886,2004,1118,2025-12-05 14:23:19.418,2025-12-05 14:23:20.536,1869,893
923,"b706e323-787a-4ef8-b369-55482871961f","44c59528-60b4-4714-bbce-2bf537e97e56","task-2","det_lenor","leave",2005,2171,166,2025-12-05 14:23:20.536,2025-12-05 14:23:20.702,1869,893
924,"b706e323-787a-4ef8-b369-55482871961f","44c59528-60b4-4714-bbce-2bf537e97e56","task-2","det_ariel","leave",2188,2354,166,2025-12-05 14:23:20.719,2025-12-05 14:23:20.886,1869,893
925,"b706e323-787a-4ef8-b369-55482871961f","44c59528-60b4-4714-bbce-2bf537e97e56","task-2","det_weisser","leave",2372,7611,5239,2025-12-05 14:23:20.902,2025-12-05 14:23:26.141,1869,893
926,"b706e323-787a-4ef8-b369-55482871961f","44c59528-60b4-4714-bbce-2bf537e97e56","task-2","det_ariel","leave",7628,10346,2718,2025-12-05 14:23:26.159,2025-12-05 14:23:28.878,1869,893
927,"b706e323-787a-4ef8-b369-55482871961f","44c59528-60b4-4714-bbce-2bf537e97e56","task-2","det_weisser","leave",10347,10397,50,2025-12-05 14:23:28.878,2025-12-05 14:23:28.928,1869,893
928,"b706e323-787a-4ef8-b369-55482871961f","44c59528-60b4-4714-bbce-2bf537e97e56","task-2","det_persil","leave",10414,11948,1534,2025-12-05 14:23:28.944,2025-12-05 14:23:30.479,1869,893
929,"b706e323-787a-4ef8-b369-55482871961f","44c59528-60b4-4714-bbce-2bf537e97e56","task-2","det_denkmit","leave",11982,13517,1535,2025-12-05 14:23:30.512,2025-12-05 14:23:32.048,1869,893
930,"b706e323-787a-4ef8-b369-55482871961f","44c59528-60b4-4714-bbce-2bf537e97e56","task-2","det_ecover","leave",13518,27481,13963,2025-12-05 14:23:32.049,2025-12-05 14:23:46.012,1869,893
931,"b706e323-787a-4ef8-b369-55482871961f","44c59528-60b4-4714-bbce-2bf537e97e56","task-2","det_lenor","leave",27497,27531,34,2025-12-05 14:23:46.028,2025-12-05 14:23:46.062,1869,893
932,"b706e323-787a-4ef8-b369-55482871961f","44c59528-60b4-4714-bbce-2bf537e97e56","task-2","det_lenor","leave",27781,31469,3688,2025-12-05 14:23:46.312,2025-12-05 14:23:49.999,1869,893
933,"b706e323-787a-4ef8-b369-55482871961f","44c59528-60b4-4714-bbce-2bf537e97e56","task-2","det_persil","leave",31485,31502,17,2025-12-05 14:23:50.017,2025-12-05 14:23:50.032,1869,893
934,"b706e323-787a-4ef8-b369-55482871961f","44c59528-60b4-4714-bbce-2bf537e97e56","task-2","det_denkmit","leave",31504,38058,6554,2025-12-05 14:23:50.035,2025-12-05 14:23:56.589,1869,893
935,"b706e323-787a-4ef8-b369-55482871961f","44c59528-60b4-4714-bbce-2bf537e97e56","task-2","det_persil","leave",38060,38125,65,2025-12-05 14:23:56.591,2025-12-05 14:23:56.656,1869,893
936,"b706e323-787a-4ef8-b369-55482871961f","44c59528-60b4-4714-bbce-2bf537e97e56","task-2","det_weisser","leave",38127,38142,15,2025-12-05 14:23:56.657,2025-12-05 14:23:56.673,1869,893
937,"b706e323-787a-4ef8-b369-55482871961f","44c59528-60b4-4714-bbce-2bf537e97e56","task-2","det_ariel","leave",38143,40443,2300,2025-12-05 14:23:56.674,2025-12-05 14:23:58.974,1869,893
938,"b706e323-787a-4ef8-b369-55482871961f","44c59528-60b4-4714-bbce-2bf537e97e56","task-2","det_weisser","leave",40460,41645,1185,2025-12-05 14:23:58.991,2025-12-05 14:24:00.176,1869,893
939,"b706e323-787a-4ef8-b369-55482871961f","44c59528-60b4-4714-bbce-2bf537e97e56","task-2","det_persil","leave",41662,44982,3320,2025-12-05 14:24:00.193,2025-12-05 14:24:03.513,1869,893
940,"b706e323-787a-4ef8-b369-55482871961f","44c59528-60b4-4714-bbce-2bf537e97e56","task-2","det_weisser","leave",44983,45032,49,2025-12-05 14:24:03.515,2025-12-05 14:24:03.563,1869,893
941,"b706e323-787a-4ef8-b369-55482871961f","44c59528-60b4-4714-bbce-2bf537e97e56","task-2","det_ariel","leave",45115,46934,1819,2025-12-05 14:24:03.646,2025-12-05 14:24:05.465,1869,893
942,"b706e323-787a-4ef8-b369-55482871961f","44c59528-60b4-4714-bbce-2bf537e97e56","task-2","det_weisser","leave",46936,47018,82,2025-12-05 14:24:05.467,2025-12-05 14:24:05.549,1869,893
943,"b706e323-787a-4ef8-b369-55482871961f","44c59528-60b4-4714-bbce-2bf537e97e56","task-2","det_weisser","leave",47285,48168,883,2025-12-05 14:24:05.815,2025-12-05 14:24:06.7,1869,893
944,"b706e323-787a-4ef8-b369-55482871961f","44c59528-60b4-4714-bbce-2bf537e97e56","task-2","det_ariel","leave",48169,49219,1050,2025-12-05 14:24:06.701,2025-12-05 14:24:07.751,1869,893
945,"b706e323-787a-4ef8-b369-55482871961f","44c59528-60b4-4714-bbce-2bf537e97e56","task-2","det_lenor","leave",49236,50254,1018,2025-12-05 14:24:07.767,2025-12-05 14:24:08.785,1869,893
946,"b706e323-787a-4ef8-b369-55482871961f","44c59528-60b4-4714-bbce-2bf537e97e56","task-2","det_ariel","leave",50270,51822,1552,2025-12-05 14:24:08.801,2025-12-05 14:24:10.353,1869,893
947,"81b1a3f0-3064-4b56-b683-708399ddd59d","f709f384-1ebc-4302-978c-d19289570ee9","task-2","det_ariel","leave",589,1929,1340,2025-12-06 12:19:49.966,2025-12-06 12:19:51.306,1303,702
948,"81b1a3f0-3064-4b56-b683-708399ddd59d","f709f384-1ebc-4302-978c-d19289570ee9","task-2","det_ecover","leave",1946,21054,19108,2025-12-06 12:19:51.323,2025-12-06 12:20:10.431,1303,702
949,"81b1a3f0-3064-4b56-b683-708399ddd59d","f709f384-1ebc-4302-978c-d19289570ee9","task-2","det_denkmit","leave",21090,25488,4398,2025-12-06 12:20:10.467,2025-12-06 12:20:14.865,1303,702
950,"81b1a3f0-3064-4b56-b683-708399ddd59d","f709f384-1ebc-4302-978c-d19289570ee9","task-2","det_ecover","leave",25489,27512,2023,2025-12-06 12:20:14.866,2025-12-06 12:20:16.89,1303,702
951,"81b1a3f0-3064-4b56-b683-708399ddd59d","f709f384-1ebc-4302-978c-d19289570ee9","task-2","det_denkmit","leave",27530,28638,1108,2025-12-06 12:20:16.907,2025-12-06 12:20:18.015,1303,702
952,"81b1a3f0-3064-4b56-b683-708399ddd59d","f709f384-1ebc-4302-978c-d19289570ee9","task-2","det_ecover","leave",28638,29137,499,2025-12-06 12:20:18.015,2025-12-06 12:20:18.514,1303,702
953,"81b1a3f0-3064-4b56-b683-708399ddd59d","f709f384-1ebc-4302-978c-d19289570ee9","task-2","det_denkmit","leave",29138,30446,1308,2025-12-06 12:20:18.515,2025-12-06 12:20:19.823,1303,702
954,"81b1a3f0-3064-4b56-b683-708399ddd59d","f709f384-1ebc-4302-978c-d19289570ee9","task-2","det_ecover","leave",30447,34362,3915,2025-12-06 12:20:19.824,2025-12-06 12:20:23.739,1303,702
955,"81b1a3f0-3064-4b56-b683-708399ddd59d","f709f384-1ebc-4302-978c-d19289570ee9","task-2","det_lenor","leave",34363,36695,2332,2025-12-06 12:20:23.74,2025-12-06 12:20:26.072,1303,702
956,"81b1a3f0-3064-4b56-b683-708399ddd59d","f709f384-1ebc-4302-978c-d19289570ee9","task-2","det_ecover","leave",36713,42721,6008,2025-12-06 12:20:26.09,2025-12-06 12:20:32.098,1303,702
957,"81b1a3f0-3064-4b56-b683-708399ddd59d","f709f384-1ebc-4302-978c-d19289570ee9","task-2","det_denkmit","leave",42722,47877,5155,2025-12-06 12:20:32.099,2025-12-06 12:20:37.254,1303,702
958,"81b1a3f0-3064-4b56-b683-708399ddd59d","f709f384-1ebc-4302-978c-d19289570ee9","task-2","det_ecover","leave",47880,50043,2163,2025-12-06 12:20:37.257,2025-12-06 12:20:39.42,1303,702
959,"81b1a3f0-3064-4b56-b683-708399ddd59d","f709f384-1ebc-4302-978c-d19289570ee9","task-2","det_denkmit","leave",50046,50113,67,2025-12-06 12:20:39.423,2025-12-06 12:20:39.49,1303,702
960,"81b1a3f0-3064-4b56-b683-708399ddd59d","f709f384-1ebc-4302-978c-d19289570ee9","task-2","det_persil","leave",50115,50147,32,2025-12-06 12:20:39.492,2025-12-06 12:20:39.524,1303,702
961,"d0570796-c809-422d-ac86-8ad5a2f76898","50af3813-4730-4b8e-b200-16ba76811d68","task-2","etb_philips_7100","leave",159,11504,11345,2025-12-06 13:14:33.083,2025-12-06 13:14:44.428,1440,778
962,"d0570796-c809-422d-ac86-8ad5a2f76898","50af3813-4730-4b8e-b200-16ba76811d68","task-2","etb_wondersmile_pro","leave",11522,12289,767,2025-12-06 13:14:44.445,2025-12-06 13:14:45.213,1440,778
963,"d0570796-c809-422d-ac86-8ad5a2f76898","50af3813-4730-4b8e-b200-16ba76811d68","task-2","etb_philips_5300","leave",12323,12654,331,2025-12-06 13:14:45.246,2025-12-06 13:14:45.578,1440,778
964,"d0570796-c809-422d-ac86-8ad5a2f76898","50af3813-4730-4b8e-b200-16ba76811d68","task-2","etb_oralb_pro3_3500","leave",12688,14585,1897,2025-12-06 13:14:45.612,2025-12-06 13:14:47.508,1440,778
965,"717ce3b4-2469-4dd0-b5d5-4c40a45c780d","733a2e49-2496-4e7a-8429-aa233d6038e0","task-2","etb_oralb_pulsonic_4500","leave",7035,9007,1972,2025-12-06 13:15:43.297,2025-12-06 13:15:45.269,1470,839
966,"717ce3b4-2469-4dd0-b5d5-4c40a45c780d","733a2e49-2496-4e7a-8429-aa233d6038e0","task-2","etb_oralb_pro3_3500","leave",9008,9707,699,2025-12-06 13:15:45.27,2025-12-06 13:15:45.969,1470,839
967,"717ce3b4-2469-4dd0-b5d5-4c40a45c780d","733a2e49-2496-4e7a-8429-aa233d6038e0","task-2","etb_wondersmile_pro","leave",9742,10440,698,2025-12-06 13:15:46.004,2025-12-06 13:15:46.702,1470,839
968,"717ce3b4-2469-4dd0-b5d5-4c40a45c780d","733a2e49-2496-4e7a-8429-aa233d6038e0","task-2","etb_oralb_pro3_3500","leave",10441,12040,1599,2025-12-06 13:15:46.703,2025-12-06 13:15:48.302,1470,839
969,"717ce3b4-2469-4dd0-b5d5-4c40a45c780d","733a2e49-2496-4e7a-8429-aa233d6038e0","task-2","etb_philips_5300","leave",12041,12115,74,2025-12-06 13:15:48.303,2025-12-06 13:15:48.377,1470,839
970,"717ce3b4-2469-4dd0-b5d5-4c40a45c780d","733a2e49-2496-4e7a-8429-aa233d6038e0","task-2","etb_oralb_io5","leave",12115,12874,759,2025-12-06 13:15:48.377,2025-12-06 13:15:49.136,1470,839
971,"717ce3b4-2469-4dd0-b5d5-4c40a45c780d","733a2e49-2496-4e7a-8429-aa233d6038e0","task-2","etb_oralb_pulsonic_4500","leave",12908,13774,866,2025-12-06 13:15:49.17,2025-12-06 13:15:50.036,1470,839
972,"717ce3b4-2469-4dd0-b5d5-4c40a45c780d","733a2e49-2496-4e7a-8429-aa233d6038e0","task-2","etb_wondersmile_pro","leave",22242,23693,1451,2025-12-06 13:15:58.505,2025-12-06 13:15:59.955,1470,839
973,"717ce3b4-2469-4dd0-b5d5-4c40a45c780d","733a2e49-2496-4e7a-8429-aa233d6038e0","task-2","etb_oralb_pro3_3500","leave",26691,26791,100,2025-12-06 13:16:02.953,2025-12-06 13:16:03.054,1470,839
974,"717ce3b4-2469-4dd0-b5d5-4c40a45c780d","733a2e49-2496-4e7a-8429-aa233d6038e0","task-2","etb_philips_5300","leave",26792,29073,2281,2025-12-06 13:16:03.054,2025-12-06 13:16:05.336,1470,839
975,"717ce3b4-2469-4dd0-b5d5-4c40a45c780d","733a2e49-2496-4e7a-8429-aa233d6038e0","task-2","etb_oralb_io5","leave",29074,29907,833,2025-12-06 13:16:05.337,2025-12-06 13:16:06.169,1470,839
976,"717ce3b4-2469-4dd0-b5d5-4c40a45c780d","733a2e49-2496-4e7a-8429-aa233d6038e0","task-2","etb_oralb_pulsonic_4500","leave",29907,30474,567,2025-12-06 13:16:06.17,2025-12-06 13:16:06.736,1470,839
977,"717ce3b4-2469-4dd0-b5d5-4c40a45c780d","733a2e49-2496-4e7a-8429-aa233d6038e0","task-2","etb_oralb_pro3_3500","leave",30475,30907,432,2025-12-06 13:16:06.737,2025-12-06 13:16:07.169,1470,839
978,"717ce3b4-2469-4dd0-b5d5-4c40a45c780d","733a2e49-2496-4e7a-8429-aa233d6038e0","task-2","etb_philips_5300","leave",30942,34057,3115,2025-12-06 13:16:07.204,2025-12-06 13:16:10.32,1470,839
979,"717ce3b4-2469-4dd0-b5d5-4c40a45c780d","733a2e49-2496-4e7a-8429-aa233d6038e0","task-2","etb_oralb_io5","leave",34058,34090,32,2025-12-06 13:16:10.32,2025-12-06 13:16:10.352,1470,839
980,"a896f8dd-e72b-4ddf-a21b-fdfff8af7628","bad1870e-b99a-4d8e-b4ab-bf544d71d0ec","task-2","bp_tnf_base_camp_fuse_box","leave",122,603,481,2025-12-06 13:52:05.891,2025-12-06 13:52:06.372,1366,607
981,"a896f8dd-e72b-4ddf-a21b-fdfff8af7628","bad1870e-b99a-4d8e-b4ab-bf544d71d0ec","task-2","bp_kapten_helsinki_pro","leave",629,1086,457,2025-12-06 13:52:06.398,2025-12-06 13:52:06.855,1366,607
982,"a896f8dd-e72b-4ddf-a21b-fdfff8af7628","bad1870e-b99a-4d8e-b4ab-bf544d71d0ec","task-2","bp_tnf_base_camp_fuse_box","leave",1086,1769,683,2025-12-06 13:52:06.855,2025-12-06 13:52:07.538,1366,607
983,"a896f8dd-e72b-4ddf-a21b-fdfff8af7628","bad1870e-b99a-4d8e-b4ab-bf544d71d0ec","task-2","bp_tnf_base_camp_fuse_box","leave",7185,8569,1384,2025-12-06 13:52:12.954,2025-12-06 13:52:14.338,1366,607
984,"a896f8dd-e72b-4ddf-a21b-fdfff8af7628","bad1870e-b99a-4d8e-b4ab-bf544d71d0ec","task-2","bp_kapten_helsinki_pro","leave",8586,11652,3066,2025-12-06 13:52:14.355,2025-12-06 13:52:17.421,1366,607
985,"a896f8dd-e72b-4ddf-a21b-fdfff8af7628","bad1870e-b99a-4d8e-b4ab-bf544d71d0ec","task-2","bp_patagonia_black_hole_micro_22l","leave",11669,12302,633,2025-12-06 13:52:17.439,2025-12-06 13:52:18.071,1366,607
986,"a896f8dd-e72b-4ddf-a21b-fdfff8af7628","bad1870e-b99a-4d8e-b4ab-bf544d71d0ec","task-2","bp_patagonia_black_hole_micro_22l","leave",16001,16020,19,2025-12-06 13:52:21.771,2025-12-06 13:52:21.789,1366,607
987,"a896f8dd-e72b-4ddf-a21b-fdfff8af7628","bad1870e-b99a-4d8e-b4ab-bf544d71d0ec","task-2","bp_pinqponq_purik_cliff","leave",16051,18035,1984,2025-12-06 13:52:21.82,2025-12-06 13:52:23.804,1366,607
988,"a896f8dd-e72b-4ddf-a21b-fdfff8af7628","bad1870e-b99a-4d8e-b4ab-bf544d71d0ec","task-2","bp_kapten_helsinki_pro","leave",18069,21051,2982,2025-12-06 13:52:23.838,2025-12-06 13:52:26.82,1366,607
989,"a896f8dd-e72b-4ddf-a21b-fdfff8af7628","bad1870e-b99a-4d8e-b4ab-bf544d71d0ec","task-2","bp_tnf_base_camp_fuse_box","leave",21085,22388,1303,2025-12-06 13:52:26.854,2025-12-06 13:52:28.157,1366,607
990,"a896f8dd-e72b-4ddf-a21b-fdfff8af7628","bad1870e-b99a-4d8e-b4ab-bf544d71d0ec","task-2","bp_kapten_helsinki_pro","leave",22390,22419,29,2025-12-06 13:52:28.159,2025-12-06 13:52:28.188,1366,607
991,"a896f8dd-e72b-4ddf-a21b-fdfff8af7628","bad1870e-b99a-4d8e-b4ab-bf544d71d0ec","task-2","bp_db_daypack_17l","leave",22436,23168,732,2025-12-06 13:52:28.205,2025-12-06 13:52:28.937,1366,607
992,"a896f8dd-e72b-4ddf-a21b-fdfff8af7628","bad1870e-b99a-4d8e-b4ab-bf544d71d0ec","task-2","bp_aevor_trip_pack","leave",23185,26484,3299,2025-12-06 13:52:28.954,2025-12-06 13:52:32.253,1366,607
993,"a896f8dd-e72b-4ddf-a21b-fdfff8af7628","bad1870e-b99a-4d8e-b4ab-bf544d71d0ec","task-2","bp_db_daypack_17l","leave",26502,26552,50,2025-12-06 13:52:32.271,2025-12-06 13:52:32.321,1366,607
994,"a896f8dd-e72b-4ddf-a21b-fdfff8af7628","bad1870e-b99a-4d8e-b4ab-bf544d71d0ec","task-2","bp_db_daypack_17l","leave",26735,27302,567,2025-12-06 13:52:32.504,2025-12-06 13:52:33.071,1366,607
995,"a896f8dd-e72b-4ddf-a21b-fdfff8af7628","bad1870e-b99a-4d8e-b4ab-bf544d71d0ec","task-2","bp_pinqponq_purik_cliff","leave",27304,30768,3464,2025-12-06 13:52:33.073,2025-12-06 13:52:36.537,1366,607
996,"a896f8dd-e72b-4ddf-a21b-fdfff8af7628","bad1870e-b99a-4d8e-b4ab-bf544d71d0ec","task-2","bp_aevor_trip_pack","leave",31934,31968,34,2025-12-06 13:52:37.703,2025-12-06 13:52:37.737,1366,607
997,"ba152446-6bb8-4a9c-a46a-c43f56a961f9","9daba0c2-5e80-465c-bbbd-f824d9c24657","task-2","etb_oralb_io5","leave",131,2616,2485,2025-12-06 15:19:06.335,2025-12-06 15:19:08.82,1912,924
998,"ba152446-6bb8-4a9c-a46a-c43f56a961f9","9daba0c2-5e80-465c-bbbd-f824d9c24657","task-2","etb_wondersmile_pro","leave",2633,4316,1683,2025-12-06 15:19:08.837,2025-12-06 15:19:10.52,1912,924
999,"ba152446-6bb8-4a9c-a46a-c43f56a961f9","9daba0c2-5e80-465c-bbbd-f824d9c24657","task-2","etb_oralb_io5","leave",4317,12882,8565,2025-12-06 15:19:10.521,2025-12-06 15:19:19.086,1912,924
1000,"ba152446-6bb8-4a9c-a46a-c43f56a961f9","9daba0c2-5e80-465c-bbbd-f824d9c24657","task-2","etb_wondersmile_pro","leave",12898,18914,6016,2025-12-06 15:19:19.102,2025-12-06 15:19:25.118,1912,924
1001,"ba152446-6bb8-4a9c-a46a-c43f56a961f9","9daba0c2-5e80-465c-bbbd-f824d9c24657","task-2","etb_oralb_io5","leave",18915,19781,866,2025-12-06 15:19:25.119,2025-12-06 15:19:25.985,1912,924
1002,"ba152446-6bb8-4a9c-a46a-c43f56a961f9","9daba0c2-5e80-465c-bbbd-f824d9c24657","task-2","etb_wondersmile_pro","leave",19797,21180,1383,2025-12-06 15:19:26.002,2025-12-06 15:19:27.385,1912,924
1003,"ba152446-6bb8-4a9c-a46a-c43f56a961f9","9daba0c2-5e80-465c-bbbd-f824d9c24657","task-2","etb_oralb_io5","leave",21198,22214,1016,2025-12-06 15:19:27.402,2025-12-06 15:19:28.418,1912,924
1004,"ba152446-6bb8-4a9c-a46a-c43f56a961f9","9daba0c2-5e80-465c-bbbd-f824d9c24657","task-2","etb_wondersmile_pro","leave",22231,23430,1199,2025-12-06 15:19:28.435,2025-12-06 15:19:29.634,1912,924
1005,"ba152446-6bb8-4a9c-a46a-c43f56a961f9","9daba0c2-5e80-465c-bbbd-f824d9c24657","task-2","etb_oralb_pulsonic_4500","leave",23432,24265,833,2025-12-06 15:19:29.636,2025-12-06 15:19:30.469,1912,924
1006,"ba152446-6bb8-4a9c-a46a-c43f56a961f9","9daba0c2-5e80-465c-bbbd-f824d9c24657","task-2","etb_oralb_pulsonic_4500","leave",24280,24430,150,2025-12-06 15:19:30.484,2025-12-06 15:19:30.634,1912,924
1007,"ba152446-6bb8-4a9c-a46a-c43f56a961f9","9daba0c2-5e80-465c-bbbd-f824d9c24657","task-2","etb_philips_7100","leave",24447,26847,2400,2025-12-06 15:19:30.651,2025-12-06 15:19:33.051,1912,924
1008,"ba152446-6bb8-4a9c-a46a-c43f56a961f9","9daba0c2-5e80-465c-bbbd-f824d9c24657","task-2","etb_oralb_pulsonic_4500","leave",26848,26865,17,2025-12-06 15:19:33.052,2025-12-06 15:19:33.069,1912,924
1009,"ba152446-6bb8-4a9c-a46a-c43f56a961f9","9daba0c2-5e80-465c-bbbd-f824d9c24657","task-2","etb_wondersmile_pro","leave",26868,28230,1362,2025-12-06 15:19:33.072,2025-12-06 15:19:34.434,1912,924
1010,"ba152446-6bb8-4a9c-a46a-c43f56a961f9","9daba0c2-5e80-465c-bbbd-f824d9c24657","task-2","etb_philips_5300","leave",28234,28246,12,2025-12-06 15:19:34.439,2025-12-06 15:19:34.45,1912,924
1011,"ba152446-6bb8-4a9c-a46a-c43f56a961f9","9daba0c2-5e80-465c-bbbd-f824d9c24657","task-2","etb_oralb_pro3_3500","leave",28248,29763,1515,2025-12-06 15:19:34.452,2025-12-06 15:19:35.968,1912,924
1012,"ba152446-6bb8-4a9c-a46a-c43f56a961f9","9daba0c2-5e80-465c-bbbd-f824d9c24657","task-2","etb_wondersmile_pro","leave",29764,30580,816,2025-12-06 15:19:35.969,2025-12-06 15:19:36.785,1912,924
1013,"ba152446-6bb8-4a9c-a46a-c43f56a961f9","9daba0c2-5e80-465c-bbbd-f824d9c24657","task-2","etb_philips_5300","leave",30582,30596,14,2025-12-06 15:19:36.787,2025-12-06 15:19:36.8,1912,924
1014,"ba152446-6bb8-4a9c-a46a-c43f56a961f9","9daba0c2-5e80-465c-bbbd-f824d9c24657","task-2","etb_oralb_pro3_3500","leave",30597,30730,133,2025-12-06 15:19:36.802,2025-12-06 15:19:36.934,1912,924
1015,"ba152446-6bb8-4a9c-a46a-c43f56a961f9","9daba0c2-5e80-465c-bbbd-f824d9c24657","task-2","etb_oralb_pro3_3500","leave",31579,33029,1450,2025-12-06 15:19:37.783,2025-12-06 15:19:39.233,1912,924
1016,"eb6f509a-020e-42f6-9644-a8208e915f89","65b68a45-2b10-49f3-8a4a-8315ef68f969","task-2","sw_vantagev3","leave",68,679,611,2025-12-06 19:23:49.345,2025-12-06 19:23:49.956,1280,631
1017,"eb6f509a-020e-42f6-9644-a8208e915f89","65b68a45-2b10-49f3-8a4a-8315ef68f969","task-2","sw_vantagev3","leave",761,1727,966,2025-12-06 19:23:50.038,2025-12-06 19:23:51.004,1280,631
1018,"eb6f509a-020e-42f6-9644-a8208e915f89","65b68a45-2b10-49f3-8a4a-8315ef68f969","task-2","sw_watch8","leave",1760,1994,234,2025-12-06 19:23:51.038,2025-12-06 19:23:51.271,1280,631
1019,"eb6f509a-020e-42f6-9644-a8208e915f89","65b68a45-2b10-49f3-8a4a-8315ef68f969","task-2","sw_vantagev3","leave",2027,23867,21840,2025-12-06 19:23:51.305,2025-12-06 19:24:13.145,1280,631
1020,"eb6f509a-020e-42f6-9644-a8208e915f89","65b68a45-2b10-49f3-8a4a-8315ef68f969","task-2","sw_scanwatch2","leave",23868,29858,5990,2025-12-06 19:24:13.145,2025-12-06 19:24:19.136,1280,631
1021,"eb6f509a-020e-42f6-9644-a8208e915f89","65b68a45-2b10-49f3-8a4a-8315ef68f969","task-2","sw_fr970","leave",29859,29943,84,2025-12-06 19:24:19.136,2025-12-06 19:24:19.22,1280,631
1022,"eb6f509a-020e-42f6-9644-a8208e915f89","65b68a45-2b10-49f3-8a4a-8315ef68f969","task-2","sw_aw11","leave",29944,32245,2301,2025-12-06 19:24:19.221,2025-12-06 19:24:21.523,1280,631
1023,"eb6f509a-020e-42f6-9644-a8208e915f89","65b68a45-2b10-49f3-8a4a-8315ef68f969","task-2","sw_fr970","leave",32263,32347,84,2025-12-06 19:24:21.54,2025-12-06 19:24:21.624,1280,631
1026,"137c7932-d0e4-435d-862d-268edffea572","4b7264c1-03ae-4401-ae7b-3d5418e244fa","task-2","sw_watch8","leave",1393,3399,2006,2025-12-07 13:07:07.464,2025-12-07 13:07:09.471,1440,820
1027,"137c7932-d0e4-435d-862d-268edffea572","4b7264c1-03ae-4401-ae7b-3d5418e244fa","task-2","sw_watch8","leave",19517,27317,7800,2025-12-07 13:07:25.587,2025-12-07 13:07:33.387,1440,820
1028,"137c7932-d0e4-435d-862d-268edffea572","4b7264c1-03ae-4401-ae7b-3d5418e244fa","task-2","sw_scanwatch2","leave",27500,31760,4260,2025-12-07 13:07:33.57,2025-12-07 13:07:37.83,1440,820
1029,"137c7932-d0e4-435d-862d-268edffea572","4b7264c1-03ae-4401-ae7b-3d5418e244fa","task-2","sw_vantagev3","leave",31761,33588,1827,2025-12-07 13:07:37.831,2025-12-07 13:07:39.658,1440,820
1030,"137c7932-d0e4-435d-862d-268edffea572","4b7264c1-03ae-4401-ae7b-3d5418e244fa","task-2","sw_aw11","leave",33596,34786,1190,2025-12-07 13:07:39.666,2025-12-07 13:07:40.855,1440,820
1031,"137c7932-d0e4-435d-862d-268edffea572","4b7264c1-03ae-4401-ae7b-3d5418e244fa","task-2","sw_vantagev3","leave",34787,35883,1096,2025-12-07 13:07:40.856,2025-12-07 13:07:41.953,1440,820
1032,"137c7932-d0e4-435d-862d-268edffea572","4b7264c1-03ae-4401-ae7b-3d5418e244fa","task-2","sw_fr970","leave",35898,38734,2836,2025-12-07 13:07:41.968,2025-12-07 13:07:44.804,1440,820
1033,"137c7932-d0e4-435d-862d-268edffea572","4b7264c1-03ae-4401-ae7b-3d5418e244fa","task-2","sw_aw11","leave",38736,40052,1316,2025-12-07 13:07:44.805,2025-12-07 13:07:46.121,1440,820
1034,"137c7932-d0e4-435d-862d-268edffea572","4b7264c1-03ae-4401-ae7b-3d5418e244fa","task-2","sw_fr970","leave",40053,40820,767,2025-12-07 13:07:46.122,2025-12-07 13:07:46.889,1440,820
1035,"137c7932-d0e4-435d-862d-268edffea572","4b7264c1-03ae-4401-ae7b-3d5418e244fa","task-2","sw_venu4","leave",40829,45977,5148,2025-12-07 13:07:46.899,2025-12-07 13:07:52.046,1440,820
1036,"753e73d0-42dd-4041-b353-1c3ed370ede5","b9c7d764-2da0-4564-b4d7-914e99573ad0","task-2","sw_scanwatch2","leave",166,18060,17894,2025-12-07 18:31:35.161,2025-12-07 18:31:53.055,1536,695
1037,"753e73d0-42dd-4041-b353-1c3ed370ede5","b9c7d764-2da0-4564-b4d7-914e99573ad0","task-2","sw_fr970","leave",18074,18610,536,2025-12-07 18:31:53.069,2025-12-07 18:31:53.605,1536,695
1038,"753e73d0-42dd-4041-b353-1c3ed370ede5","b9c7d764-2da0-4564-b4d7-914e99573ad0","task-2","sw_scanwatch2","leave",18622,28742,10120,2025-12-07 18:31:53.617,2025-12-07 18:32:03.737,1536,695
1039,"753e73d0-42dd-4041-b353-1c3ed370ede5","b9c7d764-2da0-4564-b4d7-914e99573ad0","task-2","sw_fr970","leave",28755,29857,1102,2025-12-07 18:32:03.75,2025-12-07 18:32:04.852,1536,695
1040,"753e73d0-42dd-4041-b353-1c3ed370ede5","b9c7d764-2da0-4564-b4d7-914e99573ad0","task-2","sw_fr970","leave",29865,32676,2811,2025-12-07 18:32:04.86,2025-12-07 18:32:07.671,1536,695
1041,"753e73d0-42dd-4041-b353-1c3ed370ede5","b9c7d764-2da0-4564-b4d7-914e99573ad0","task-2","sw_watch8","leave",32691,36227,3536,2025-12-07 18:32:07.686,2025-12-07 18:32:11.222,1536,695
1042,"753e73d0-42dd-4041-b353-1c3ed370ede5","b9c7d764-2da0-4564-b4d7-914e99573ad0","task-2","sw_vantagev3","leave",36228,42082,5854,2025-12-07 18:32:11.223,2025-12-07 18:32:17.077,1536,695
1043,"753e73d0-42dd-4041-b353-1c3ed370ede5","b9c7d764-2da0-4564-b4d7-914e99573ad0","task-2","sw_venu4","leave",42083,48428,6345,2025-12-07 18:32:17.078,2025-12-07 18:32:23.423,1536,695
1044,"753e73d0-42dd-4041-b353-1c3ed370ede5","b9c7d764-2da0-4564-b4d7-914e99573ad0","task-2","sw_aw11","leave",48442,51256,2814,2025-12-07 18:32:23.437,2025-12-07 18:32:26.251,1536,695
1045,"753e73d0-42dd-4041-b353-1c3ed370ede5","b9c7d764-2da0-4564-b4d7-914e99573ad0","task-2","sw_scanwatch2","leave",51274,58059,6785,2025-12-07 18:32:26.269,2025-12-07 18:32:33.054,1536,695
1046,"753e73d0-42dd-4041-b353-1c3ed370ede5","b9c7d764-2da0-4564-b4d7-914e99573ad0","task-2","sw_fr970","leave",58080,65223,7143,2025-12-07 18:32:33.075,2025-12-07 18:32:40.218,1536,695
1047,"753e73d0-42dd-4041-b353-1c3ed370ede5","b9c7d764-2da0-4564-b4d7-914e99573ad0","task-2","sw_watch8","leave",65232,65274,42,2025-12-07 18:32:40.227,2025-12-07 18:32:40.269,1536,695
1048,"753e73d0-42dd-4041-b353-1c3ed370ede5","b9c7d764-2da0-4564-b4d7-914e99573ad0","task-2","sw_watch8","leave",65469,68065,2596,2025-12-07 18:32:40.464,2025-12-07 18:32:43.06,1536,695
1049,"753e73d0-42dd-4041-b353-1c3ed370ede5","b9c7d764-2da0-4564-b4d7-914e99573ad0","task-2","sw_vantagev3","leave",68079,69482,1403,2025-12-07 18:32:43.074,2025-12-07 18:32:44.478,1536,695
1050,"753e73d0-42dd-4041-b353-1c3ed370ede5","b9c7d764-2da0-4564-b4d7-914e99573ad0","task-2","sw_venu4","leave",69496,73297,3801,2025-12-07 18:32:44.491,2025-12-07 18:32:48.292,1536,695
1051,"753e73d0-42dd-4041-b353-1c3ed370ede5","b9c7d764-2da0-4564-b4d7-914e99573ad0","task-2","sw_vantagev3","leave",73308,74778,1470,2025-12-07 18:32:48.303,2025-12-07 18:32:49.773,1536,695
1052,"753e73d0-42dd-4041-b353-1c3ed370ede5","b9c7d764-2da0-4564-b4d7-914e99573ad0","task-2","sw_venu4","leave",74788,75774,986,2025-12-07 18:32:49.783,2025-12-07 18:32:50.769,1536,695
1053,"753e73d0-42dd-4041-b353-1c3ed370ede5","b9c7d764-2da0-4564-b4d7-914e99573ad0","task-2","sw_aw11","leave",75780,76500,720,2025-12-07 18:32:50.776,2025-12-07 18:32:51.495,1536,695
1054,"753e73d0-42dd-4041-b353-1c3ed370ede5","b9c7d764-2da0-4564-b4d7-914e99573ad0","task-2","sw_venu4","leave",76501,79461,2960,2025-12-07 18:32:51.496,2025-12-07 18:32:54.456,1536,695
1055,"753e73d0-42dd-4041-b353-1c3ed370ede5","b9c7d764-2da0-4564-b4d7-914e99573ad0","task-2","sw_aw11","leave",79469,79503,34,2025-12-07 18:32:54.464,2025-12-07 18:32:54.498,1536,695
1056,"753e73d0-42dd-4041-b353-1c3ed370ede5","b9c7d764-2da0-4564-b4d7-914e99573ad0","task-2","sw_aw11","end_task",81070,81276,206,2025-12-07 18:32:56.065,2025-12-07 18:32:56.271,1536,695
1057,"fea3f9db-6460-4e2b-93b9-b39cba5dc77c","ed793ccf-cf9c-4b54-9951-a243e876cc49","task-2","wb_24_clima","leave",150,441,291,2025-12-07 21:02:16.461,2025-12-07 21:02:16.752,760,732
1058,"fea3f9db-6460-4e2b-93b9-b39cba5dc77c","ed793ccf-cf9c-4b54-9951-a243e876cc49","task-2","wb_24_clima","leave",768,20823,20055,2025-12-07 21:02:17.079,2025-12-07 21:02:37.134,760,732
1059,"fea3f9db-6460-4e2b-93b9-b39cba5dc77c","ed793ccf-cf9c-4b54-9951-a243e876cc49","task-2","wb_spottle_glass","leave",20824,22058,1234,2025-12-07 21:02:37.135,2025-12-07 21:02:38.369,760,732
1060,"fea3f9db-6460-4e2b-93b9-b39cba5dc77c","ed793ccf-cf9c-4b54-9951-a243e876cc49","task-2","wb_720_nolimit","leave",22059,24159,2100,2025-12-07 21:02:38.37,2025-12-07 21:02:40.47,760,732
1061,"fea3f9db-6460-4e2b-93b9-b39cba5dc77c","ed793ccf-cf9c-4b54-9951-a243e876cc49","task-2","wb_nalgene","leave",24389,25838,1449,2025-12-07 21:02:40.7,2025-12-07 21:02:42.149,760,732
1062,"fea3f9db-6460-4e2b-93b9-b39cba5dc77c","ed793ccf-cf9c-4b54-9951-a243e876cc49","task-2","wb_24_clima","leave",25839,35723,9884,2025-12-07 21:02:42.15,2025-12-07 21:02:52.033,760,732
1063,"fea3f9db-6460-4e2b-93b9-b39cba5dc77c","ed793ccf-cf9c-4b54-9951-a243e876cc49","task-2","wb_spottle_glass","leave",35723,41120,5397,2025-12-07 21:02:52.034,2025-12-07 21:02:57.431,760,732
1064,"fea3f9db-6460-4e2b-93b9-b39cba5dc77c","ed793ccf-cf9c-4b54-9951-a243e876cc49","task-2","wb_24_clima","leave",41121,43020,1899,2025-12-07 21:02:57.432,2025-12-07 21:02:59.331,760,732
1065,"fea3f9db-6460-4e2b-93b9-b39cba5dc77c","ed793ccf-cf9c-4b54-9951-a243e876cc49","task-2","wb_720_nolimit","leave",43021,49901,6880,2025-12-07 21:02:59.332,2025-12-07 21:03:06.212,760,732
1066,"fea3f9db-6460-4e2b-93b9-b39cba5dc77c","ed793ccf-cf9c-4b54-9951-a243e876cc49","task-2","wb_spottle_glass","leave",49902,60389,10487,2025-12-07 21:03:06.213,2025-12-07 21:03:16.7,760,732
1067,"fea3f9db-6460-4e2b-93b9-b39cba5dc77c","ed793ccf-cf9c-4b54-9951-a243e876cc49","task-2","wb_720_nolimit","leave",60390,69511,9121,2025-12-07 21:03:16.701,2025-12-07 21:03:25.822,760,732
1068,"fea3f9db-6460-4e2b-93b9-b39cba5dc77c","ed793ccf-cf9c-4b54-9951-a243e876cc49","task-2","wb_24_urban","leave",69512,77064,7552,2025-12-07 21:03:25.823,2025-12-07 21:03:33.375,760,732
1069,"fea3f9db-6460-4e2b-93b9-b39cba5dc77c","ed793ccf-cf9c-4b54-9951-a243e876cc49","task-2","wb_waterdrop_sport","leave",77066,87906,10840,2025-12-07 21:03:33.377,2025-12-07 21:03:44.217,760,732
1070,"fea3f9db-6460-4e2b-93b9-b39cba5dc77c","ed793ccf-cf9c-4b54-9951-a243e876cc49","task-2","wb_nalgene","leave",87907,92942,5035,2025-12-07 21:03:44.218,2025-12-07 21:03:49.252,760,732
1071,"fea3f9db-6460-4e2b-93b9-b39cba5dc77c","ed793ccf-cf9c-4b54-9951-a243e876cc49","task-2","wb_24_urban","leave",92943,93510,567,2025-12-07 21:03:49.254,2025-12-07 21:03:49.821,760,732
1072,"fea3f9db-6460-4e2b-93b9-b39cba5dc77c","ed793ccf-cf9c-4b54-9951-a243e876cc49","task-2","wb_720_nolimit","leave",93512,94176,664,2025-12-07 21:03:49.823,2025-12-07 21:03:50.487,760,732
1073,"fea3f9db-6460-4e2b-93b9-b39cba5dc77c","ed793ccf-cf9c-4b54-9951-a243e876cc49","task-2","wb_spottle_glass","leave",94178,98493,4315,2025-12-07 21:03:50.489,2025-12-07 21:03:54.804,760,732
1074,"fea3f9db-6460-4e2b-93b9-b39cba5dc77c","ed793ccf-cf9c-4b54-9951-a243e876cc49","task-2","wb_720_nolimit","leave",98501,100807,2306,2025-12-07 21:03:54.812,2025-12-07 21:03:57.118,760,732
1075,"fea3f9db-6460-4e2b-93b9-b39cba5dc77c","ed793ccf-cf9c-4b54-9951-a243e876cc49","task-2","wb_waterdrop_sport","leave",100810,100822,12,2025-12-07 21:03:57.121,2025-12-07 21:03:57.133,760,732
1076,"fea3f9db-6460-4e2b-93b9-b39cba5dc77c","ed793ccf-cf9c-4b54-9951-a243e876cc49","task-2","wb_nalgene","leave",100830,100891,61,2025-12-07 21:03:57.141,2025-12-07 21:03:57.202,760,732
1077,"6d31dbe6-2731-4dd6-8016-2842810f3c32","aa394ce7-db73-4ab9-9735-eece7d619911","task-2","wb_waterdrop_sport","leave",150,279,129,2025-12-08 08:29:48.27,2025-12-08 08:29:48.399,2048,991
1078,"6d31dbe6-2731-4dd6-8016-2842810f3c32","aa394ce7-db73-4ab9-9735-eece7d619911","task-2","wb_spottle_glass","leave",279,10187,9908,2025-12-08 08:29:48.399,2025-12-08 08:29:58.298,2048,991
1079,"6d31dbe6-2731-4dd6-8016-2842810f3c32","aa394ce7-db73-4ab9-9735-eece7d619911","task-2","wb_spottle_glass","leave",12256,12272,16,2025-12-08 08:30:00.366,2025-12-08 08:30:00.383,2048,991
1080,"6d31dbe6-2731-4dd6-8016-2842810f3c32","aa394ce7-db73-4ab9-9735-eece7d619911","task-2","wb_waterdrop_sport","leave",12356,22525,10169,2025-12-08 08:30:00.466,2025-12-08 08:30:10.635,2048,991
1081,"6d31dbe6-2731-4dd6-8016-2842810f3c32","aa394ce7-db73-4ab9-9735-eece7d619911","task-2","wb_waterdrop_sport","leave",22533,22547,14,2025-12-08 08:30:10.643,2025-12-08 08:30:10.658,2048,991
1082,"6d31dbe6-2731-4dd6-8016-2842810f3c32","aa394ce7-db73-4ab9-9735-eece7d619911","task-2","wb_24_urban","leave",22548,30788,8240,2025-12-08 08:30:10.659,2025-12-08 08:30:18.899,2048,991
1083,"6d31dbe6-2731-4dd6-8016-2842810f3c32","aa394ce7-db73-4ab9-9735-eece7d619911","task-2","wb_24_clima","leave",30889,34374,3485,2025-12-08 08:30:19,2025-12-08 08:30:22.485,2048,991
1084,"6d31dbe6-2731-4dd6-8016-2842810f3c32","aa394ce7-db73-4ab9-9735-eece7d619911","task-2","wb_720_nolimit","leave",34491,38161,3670,2025-12-08 08:30:22.602,2025-12-08 08:30:26.272,2048,991
1085,"6d31dbe6-2731-4dd6-8016-2842810f3c32","aa394ce7-db73-4ab9-9735-eece7d619911","task-2","wb_nalgene","leave",38178,39279,1101,2025-12-08 08:30:26.289,2025-12-08 08:30:27.389,2048,991
1086,"6d31dbe6-2731-4dd6-8016-2842810f3c32","aa394ce7-db73-4ab9-9735-eece7d619911","task-2","wb_spottle_glass","leave",39295,40780,1485,2025-12-08 08:30:27.406,2025-12-08 08:30:28.891,2048,991
1087,"6d31dbe6-2731-4dd6-8016-2842810f3c32","aa394ce7-db73-4ab9-9735-eece7d619911","task-2","wb_spottle_glass","leave",40797,40863,66,2025-12-08 08:30:28.908,2025-12-08 08:30:28.974,2048,991
1088,"6d31dbe6-2731-4dd6-8016-2842810f3c32","aa394ce7-db73-4ab9-9735-eece7d619911","task-2","wb_nalgene","leave",40864,40964,100,2025-12-08 08:30:28.975,2025-12-08 08:30:29.075,2048,991
1089,"6d31dbe6-2731-4dd6-8016-2842810f3c32","aa394ce7-db73-4ab9-9735-eece7d619911","task-2","wb_24_clima","leave",40966,41480,514,2025-12-08 08:30:29.077,2025-12-08 08:30:29.591,2048,991
1090,"6d31dbe6-2731-4dd6-8016-2842810f3c32","aa394ce7-db73-4ab9-9735-eece7d619911","task-2","wb_720_nolimit","leave",41482,41514,32,2025-12-08 08:30:29.592,2025-12-08 08:30:29.625,2048,991
1091,"6d31dbe6-2731-4dd6-8016-2842810f3c32","aa394ce7-db73-4ab9-9735-eece7d619911","task-2","wb_nalgene","leave",41515,41597,82,2025-12-08 08:30:29.626,2025-12-08 08:30:29.708,2048,991
1092,"3e05d04d-3487-4426-8079-827f77c7778f","2a788a65-9288-433d-8ecb-788fe69b57cd","task-2","etb_oralb_pro3_3500","leave",114,1887,1773,2025-12-08 12:29:12.467,2025-12-08 12:29:14.24,1417,680
1093,"3e05d04d-3487-4426-8079-827f77c7778f","2a788a65-9288-433d-8ecb-788fe69b57cd","task-2","etb_philips_5300","leave",1887,3220,1333,2025-12-08 12:29:14.241,2025-12-08 12:29:15.574,1417,680
1094,"3e05d04d-3487-4426-8079-827f77c7778f","2a788a65-9288-433d-8ecb-788fe69b57cd","task-2","etb_oralb_pro3_3500","leave",3221,4687,1466,2025-12-08 12:29:15.574,2025-12-08 12:29:17.04,1417,680
1095,"3e05d04d-3487-4426-8079-827f77c7778f","2a788a65-9288-433d-8ecb-788fe69b57cd","task-2","etb_philips_7100","leave",4687,15587,10900,2025-12-08 12:29:17.04,2025-12-08 12:29:27.94,1417,680
1096,"3e05d04d-3487-4426-8079-827f77c7778f","2a788a65-9288-433d-8ecb-788fe69b57cd","task-2","etb_philips_7100","leave",17438,19321,1883,2025-12-08 12:29:29.791,2025-12-08 12:29:31.673,1417,680
1097,"3e05d04d-3487-4426-8079-827f77c7778f","2a788a65-9288-433d-8ecb-788fe69b57cd","task-2","etb_oralb_pulsonic_4500","leave",19322,21455,2133,2025-12-08 12:29:31.674,2025-12-08 12:29:33.807,1417,680
1098,"3e05d04d-3487-4426-8079-827f77c7778f","2a788a65-9288-433d-8ecb-788fe69b57cd","task-2","etb_oralb_io5","leave",21456,22754,1298,2025-12-08 12:29:33.808,2025-12-08 12:29:35.106,1417,680
1099,"3e05d04d-3487-4426-8079-827f77c7778f","2a788a65-9288-433d-8ecb-788fe69b57cd","task-2","etb_oralb_pulsonic_4500","leave",22755,22821,66,2025-12-08 12:29:35.107,2025-12-08 12:29:35.173,1417,680
1100,"3e05d04d-3487-4426-8079-827f77c7778f","2a788a65-9288-433d-8ecb-788fe69b57cd","task-2","etb_philips_5300","leave",22821,25320,2499,2025-12-08 12:29:35.174,2025-12-08 12:29:37.673,1417,680
1101,"3e05d04d-3487-4426-8079-827f77c7778f","2a788a65-9288-433d-8ecb-788fe69b57cd","task-2","etb_oralb_pro3_3500","leave",25354,25454,100,2025-12-08 12:29:37.707,2025-12-08 12:29:37.806,1417,680
1102,"3e05d04d-3487-4426-8079-827f77c7778f","2a788a65-9288-433d-8ecb-788fe69b57cd","task-2","etb_philips_7100","leave",25488,29271,3783,2025-12-08 12:29:37.84,2025-12-08 12:29:41.623,1417,680
1103,"3e05d04d-3487-4426-8079-827f77c7778f","2a788a65-9288-433d-8ecb-788fe69b57cd","task-2","etb_wondersmile_pro","leave",29304,30038,734,2025-12-08 12:29:41.656,2025-12-08 12:29:42.39,1417,680
1104,"3e05d04d-3487-4426-8079-827f77c7778f","2a788a65-9288-433d-8ecb-788fe69b57cd","task-2","etb_philips_7100","leave",30040,30837,797,2025-12-08 12:29:42.392,2025-12-08 12:29:43.19,1417,680
1105,"3e05d04d-3487-4426-8079-827f77c7778f","2a788a65-9288-433d-8ecb-788fe69b57cd","task-2","etb_wondersmile_pro","leave",30838,32421,1583,2025-12-08 12:29:43.191,2025-12-08 12:29:44.774,1417,680
1106,"3e05d04d-3487-4426-8079-827f77c7778f","2a788a65-9288-433d-8ecb-788fe69b57cd","task-2","etb_oralb_io5","leave",32422,33104,682,2025-12-08 12:29:44.775,2025-12-08 12:29:45.456,1417,680
1107,"3e05d04d-3487-4426-8079-827f77c7778f","2a788a65-9288-433d-8ecb-788fe69b57cd","task-2","etb_oralb_pulsonic_4500","leave",33106,33172,66,2025-12-08 12:29:45.459,2025-12-08 12:29:45.524,1417,680
1108,"3e05d04d-3487-4426-8079-827f77c7778f","2a788a65-9288-433d-8ecb-788fe69b57cd","task-2","etb_philips_5300","leave",33173,33754,581,2025-12-08 12:29:45.525,2025-12-08 12:29:46.106,1417,680
1109,"3e05d04d-3487-4426-8079-827f77c7778f","2a788a65-9288-433d-8ecb-788fe69b57cd","task-2","etb_philips_7100","leave",33755,34254,499,2025-12-08 12:29:46.107,2025-12-08 12:29:46.606,1417,680
1110,"3e05d04d-3487-4426-8079-827f77c7778f","2a788a65-9288-433d-8ecb-788fe69b57cd","task-2","etb_oralb_pulsonic_4500","leave",34255,34288,33,2025-12-08 12:29:46.607,2025-12-08 12:29:46.64,1417,680
1111,"3e05d04d-3487-4426-8079-827f77c7778f","2a788a65-9288-433d-8ecb-788fe69b57cd","task-2","etb_oralb_io5","leave",34321,44421,10100,2025-12-08 12:29:46.673,2025-12-08 12:29:56.773,1417,680
1112,"3e05d04d-3487-4426-8079-827f77c7778f","2a788a65-9288-433d-8ecb-788fe69b57cd","task-2","etb_oralb_pulsonic_4500","leave",44423,44488,65,2025-12-08 12:29:56.775,2025-12-08 12:29:56.84,1417,680
1113,"3e05d04d-3487-4426-8079-827f77c7778f","2a788a65-9288-433d-8ecb-788fe69b57cd","task-2","etb_philips_7100","leave",44489,45171,682,2025-12-08 12:29:56.841,2025-12-08 12:29:57.523,1417,680
1114,"3e05d04d-3487-4426-8079-827f77c7778f","2a788a65-9288-433d-8ecb-788fe69b57cd","task-2","etb_philips_5300","leave",45172,46171,999,2025-12-08 12:29:57.524,2025-12-08 12:29:58.523,1417,680
1115,"3e05d04d-3487-4426-8079-827f77c7778f","2a788a65-9288-433d-8ecb-788fe69b57cd","task-2","etb_oralb_pulsonic_4500","leave",46172,46205,33,2025-12-08 12:29:58.524,2025-12-08 12:29:58.557,1417,680
1116,"3e05d04d-3487-4426-8079-827f77c7778f","2a788a65-9288-433d-8ecb-788fe69b57cd","task-2","etb_oralb_io5","leave",46206,52071,5865,2025-12-08 12:29:58.558,2025-12-08 12:30:04.422,1417,680
1117,"3e05d04d-3487-4426-8079-827f77c7778f","2a788a65-9288-433d-8ecb-788fe69b57cd","task-2","etb_oralb_pulsonic_4500","leave",52072,52105,33,2025-12-08 12:30:04.424,2025-12-08 12:30:04.456,1417,680
1118,"3e05d04d-3487-4426-8079-827f77c7778f","2a788a65-9288-433d-8ecb-788fe69b57cd","task-2","etb_philips_7100","leave",52106,52171,65,2025-12-08 12:30:04.458,2025-12-08 12:30:04.523,1417,680
1119,"3e05d04d-3487-4426-8079-827f77c7778f","2a788a65-9288-433d-8ecb-788fe69b57cd","task-2","etb_wondersmile_pro","leave",52239,57054,4815,2025-12-08 12:30:04.59,2025-12-08 12:30:09.406,1417,680
1120,"3e05d04d-3487-4426-8079-827f77c7778f","2a788a65-9288-433d-8ecb-788fe69b57cd","task-2","etb_oralb_io5","leave",57056,57688,632,2025-12-08 12:30:09.408,2025-12-08 12:30:10.039,1417,680
1121,"3e05d04d-3487-4426-8079-827f77c7778f","2a788a65-9288-433d-8ecb-788fe69b57cd","task-2","etb_oralb_pulsonic_4500","leave",57689,57755,66,2025-12-08 12:30:10.041,2025-12-08 12:30:10.106,1417,680
1122,"3e05d04d-3487-4426-8079-827f77c7778f","2a788a65-9288-433d-8ecb-788fe69b57cd","task-2","etb_philips_5300","leave",57756,57788,32,2025-12-08 12:30:10.108,2025-12-08 12:30:10.139,1417,680
1123,"1fdfc214-6359-4152-8845-2796c4df5735","a784408d-72a4-47b5-9e2f-6dac761f9ffd","task-2","bp_patagonia_black_hole_micro_22l","leave",78,1310,1232,2025-12-08 13:47:50.075,2025-12-08 13:47:51.308,1470,797
1124,"1fdfc214-6359-4152-8845-2796c4df5735","a784408d-72a4-47b5-9e2f-6dac761f9ffd","task-2","bp_patagonia_black_hole_micro_22l","leave",2011,8627,6616,2025-12-08 13:47:52.008,2025-12-08 13:47:58.625,1470,797
1125,"1fdfc214-6359-4152-8845-2796c4df5735","a784408d-72a4-47b5-9e2f-6dac761f9ffd","task-2","bp_pinqponq_purik_cliff","leave",8644,21510,12866,2025-12-08 13:47:58.641,2025-12-08 13:48:11.508,1470,797
1126,"1fdfc214-6359-4152-8845-2796c4df5735","a784408d-72a4-47b5-9e2f-6dac761f9ffd","task-2","bp_kapten_helsinki_pro","leave",21527,28793,7266,2025-12-08 13:48:11.525,2025-12-08 13:48:18.791,1470,797
1127,"1fdfc214-6359-4152-8845-2796c4df5735","a784408d-72a4-47b5-9e2f-6dac761f9ffd","task-2","bp_pinqponq_purik_cliff","leave",28810,29077,267,2025-12-08 13:48:18.808,2025-12-08 13:48:19.075,1470,797
1128,"1fdfc214-6359-4152-8845-2796c4df5735","a784408d-72a4-47b5-9e2f-6dac761f9ffd","task-2","bp_tnf_base_camp_fuse_box","leave",29077,35944,6867,2025-12-08 13:48:19.075,2025-12-08 13:48:25.942,1470,797
1129,"1fdfc214-6359-4152-8845-2796c4df5735","a784408d-72a4-47b5-9e2f-6dac761f9ffd","task-2","bp_pinqponq_purik_cliff","leave",35946,39277,3331,2025-12-08 13:48:25.943,2025-12-08 13:48:29.275,1470,797
1130,"1fdfc214-6359-4152-8845-2796c4df5735","a784408d-72a4-47b5-9e2f-6dac761f9ffd","task-2","bp_db_daypack_17l","leave",39294,39310,16,2025-12-08 13:48:29.292,2025-12-08 13:48:29.308,1470,797
1131,"0b4d9e24-69ec-4e63-9383-72999e0f4f96","e0706a41-3231-4374-a546-2d56f686f34c","task-2","det_denkmit","leave",140,461,321,2025-12-09 08:33:10.795,2025-12-09 08:33:11.116,1536,695
1132,"0b4d9e24-69ec-4e63-9383-72999e0f4f96","e0706a41-3231-4374-a546-2d56f686f34c","task-2","det_lenor","leave",5464,5597,133,2025-12-09 08:33:16.119,2025-12-09 08:33:16.253,1536,695
1133,"0b4d9e24-69ec-4e63-9383-72999e0f4f96","e0706a41-3231-4374-a546-2d56f686f34c","task-2","det_ecover","leave",5614,6899,1285,2025-12-09 08:33:16.269,2025-12-09 08:33:17.554,1536,695
1134,"0b4d9e24-69ec-4e63-9383-72999e0f4f96","e0706a41-3231-4374-a546-2d56f686f34c","task-2","det_lenor","leave",6899,7216,317,2025-12-09 08:33:17.554,2025-12-09 08:33:17.871,1536,695
1135,"0b4d9e24-69ec-4e63-9383-72999e0f4f96","e0706a41-3231-4374-a546-2d56f686f34c","task-2","det_ecover","leave",7665,14321,6656,2025-12-09 08:33:18.32,2025-12-09 08:33:24.976,1536,695
1136,"0b4d9e24-69ec-4e63-9383-72999e0f4f96","e0706a41-3231-4374-a546-2d56f686f34c","task-2","det_persil","leave",14322,14405,83,2025-12-09 08:33:24.977,2025-12-09 08:33:25.061,1536,695
1137,"0b4d9e24-69ec-4e63-9383-72999e0f4f96","e0706a41-3231-4374-a546-2d56f686f34c","task-2","det_ariel","leave",14438,14472,34,2025-12-09 08:33:25.093,2025-12-09 08:33:25.127,1536,695
1138,"0b4d9e24-69ec-4e63-9383-72999e0f4f96","e0706a41-3231-4374-a546-2d56f686f34c","task-2","det_denkmit","leave",14472,17140,2668,2025-12-09 08:33:25.127,2025-12-09 08:33:27.795,1536,695
1139,"0b4d9e24-69ec-4e63-9383-72999e0f4f96","e0706a41-3231-4374-a546-2d56f686f34c","task-2","det_persil","leave",17157,17208,51,2025-12-09 08:33:27.812,2025-12-09 08:33:27.863,1536,695
1140,"0b4d9e24-69ec-4e63-9383-72999e0f4f96","e0706a41-3231-4374-a546-2d56f686f34c","task-2","det_ecover","leave",17224,17991,767,2025-12-09 08:33:27.879,2025-12-09 08:33:28.646,1536,695
1141,"0b4d9e24-69ec-4e63-9383-72999e0f4f96","e0706a41-3231-4374-a546-2d56f686f34c","task-2","det_lenor","leave",17991,21544,3553,2025-12-09 08:33:28.646,2025-12-09 08:33:32.199,1536,695
1142,"0b4d9e24-69ec-4e63-9383-72999e0f4f96","e0706a41-3231-4374-a546-2d56f686f34c","task-2","det_ariel","leave",21545,23545,2000,2025-12-09 08:33:32.2,2025-12-09 08:33:34.2,1536,695
1143,"0b4d9e24-69ec-4e63-9383-72999e0f4f96","e0706a41-3231-4374-a546-2d56f686f34c","task-2","det_persil","leave",23547,24529,982,2025-12-09 08:33:34.202,2025-12-09 08:33:35.184,1536,695
1144,"0b4d9e24-69ec-4e63-9383-72999e0f4f96","e0706a41-3231-4374-a546-2d56f686f34c","task-2","det_weisser","leave",24548,26097,1549,2025-12-09 08:33:35.203,2025-12-09 08:33:36.752,1536,695
1145,"0b4d9e24-69ec-4e63-9383-72999e0f4f96","e0706a41-3231-4374-a546-2d56f686f34c","task-2","det_persil","leave",26098,26215,117,2025-12-09 08:33:36.753,2025-12-09 08:33:36.87,1536,695
1146,"0b4d9e24-69ec-4e63-9383-72999e0f4f96","e0706a41-3231-4374-a546-2d56f686f34c","task-2","det_ecover","leave",26232,27133,901,2025-12-09 08:33:36.887,2025-12-09 08:33:37.788,1536,695
1147,"cc068684-3570-4674-8df9-fd78509f755e","241ca21f-0214-47fa-933c-b2c656f1819d","task-2","bp_db_daypack_17l","leave",111,1668,1557,2025-12-09 13:05:08.98,2025-12-09 13:05:10.537,1920,927
1148,"cc068684-3570-4674-8df9-fd78509f755e","241ca21f-0214-47fa-933c-b2c656f1819d","task-2","bp_aevor_trip_pack","leave",1685,2519,834,2025-12-09 13:05:10.554,2025-12-09 13:05:11.387,1920,927
1149,"cc068684-3570-4674-8df9-fd78509f755e","241ca21f-0214-47fa-933c-b2c656f1819d","task-2","bp_db_daypack_17l","leave",2568,41652,39084,2025-12-09 13:05:11.437,2025-12-09 13:05:50.521,1920,927
1150,"cc068684-3570-4674-8df9-fd78509f755e","241ca21f-0214-47fa-933c-b2c656f1819d","task-2","bp_patagonia_black_hole_micro_22l","leave",41669,42219,550,2025-12-09 13:05:50.537,2025-12-09 13:05:51.087,1920,927
1151,"cc068684-3570-4674-8df9-fd78509f755e","241ca21f-0214-47fa-933c-b2c656f1819d","task-2","bp_db_daypack_17l","leave",42236,42469,233,2025-12-09 13:05:51.105,2025-12-09 13:05:51.338,1920,927
1152,"cc068684-3570-4674-8df9-fd78509f755e","241ca21f-0214-47fa-933c-b2c656f1819d","task-2","bp_aevor_trip_pack","leave",42486,43902,1416,2025-12-09 13:05:51.354,2025-12-09 13:05:52.771,1920,927
1153,"cc068684-3570-4674-8df9-fd78509f755e","241ca21f-0214-47fa-933c-b2c656f1819d","task-2","bp_db_daypack_17l","leave",43903,45886,1983,2025-12-09 13:05:52.771,2025-12-09 13:05:54.754,1920,927
1154,"cc068684-3570-4674-8df9-fd78509f755e","241ca21f-0214-47fa-933c-b2c656f1819d","task-2","bp_aevor_trip_pack","leave",45886,46302,416,2025-12-09 13:05:54.754,2025-12-09 13:05:55.171,1920,927
1155,"cc068684-3570-4674-8df9-fd78509f755e","241ca21f-0214-47fa-933c-b2c656f1819d","task-2","bp_tnf_base_camp_fuse_box","leave",46319,54219,7900,2025-12-09 13:05:55.187,2025-12-09 13:06:03.087,1920,927
1156,"cc068684-3570-4674-8df9-fd78509f755e","241ca21f-0214-47fa-933c-b2c656f1819d","task-2","bp_aevor_trip_pack","leave",54221,58402,4181,2025-12-09 13:06:03.09,2025-12-09 13:06:07.271,1920,927
1157,"cc068684-3570-4674-8df9-fd78509f755e","241ca21f-0214-47fa-933c-b2c656f1819d","task-2","bp_db_daypack_17l","leave",58404,63636,5232,2025-12-09 13:06:07.272,2025-12-09 13:06:12.504,1920,927
1158,"cc068684-3570-4674-8df9-fd78509f755e","241ca21f-0214-47fa-933c-b2c656f1819d","task-2","bp_patagonia_black_hole_micro_22l","leave",63652,69719,6067,2025-12-09 13:06:12.521,2025-12-09 13:06:18.587,1920,927
1159,"cc068684-3570-4674-8df9-fd78509f755e","241ca21f-0214-47fa-933c-b2c656f1819d","task-2","bp_kapten_helsinki_pro","leave",69720,70086,366,2025-12-09 13:06:18.589,2025-12-09 13:06:18.955,1920,927
1160,"cc068684-3570-4674-8df9-fd78509f755e","241ca21f-0214-47fa-933c-b2c656f1819d","task-2","bp_pinqponq_purik_cliff","leave",70436,71220,784,2025-12-09 13:06:19.305,2025-12-09 13:06:20.088,1920,927
1161,"cc068684-3570-4674-8df9-fd78509f755e","241ca21f-0214-47fa-933c-b2c656f1819d","task-2","bp_kapten_helsinki_pro","leave",71253,71519,266,2025-12-09 13:06:20.121,2025-12-09 13:06:20.388,1920,927
1162,"cc068684-3570-4674-8df9-fd78509f755e","241ca21f-0214-47fa-933c-b2c656f1819d","task-2","bp_aevor_trip_pack","leave",71536,72703,1167,2025-12-09 13:06:20.404,2025-12-09 13:06:21.571,1920,927
1163,"cc068684-3570-4674-8df9-fd78509f755e","241ca21f-0214-47fa-933c-b2c656f1819d","task-2","bp_db_daypack_17l","leave",72719,72819,100,2025-12-09 13:06:21.588,2025-12-09 13:06:21.688,1920,927
1164,"cc068684-3570-4674-8df9-fd78509f755e","241ca21f-0214-47fa-933c-b2c656f1819d","task-2","bp_patagonia_black_hole_micro_22l","leave",72836,80753,7917,2025-12-09 13:06:21.705,2025-12-09 13:06:29.622,1920,927
1165,"cc068684-3570-4674-8df9-fd78509f755e","241ca21f-0214-47fa-933c-b2c656f1819d","task-2","bp_kapten_helsinki_pro","leave",80769,92437,11668,2025-12-09 13:06:29.638,2025-12-09 13:06:41.305,1920,927
1166,"cc068684-3570-4674-8df9-fd78509f755e","241ca21f-0214-47fa-933c-b2c656f1819d","task-2","bp_pinqponq_purik_cliff","leave",92453,94069,1616,2025-12-09 13:06:41.321,2025-12-09 13:06:42.938,1920,927
1167,"cc068684-3570-4674-8df9-fd78509f755e","241ca21f-0214-47fa-933c-b2c656f1819d","task-2","bp_kapten_helsinki_pro","leave",94071,94170,99,2025-12-09 13:06:42.94,2025-12-09 13:06:43.038,1920,927
1168,"cc068684-3570-4674-8df9-fd78509f755e","241ca21f-0214-47fa-933c-b2c656f1819d","task-2","bp_aevor_trip_pack","leave",94736,96003,1267,2025-12-09 13:06:43.605,2025-12-09 13:06:44.872,1920,927
1169,"cc068684-3570-4674-8df9-fd78509f755e","241ca21f-0214-47fa-933c-b2c656f1819d","task-2","bp_tnf_base_camp_fuse_box","leave",96337,96403,66,2025-12-09 13:06:45.205,2025-12-09 13:06:45.272,1920,927
1170,"cc068684-3570-4674-8df9-fd78509f755e","241ca21f-0214-47fa-933c-b2c656f1819d","task-2","bp_pinqponq_purik_cliff","leave",96520,101919,5399,2025-12-09 13:06:45.388,2025-12-09 13:06:50.789,1920,927
1171,"cc068684-3570-4674-8df9-fd78509f755e","241ca21f-0214-47fa-933c-b2c656f1819d","task-2","bp_pinqponq_purik_cliff","leave",102220,108603,6383,2025-12-09 13:06:51.089,2025-12-09 13:06:57.472,1920,927
1172,"cc068684-3570-4674-8df9-fd78509f755e","241ca21f-0214-47fa-933c-b2c656f1819d","task-2","bp_tnf_base_camp_fuse_box","leave",108605,116636,8031,2025-12-09 13:06:57.474,2025-12-09 13:07:05.505,1920,927
1173,"cc068684-3570-4674-8df9-fd78509f755e","241ca21f-0214-47fa-933c-b2c656f1819d","task-2","bp_aevor_trip_pack","leave",116639,121703,5064,2025-12-09 13:07:05.507,2025-12-09 13:07:10.572,1920,927
1174,"cc068684-3570-4674-8df9-fd78509f755e","241ca21f-0214-47fa-933c-b2c656f1819d","task-2","bp_db_daypack_17l","leave",121720,126320,4600,2025-12-09 13:07:10.589,2025-12-09 13:07:15.188,1920,927
1175,"cc068684-3570-4674-8df9-fd78509f755e","241ca21f-0214-47fa-933c-b2c656f1819d","task-2","bp_patagonia_black_hole_micro_22l","leave",126337,139204,12867,2025-12-09 13:07:15.206,2025-12-09 13:07:28.072,1920,927
1176,"cc068684-3570-4674-8df9-fd78509f755e","241ca21f-0214-47fa-933c-b2c656f1819d","task-2","bp_db_daypack_17l","leave",139254,143453,4199,2025-12-09 13:07:28.122,2025-12-09 13:07:32.322,1920,927
1177,"cc068684-3570-4674-8df9-fd78509f755e","241ca21f-0214-47fa-933c-b2c656f1819d","task-2","bp_aevor_trip_pack","leave",143470,144704,1234,2025-12-09 13:07:32.339,2025-12-09 13:07:33.572,1920,927
1178,"cc068684-3570-4674-8df9-fd78509f755e","241ca21f-0214-47fa-933c-b2c656f1819d","task-2","bp_db_daypack_17l","leave",144705,145704,999,2025-12-09 13:07:33.574,2025-12-09 13:07:34.572,1920,927
1179,"cc068684-3570-4674-8df9-fd78509f755e","241ca21f-0214-47fa-933c-b2c656f1819d","task-2","bp_aevor_trip_pack","leave",145706,145804,98,2025-12-09 13:07:34.574,2025-12-09 13:07:34.672,1920,927
1180,"cc068684-3570-4674-8df9-fd78509f755e","241ca21f-0214-47fa-933c-b2c656f1819d","task-2","bp_tnf_base_camp_fuse_box","leave",145806,147237,1431,2025-12-09 13:07:34.674,2025-12-09 13:07:36.106,1920,927
1181,"cc068684-3570-4674-8df9-fd78509f755e","241ca21f-0214-47fa-933c-b2c656f1819d","task-2","bp_tnf_base_camp_fuse_box","leave",147470,150220,2750,2025-12-09 13:07:36.339,2025-12-09 13:07:39.089,1920,927
1182,"cc068684-3570-4674-8df9-fd78509f755e","241ca21f-0214-47fa-933c-b2c656f1819d","task-2","bp_pinqponq_purik_cliff","leave",150222,151338,1116,2025-12-09 13:07:39.091,2025-12-09 13:07:40.205,1920,927
1183,"cc068684-3570-4674-8df9-fd78509f755e","241ca21f-0214-47fa-933c-b2c656f1819d","task-2","bp_kapten_helsinki_pro","leave",151353,156087,4734,2025-12-09 13:07:40.222,2025-12-09 13:07:44.955,1920,927
1184,"cc068684-3570-4674-8df9-fd78509f755e","241ca21f-0214-47fa-933c-b2c656f1819d","task-2","bp_patagonia_black_hole_micro_22l","leave",156089,160820,4731,2025-12-09 13:07:44.957,2025-12-09 13:07:49.689,1920,927
1185,"cc068684-3570-4674-8df9-fd78509f755e","241ca21f-0214-47fa-933c-b2c656f1819d","task-2","bp_db_daypack_17l","leave",160837,163271,2434,2025-12-09 13:07:49.705,2025-12-09 13:07:52.139,1920,927
1186,"cc068684-3570-4674-8df9-fd78509f755e","241ca21f-0214-47fa-933c-b2c656f1819d","task-2","bp_patagonia_black_hole_micro_22l","leave",163288,165604,2316,2025-12-09 13:07:52.155,2025-12-09 13:07:54.472,1920,927
1187,"cc068684-3570-4674-8df9-fd78509f755e","241ca21f-0214-47fa-933c-b2c656f1819d","task-2","bp_patagonia_black_hole_micro_22l","end_task",167471,167962,491,2025-12-09 13:07:56.339,2025-12-09 13:07:56.831,1920,927
1188,"88ae2336-2dea-451e-aaba-110c63b4c8a4","a3b479f6-0430-44be-a23b-b1e580e826e0","task-2","bp_pinqponq_purik_cliff","leave",624,4141,3517,2025-12-10 15:17:02.968,2025-12-10 15:17:06.486,1492,793
1189,"88ae2336-2dea-451e-aaba-110c63b4c8a4","a3b479f6-0430-44be-a23b-b1e580e826e0","task-2","bp_tnf_base_camp_fuse_box","leave",4159,4591,432,2025-12-10 15:17:06.503,2025-12-10 15:17:06.935,1492,793
1190,"88ae2336-2dea-451e-aaba-110c63b4c8a4","a3b479f6-0430-44be-a23b-b1e580e826e0","task-2","bp_kapten_helsinki_pro","leave",4608,6411,1803,2025-12-10 15:17:06.953,2025-12-10 15:17:08.755,1492,793
1191,"88ae2336-2dea-451e-aaba-110c63b4c8a4","a3b479f6-0430-44be-a23b-b1e580e826e0","task-2","bp_patagonia_black_hole_micro_22l","leave",6411,6419,8,2025-12-10 15:17:08.755,2025-12-10 15:17:08.763,1492,793
1192,"88ae2336-2dea-451e-aaba-110c63b4c8a4","a3b479f6-0430-44be-a23b-b1e580e826e0","task-2","bp_db_daypack_17l","leave",6443,6800,357,2025-12-10 15:17:08.787,2025-12-10 15:17:09.144,1492,793
1193,"88ae2336-2dea-451e-aaba-110c63b4c8a4","a3b479f6-0430-44be-a23b-b1e580e826e0","task-2","bp_aevor_trip_pack","leave",6800,7525,725,2025-12-10 15:17:09.144,2025-12-10 15:17:09.869,1492,793
1194,"b82be074-d42b-469c-8162-8ecd69a43c18","4aa8ea4c-b876-4599-a707-1bad68e2ac47","task-2","det_lenor","leave",231,1072,841,2025-12-12 08:25:58.461,2025-12-12 08:25:59.302,1360,780
1195,"b82be074-d42b-469c-8162-8ecd69a43c18","4aa8ea4c-b876-4599-a707-1bad68e2ac47","task-2","det_lenor","leave",10579,10596,17,2025-12-12 08:26:08.81,2025-12-12 08:26:08.827,1360,780
1196,"b82be074-d42b-469c-8162-8ecd69a43c18","4aa8ea4c-b876-4599-a707-1bad68e2ac47","task-2","det_lenor","leave",10795,26439,15644,2025-12-12 08:26:09.025,2025-12-12 08:26:24.67,1360,780
1197,"b82be074-d42b-469c-8162-8ecd69a43c18","4aa8ea4c-b876-4599-a707-1bad68e2ac47","task-2","det_persil","leave",26456,29992,3536,2025-12-12 08:26:24.687,2025-12-12 08:26:28.222,1360,780
1198,"b82be074-d42b-469c-8162-8ecd69a43c18","4aa8ea4c-b876-4599-a707-1bad68e2ac47","task-2","det_weisser","leave",29994,31193,1199,2025-12-12 08:26:28.224,2025-12-12 08:26:29.423,1360,780
1199,"b82be074-d42b-469c-8162-8ecd69a43c18","4aa8ea4c-b876-4599-a707-1bad68e2ac47","task-2","det_ecover","leave",31195,32046,851,2025-12-12 08:26:29.426,2025-12-12 08:26:30.276,1360,780
1200,"b82be074-d42b-469c-8162-8ecd69a43c18","4aa8ea4c-b876-4599-a707-1bad68e2ac47","task-2","det_ariel","leave",32048,32910,862,2025-12-12 08:26:30.278,2025-12-12 08:26:31.14,1360,780
1201,"b82be074-d42b-469c-8162-8ecd69a43c18","4aa8ea4c-b876-4599-a707-1bad68e2ac47","task-2","det_denkmit","leave",32912,46020,13108,2025-12-12 08:26:31.142,2025-12-12 08:26:44.25,1360,780
1202,"b82be074-d42b-469c-8162-8ecd69a43c18","4aa8ea4c-b876-4599-a707-1bad68e2ac47","task-2","det_ariel","leave",46025,56226,10201,2025-12-12 08:26:44.255,2025-12-12 08:26:54.456,1360,780
1203,"b82be074-d42b-469c-8162-8ecd69a43c18","4aa8ea4c-b876-4599-a707-1bad68e2ac47","task-2","det_ecover","leave",56243,58744,2501,2025-12-12 08:26:54.473,2025-12-12 08:26:56.975,1360,780
1204,"b82be074-d42b-469c-8162-8ecd69a43c18","4aa8ea4c-b876-4599-a707-1bad68e2ac47","task-2","det_ariel","leave",58748,58795,47,2025-12-12 08:26:56.978,2025-12-12 08:26:57.025,1360,780
1205,"b82be074-d42b-469c-8162-8ecd69a43c18","4aa8ea4c-b876-4599-a707-1bad68e2ac47","task-2","det_denkmit","leave",58801,76758,17957,2025-12-12 08:26:57.031,2025-12-12 08:27:14.988,1360,780
1206,"b82be074-d42b-469c-8162-8ecd69a43c18","4aa8ea4c-b876-4599-a707-1bad68e2ac47","task-2","det_persil","leave",76765,76807,42,2025-12-12 08:27:14.995,2025-12-12 08:27:15.038,1360,780
1207,"b82be074-d42b-469c-8162-8ecd69a43c18","4aa8ea4c-b876-4599-a707-1bad68e2ac47","task-2","det_weisser","leave",76814,76826,12,2025-12-12 08:27:15.045,2025-12-12 08:27:15.057,1360,780
1208,"b82be074-d42b-469c-8162-8ecd69a43c18","4aa8ea4c-b876-4599-a707-1bad68e2ac47","task-2","det_weisser","leave",77057,78474,1417,2025-12-12 08:27:15.288,2025-12-12 08:27:16.705,1360,780
1209,"b82be074-d42b-469c-8162-8ecd69a43c18","4aa8ea4c-b876-4599-a707-1bad68e2ac47","task-2","det_persil","leave",78478,79276,798,2025-12-12 08:27:16.709,2025-12-12 08:27:17.506,1360,780
1210,"b82be074-d42b-469c-8162-8ecd69a43c18","4aa8ea4c-b876-4599-a707-1bad68e2ac47","task-2","det_lenor","leave",79282,79326,44,2025-12-12 08:27:17.512,2025-12-12 08:27:17.556,1360,780
1211,"b82be074-d42b-469c-8162-8ecd69a43c18","4aa8ea4c-b876-4599-a707-1bad68e2ac47","task-2","det_denkmit","leave",79342,80762,1420,2025-12-12 08:27:17.573,2025-12-12 08:27:18.992,1360,780
1212,"b82be074-d42b-469c-8162-8ecd69a43c18","4aa8ea4c-b876-4599-a707-1bad68e2ac47","task-2","det_denkmit","leave",80827,81827,1000,2025-12-12 08:27:19.057,2025-12-12 08:27:20.058,1360,780
1249,"a7105bfa-e734-47ed-8fe4-7908ee320106","81fe54b8-48d6-4929-970f-a999e75bb7f1","task-2","bp_tnf_base_camp_fuse_box","leave",7707,7748,41,2025-12-12 09:47:54.258,2025-12-12 09:47:54.298,730,330
1250,"a7105bfa-e734-47ed-8fe4-7908ee320106","81fe54b8-48d6-4929-970f-a999e75bb7f1","task-2","bp_tnf_base_camp_fuse_box","leave",8633,8813,180,2025-12-12 09:47:55.184,2025-12-12 09:47:55.364,730,330
1251,"a7105bfa-e734-47ed-8fe4-7908ee320106","81fe54b8-48d6-4929-970f-a999e75bb7f1","task-2","bp_tnf_base_camp_fuse_box","leave",9716,9725,9,2025-12-12 09:47:56.267,2025-12-12 09:47:56.276,730,330
1252,"a7105bfa-e734-47ed-8fe4-7908ee320106","81fe54b8-48d6-4929-970f-a999e75bb7f1","task-2","bp_tnf_base_camp_fuse_box","leave",9949,10019,70,2025-12-12 09:47:56.5,2025-12-12 09:47:56.57,730,330
1253,"a7105bfa-e734-47ed-8fe4-7908ee320106","81fe54b8-48d6-4929-970f-a999e75bb7f1","task-2","bp_tnf_base_camp_fuse_box","leave",11074,11129,55,2025-12-12 09:47:57.624,2025-12-12 09:47:57.68,730,330
1254,"a7105bfa-e734-47ed-8fe4-7908ee320106","81fe54b8-48d6-4929-970f-a999e75bb7f1","task-2","bp_tnf_base_camp_fuse_box","leave",11990,12049,59,2025-12-12 09:47:58.541,2025-12-12 09:47:58.6,730,330
1255,"a7105bfa-e734-47ed-8fe4-7908ee320106","81fe54b8-48d6-4929-970f-a999e75bb7f1","task-2","bp_tnf_base_camp_fuse_box","leave",12723,12806,83,2025-12-12 09:47:59.274,2025-12-12 09:47:59.357,730,330
1256,"a7105bfa-e734-47ed-8fe4-7908ee320106","81fe54b8-48d6-4929-970f-a999e75bb7f1","task-2","bp_tnf_base_camp_fuse_box","leave",13223,13245,22,2025-12-12 09:47:59.774,2025-12-12 09:47:59.796,730,330
1257,"a7105bfa-e734-47ed-8fe4-7908ee320106","81fe54b8-48d6-4929-970f-a999e75bb7f1","task-2","bp_kapten_helsinki_pro","leave",13973,14036,63,2025-12-12 09:48:00.524,2025-12-12 09:48:00.587,730,330
1258,"a7105bfa-e734-47ed-8fe4-7908ee320106","81fe54b8-48d6-4929-970f-a999e75bb7f1","task-2","bp_kapten_helsinki_pro","leave",14877,14952,75,2025-12-12 09:48:01.428,2025-12-12 09:48:01.503,730,330
1259,"a7105bfa-e734-47ed-8fe4-7908ee320106","81fe54b8-48d6-4929-970f-a999e75bb7f1","task-2","bp_tnf_base_camp_fuse_box","leave",15641,15682,41,2025-12-12 09:48:02.192,2025-12-12 09:48:02.233,730,274
1260,"a7105bfa-e734-47ed-8fe4-7908ee320106","81fe54b8-48d6-4929-970f-a999e75bb7f1","task-2","bp_kapten_helsinki_pro","leave",16993,17020,27,2025-12-12 09:48:03.544,2025-12-12 09:48:03.571,730,330
1261,"a7105bfa-e734-47ed-8fe4-7908ee320106","81fe54b8-48d6-4929-970f-a999e75bb7f1","task-2","bp_kapten_helsinki_pro","leave",17513,17570,57,2025-12-12 09:48:04.064,2025-12-12 09:48:04.121,730,330
1262,"a7105bfa-e734-47ed-8fe4-7908ee320106","81fe54b8-48d6-4929-970f-a999e75bb7f1","task-2","bp_db_daypack_17l","leave",18286,18353,67,2025-12-12 09:48:04.837,2025-12-12 09:48:04.904,730,330
1263,"a7105bfa-e734-47ed-8fe4-7908ee320106","81fe54b8-48d6-4929-970f-a999e75bb7f1","task-2","bp_db_daypack_17l","leave",18886,18912,26,2025-12-12 09:48:05.437,2025-12-12 09:48:05.463,730,330
1264,"a7105bfa-e734-47ed-8fe4-7908ee320106","81fe54b8-48d6-4929-970f-a999e75bb7f1","task-2","bp_aevor_trip_pack","leave",19751,19820,69,2025-12-12 09:48:06.302,2025-12-12 09:48:06.371,730,330
1265,"a7105bfa-e734-47ed-8fe4-7908ee320106","81fe54b8-48d6-4929-970f-a999e75bb7f1","task-2","bp_aevor_trip_pack","leave",20317,20355,38,2025-12-12 09:48:06.868,2025-12-12 09:48:06.906,730,330
1266,"a7105bfa-e734-47ed-8fe4-7908ee320106","81fe54b8-48d6-4929-970f-a999e75bb7f1","task-2","bp_pinqponq_purik_cliff","leave",21096,21144,48,2025-12-12 09:48:07.647,2025-12-12 09:48:07.695,730,330
1267,"a7105bfa-e734-47ed-8fe4-7908ee320106","81fe54b8-48d6-4929-970f-a999e75bb7f1","task-2","bp_patagonia_black_hole_micro_22l","leave",21675,21723,48,2025-12-12 09:48:08.226,2025-12-12 09:48:08.274,730,330
1268,"a7105bfa-e734-47ed-8fe4-7908ee320106","81fe54b8-48d6-4929-970f-a999e75bb7f1","task-2","bp_patagonia_black_hole_micro_22l","leave",22276,22324,48,2025-12-12 09:48:08.827,2025-12-12 09:48:08.874,730,330
1269,"a7105bfa-e734-47ed-8fe4-7908ee320106","81fe54b8-48d6-4929-970f-a999e75bb7f1","task-2","bp_pinqponq_purik_cliff","leave",23325,23340,15,2025-12-12 09:48:09.876,2025-12-12 09:48:09.891,730,330
1270,"a7105bfa-e734-47ed-8fe4-7908ee320106","81fe54b8-48d6-4929-970f-a999e75bb7f1","task-2","bp_aevor_trip_pack","leave",23672,23707,35,2025-12-12 09:48:10.223,2025-12-12 09:48:10.258,730,330
1271,"a7105bfa-e734-47ed-8fe4-7908ee320106","81fe54b8-48d6-4929-970f-a999e75bb7f1","task-2","bp_kapten_helsinki_pro","leave",23975,24004,29,2025-12-12 09:48:10.525,2025-12-12 09:48:10.555,730,330
1272,"a7105bfa-e734-47ed-8fe4-7908ee320106","81fe54b8-48d6-4929-970f-a999e75bb7f1","task-2","bp_tnf_base_camp_fuse_box","leave",25037,25124,87,2025-12-12 09:48:11.588,2025-12-12 09:48:11.675,730,330
1273,"a7105bfa-e734-47ed-8fe4-7908ee320106","81fe54b8-48d6-4929-970f-a999e75bb7f1","task-2","bp_tnf_base_camp_fuse_box","leave",26334,26352,18,2025-12-12 09:48:12.885,2025-12-12 09:48:12.902,730,274
1274,"a7105bfa-e734-47ed-8fe4-7908ee320106","81fe54b8-48d6-4929-970f-a999e75bb7f1","task-2","bp_kapten_helsinki_pro","leave",26628,26997,369,2025-12-12 09:48:13.179,2025-12-12 09:48:13.548,730,274
1275,"a7105bfa-e734-47ed-8fe4-7908ee320106","81fe54b8-48d6-4929-970f-a999e75bb7f1","task-2","bp_aevor_trip_pack","leave",27341,27344,3,2025-12-12 09:48:13.892,2025-12-12 09:48:13.895,730,274
1276,"9c0b75f0-c77e-4df0-a953-cce5d9635dfa","4a16ecf4-0324-4baf-a38f-1ea98ce73fc3","task-2","sw_scanwatch2","switch",2466,9273,6807,2025-12-12 10:04:21.392,2025-12-12 10:04:28.199,393,735
1277,"9c0b75f0-c77e-4df0-a953-cce5d9635dfa","4a16ecf4-0324-4baf-a38f-1ea98ce73fc3","task-2","sw_fr970","leave",9273,9300,27,2025-12-12 10:04:28.199,2025-12-12 10:04:28.226,393,735
1278,"9c0b75f0-c77e-4df0-a953-cce5d9635dfa","4a16ecf4-0324-4baf-a38f-1ea98ce73fc3","task-2","sw_aw11","leave",10602,10663,61,2025-12-12 10:04:29.528,2025-12-12 10:04:29.589,393,695
1279,"9c0b75f0-c77e-4df0-a953-cce5d9635dfa","4a16ecf4-0324-4baf-a38f-1ea98ce73fc3","task-2","sw_vantagev3","end_task",11305,13601,2296,2025-12-12 10:04:30.231,2025-12-12 10:04:32.527,393,735
1280,"d06110bb-f28b-41f9-97e9-4f6c59052d41","f5b5e557-ecf7-4d49-a4b3-1c2cde77ea6f","task-2","sp_beosound_explore","leave",58,984,926,2025-12-12 10:09:40.398,2025-12-12 10:09:41.324,1512,861
1281,"d06110bb-f28b-41f9-97e9-4f6c59052d41","f5b5e557-ecf7-4d49-a4b3-1c2cde77ea6f","task-2","sp_beosound_explore","leave",13089,31842,18753,2025-12-12 10:09:53.429,2025-12-12 10:10:12.182,1512,861
1282,"d06110bb-f28b-41f9-97e9-4f6c59052d41","f5b5e557-ecf7-4d49-a4b3-1c2cde77ea6f","task-2","sp_jbl_charge5","leave",31867,34563,2696,2025-12-12 10:10:12.207,2025-12-12 10:10:14.903,1512,861
1283,"d06110bb-f28b-41f9-97e9-4f6c59052d41","f5b5e557-ecf7-4d49-a4b3-1c2cde77ea6f","task-2","sp_beosound_explore","leave",34567,35271,704,2025-12-12 10:10:14.908,2025-12-12 10:10:15.611,1512,861
1284,"d06110bb-f28b-41f9-97e9-4f6c59052d41","f5b5e557-ecf7-4d49-a4b3-1c2cde77ea6f","task-2","sp_jbl_charge5","leave",35279,43955,8676,2025-12-12 10:10:15.619,2025-12-12 10:10:24.296,1512,861
1285,"d06110bb-f28b-41f9-97e9-4f6c59052d41","f5b5e557-ecf7-4d49-a4b3-1c2cde77ea6f","task-2","sp_sonos_era100","leave",43971,58559,14588,2025-12-12 10:10:24.311,2025-12-12 10:10:38.899,1512,861
1286,"d06110bb-f28b-41f9-97e9-4f6c59052d41","f5b5e557-ecf7-4d49-a4b3-1c2cde77ea6f","task-2","sp_jbl_charge5","leave",58562,58588,26,2025-12-12 10:10:38.902,2025-12-12 10:10:38.929,1512,861
1287,"d06110bb-f28b-41f9-97e9-4f6c59052d41","f5b5e557-ecf7-4d49-a4b3-1c2cde77ea6f","task-2","sp_boom4","leave",58589,58600,11,2025-12-12 10:10:38.929,2025-12-12 10:10:38.94,1512,861
1288,"d06110bb-f28b-41f9-97e9-4f6c59052d41","f5b5e557-ecf7-4d49-a4b3-1c2cde77ea6f","task-2","sp_boom4","leave",58887,68288,9401,2025-12-12 10:10:39.227,2025-12-12 10:10:48.628,1512,861
1289,"d06110bb-f28b-41f9-97e9-4f6c59052d41","f5b5e557-ecf7-4d49-a4b3-1c2cde77ea6f","task-2","sp_kilburn2","leave",68296,72337,4041,2025-12-12 10:10:48.636,2025-12-12 10:10:52.677,1512,861
1290,"d06110bb-f28b-41f9-97e9-4f6c59052d41","f5b5e557-ecf7-4d49-a4b3-1c2cde77ea6f","task-2","sp_bose_flex","leave",72338,77404,5066,2025-12-12 10:10:52.678,2025-12-12 10:10:57.744,1512,861
1291,"d06110bb-f28b-41f9-97e9-4f6c59052d41","f5b5e557-ecf7-4d49-a4b3-1c2cde77ea6f","task-2","sp_kilburn2","leave",77406,77417,11,2025-12-12 10:10:57.746,2025-12-12 10:10:57.757,1512,861
1292,"d06110bb-f28b-41f9-97e9-4f6c59052d41","f5b5e557-ecf7-4d49-a4b3-1c2cde77ea6f","task-2","sp_jbl_charge5","leave",77418,77433,15,2025-12-12 10:10:57.758,2025-12-12 10:10:57.774,1512,861
1293,"d06110bb-f28b-41f9-97e9-4f6c59052d41","f5b5e557-ecf7-4d49-a4b3-1c2cde77ea6f","task-2","sp_beosound_explore","leave",77434,77450,16,2025-12-12 10:10:57.775,2025-12-12 10:10:57.79,1512,861
1294,"d06110bb-f28b-41f9-97e9-4f6c59052d41","f5b5e557-ecf7-4d49-a4b3-1c2cde77ea6f","task-2","sp_jbl_charge5","leave",77880,80099,2219,2025-12-12 10:10:58.22,2025-12-12 10:11:00.44,1512,861
1295,"d06110bb-f28b-41f9-97e9-4f6c59052d41","f5b5e557-ecf7-4d49-a4b3-1c2cde77ea6f","task-2","sp_boom4","leave",80108,80159,51,2025-12-12 10:11:00.448,2025-12-12 10:11:00.5,1512,861
1296,"7f5432ca-dc2e-4c30-8ecf-33ebe1e958b4","09836b97-00f6-47f3-b9aa-c34ad5867121","task-2","det_ecover","leave",63,22872,22809,2025-12-12 10:12:34.206,2025-12-12 10:12:57.015,1725,1278
1297,"7f5432ca-dc2e-4c30-8ecf-33ebe1e958b4","09836b97-00f6-47f3-b9aa-c34ad5867121","task-2","det_weisser","leave",22873,22932,59,2025-12-12 10:12:57.016,2025-12-12 10:12:57.075,1725,1278
1298,"7f5432ca-dc2e-4c30-8ecf-33ebe1e958b4","09836b97-00f6-47f3-b9aa-c34ad5867121","task-2","det_ariel","leave",22933,23952,1019,2025-12-12 10:12:57.076,2025-12-12 10:12:58.095,1725,1278
1299,"7f5432ca-dc2e-4c30-8ecf-33ebe1e958b4","09836b97-00f6-47f3-b9aa-c34ad5867121","task-2","det_weisser","leave",23953,28133,4180,2025-12-12 10:12:58.096,2025-12-12 10:13:02.276,1725,1278
1300,"7f5432ca-dc2e-4c30-8ecf-33ebe1e958b4","09836b97-00f6-47f3-b9aa-c34ad5867121","task-2","det_ecover","leave",28142,29013,871,2025-12-12 10:13:02.286,2025-12-12 10:13:03.156,1725,1278
1301,"7f5432ca-dc2e-4c30-8ecf-33ebe1e958b4","09836b97-00f6-47f3-b9aa-c34ad5867121","task-2","det_weisser","leave",29033,29363,330,2025-12-12 10:13:03.176,2025-12-12 10:13:03.506,1725,1278
1302,"7f5432ca-dc2e-4c30-8ecf-33ebe1e958b4","09836b97-00f6-47f3-b9aa-c34ad5867121","task-2","det_ecover","leave",29373,30212,839,2025-12-12 10:13:03.516,2025-12-12 10:13:04.356,1725,1278
1303,"7f5432ca-dc2e-4c30-8ecf-33ebe1e958b4","09836b97-00f6-47f3-b9aa-c34ad5867121","task-2","det_weisser","leave",30213,34483,4270,2025-12-12 10:13:04.356,2025-12-12 10:13:08.627,1725,1278
1304,"7f5432ca-dc2e-4c30-8ecf-33ebe1e958b4","09836b97-00f6-47f3-b9aa-c34ad5867121","task-2","det_ariel","leave",34484,38465,3981,2025-12-12 10:13:08.628,2025-12-12 10:13:12.607,1725,1278
1305,"7f5432ca-dc2e-4c30-8ecf-33ebe1e958b4","09836b97-00f6-47f3-b9aa-c34ad5867121","task-2","det_lenor","leave",38473,40083,1610,2025-12-12 10:13:12.617,2025-12-12 10:13:14.227,1725,1278
1306,"7f5432ca-dc2e-4c30-8ecf-33ebe1e958b4","09836b97-00f6-47f3-b9aa-c34ad5867121","task-2","det_denkmit","leave",40084,40193,109,2025-12-12 10:13:14.228,2025-12-12 10:13:14.337,1725,1278
1307,"7f5432ca-dc2e-4c30-8ecf-33ebe1e958b4","09836b97-00f6-47f3-b9aa-c34ad5867121","task-2","det_denkmit","leave",40343,42063,1720,2025-12-12 10:13:14.487,2025-12-12 10:13:16.206,1725,1278
1308,"7f5432ca-dc2e-4c30-8ecf-33ebe1e958b4","09836b97-00f6-47f3-b9aa-c34ad5867121","task-2","det_persil","leave",42065,44114,2049,2025-12-12 10:13:16.207,2025-12-12 10:13:18.256,1725,1278
1309,"7f5432ca-dc2e-4c30-8ecf-33ebe1e958b4","09836b97-00f6-47f3-b9aa-c34ad5867121","task-2","det_denkmit","leave",44114,44123,9,2025-12-12 10:13:18.257,2025-12-12 10:13:18.267,1725,1278
1310,"7f5432ca-dc2e-4c30-8ecf-33ebe1e958b4","09836b97-00f6-47f3-b9aa-c34ad5867121","task-2","det_lenor","leave",44323,45324,1001,2025-12-12 10:13:18.467,2025-12-12 10:13:19.467,1725,1278
1311,"7f5432ca-dc2e-4c30-8ecf-33ebe1e958b4","09836b97-00f6-47f3-b9aa-c34ad5867121","task-2","det_ariel","leave",45324,46313,989,2025-12-12 10:13:19.467,2025-12-12 10:13:20.456,1725,1278
1312,"7f5432ca-dc2e-4c30-8ecf-33ebe1e958b4","09836b97-00f6-47f3-b9aa-c34ad5867121","task-2","det_lenor","leave",46315,46334,19,2025-12-12 10:13:20.458,2025-12-12 10:13:20.477,1725,1278
1313,"7f5432ca-dc2e-4c30-8ecf-33ebe1e958b4","09836b97-00f6-47f3-b9aa-c34ad5867121","task-2","det_denkmit","leave",46344,46383,39,2025-12-12 10:13:20.487,2025-12-12 10:13:20.528,1725,1278
1333,"44f2f98f-bb2f-4a5a-a85a-f72b31127b99","ed69ac01-e271-4d3c-bf27-f6d78d635fe4","task-2","wb_nalgene","leave",5958,6212,254,2025-12-12 10:17:19.974,2025-12-12 10:17:20.228,390,745
1334,"44f2f98f-bb2f-4a5a-a85a-f72b31127b99","ed69ac01-e271-4d3c-bf27-f6d78d635fe4","task-2","wb_24_urban","switch",7886,11873,3987,2025-12-12 10:17:21.902,2025-12-12 10:17:25.888,397,758
1335,"44f2f98f-bb2f-4a5a-a85a-f72b31127b99","ed69ac01-e271-4d3c-bf27-f6d78d635fe4","task-2","wb_spottle_glass","switch",11873,13389,1516,2025-12-12 10:17:25.888,2025-12-12 10:17:27.405,397,758
1336,"44f2f98f-bb2f-4a5a-a85a-f72b31127b99","ed69ac01-e271-4d3c-bf27-f6d78d635fe4","task-2","wb_720_nolimit","switch",13389,14656,1267,2025-12-12 10:17:27.405,2025-12-12 10:17:28.672,397,675
1337,"44f2f98f-bb2f-4a5a-a85a-f72b31127b99","ed69ac01-e271-4d3c-bf27-f6d78d635fe4","task-2","wb_24_urban","switch",14656,20226,5570,2025-12-12 10:17:28.672,2025-12-12 10:17:34.241,397,758
1338,"44f2f98f-bb2f-4a5a-a85a-f72b31127b99","ed69ac01-e271-4d3c-bf27-f6d78d635fe4","task-2","wb_spottle_glass","leave",20226,20304,78,2025-12-12 10:17:34.241,2025-12-12 10:17:34.319,397,758
1339,"20f13844-3ab9-49e6-b4ad-1b999d317aac","ded60c6e-ad75-4508-afdf-8caa0efe3410","task-2","sw_aw11","leave",110,312,202,2025-12-12 11:37:34.743,2025-12-12 11:37:34.945,2560,911
1340,"20f13844-3ab9-49e6-b4ad-1b999d317aac","ded60c6e-ad75-4508-afdf-8caa0efe3410","task-2","sw_vantagev3","leave",329,1118,789,2025-12-12 11:37:34.961,2025-12-12 11:37:35.751,2560,911
1341,"20f13844-3ab9-49e6-b4ad-1b999d317aac","ded60c6e-ad75-4508-afdf-8caa0efe3410","task-2","sw_watch8","leave",43402,43525,123,2025-12-12 11:38:18.035,2025-12-12 11:38:18.157,2560,911
1342,"20f13844-3ab9-49e6-b4ad-1b999d317aac","ded60c6e-ad75-4508-afdf-8caa0efe3410","task-2","sw_fr970","leave",43526,44585,1059,2025-12-12 11:38:18.158,2025-12-12 11:38:19.218,2560,911
1343,"20f13844-3ab9-49e6-b4ad-1b999d317aac","ded60c6e-ad75-4508-afdf-8caa0efe3410","task-2","sw_watch8","leave",59369,60269,900,2025-12-12 11:38:34.002,2025-12-12 11:38:34.902,2560,911
1344,"20f13844-3ab9-49e6-b4ad-1b999d317aac","ded60c6e-ad75-4508-afdf-8caa0efe3410","task-2","sw_scanwatch2","leave",60303,65902,5599,2025-12-12 11:38:34.935,2025-12-12 11:38:40.535,2560,911
1345,"20f13844-3ab9-49e6-b4ad-1b999d317aac","ded60c6e-ad75-4508-afdf-8caa0efe3410","task-2","sw_fr970","leave",65919,65953,34,2025-12-12 11:38:40.552,2025-12-12 11:38:40.586,2560,911
1346,"20f13844-3ab9-49e6-b4ad-1b999d317aac","ded60c6e-ad75-4508-afdf-8caa0efe3410","task-2","sw_aw11","leave",65954,67836,1882,2025-12-12 11:38:40.587,2025-12-12 11:38:42.469,2560,911
1347,"20f13844-3ab9-49e6-b4ad-1b999d317aac","ded60c6e-ad75-4508-afdf-8caa0efe3410","task-2","sw_venu4","leave",67837,67967,130,2025-12-12 11:38:42.47,2025-12-12 11:38:42.6,2560,911
1348,"20f13844-3ab9-49e6-b4ad-1b999d317aac","ded60c6e-ad75-4508-afdf-8caa0efe3410","task-2","sw_scanwatch2","leave",68003,69802,1799,2025-12-12 11:38:42.636,2025-12-12 11:38:44.435,2560,911
1349,"20f13844-3ab9-49e6-b4ad-1b999d317aac","ded60c6e-ad75-4508-afdf-8caa0efe3410","task-2","sw_venu4","leave",69820,69837,17,2025-12-12 11:38:44.453,2025-12-12 11:38:44.469,2560,911
1350,"20f13844-3ab9-49e6-b4ad-1b999d317aac","ded60c6e-ad75-4508-afdf-8caa0efe3410","task-2","sw_fr970","leave",69853,69937,84,2025-12-12 11:38:44.486,2025-12-12 11:38:44.57,2560,911
1351,"20f13844-3ab9-49e6-b4ad-1b999d317aac","ded60c6e-ad75-4508-afdf-8caa0efe3410","task-2","sw_aw11","leave",69938,72519,2581,2025-12-12 11:38:44.571,2025-12-12 11:38:47.152,2560,911
1352,"20f13844-3ab9-49e6-b4ad-1b999d317aac","ded60c6e-ad75-4508-afdf-8caa0efe3410","task-2","sw_fr970","leave",72536,72553,17,2025-12-12 11:38:47.169,2025-12-12 11:38:47.186,2560,911
1353,"20f13844-3ab9-49e6-b4ad-1b999d317aac","ded60c6e-ad75-4508-afdf-8caa0efe3410","task-2","sw_venu4","leave",72555,72620,65,2025-12-12 11:38:47.188,2025-12-12 11:38:47.253,2560,911
1354,"20f13844-3ab9-49e6-b4ad-1b999d317aac","ded60c6e-ad75-4508-afdf-8caa0efe3410","task-2","sw_scanwatch2","leave",72621,76419,3798,2025-12-12 11:38:47.254,2025-12-12 11:38:51.052,2560,911
1355,"20f13844-3ab9-49e6-b4ad-1b999d317aac","ded60c6e-ad75-4508-afdf-8caa0efe3410","task-2","sw_venu4","leave",76421,76586,165,2025-12-12 11:38:51.054,2025-12-12 11:38:51.219,2560,911
1356,"20f13844-3ab9-49e6-b4ad-1b999d317aac","ded60c6e-ad75-4508-afdf-8caa0efe3410","task-2","sw_scanwatch2","leave",76587,77636,1049,2025-12-12 11:38:51.22,2025-12-12 11:38:52.269,2560,911
1357,"20f13844-3ab9-49e6-b4ad-1b999d317aac","ded60c6e-ad75-4508-afdf-8caa0efe3410","task-2","sw_venu4","leave",77637,77720,83,2025-12-12 11:38:52.27,2025-12-12 11:38:52.353,2560,911
1358,"20f13844-3ab9-49e6-b4ad-1b999d317aac","ded60c6e-ad75-4508-afdf-8caa0efe3410","task-2","sw_vantagev3","leave",77786,77936,150,2025-12-12 11:38:52.419,2025-12-12 11:38:52.569,2560,911
1359,"20f13844-3ab9-49e6-b4ad-1b999d317aac","ded60c6e-ad75-4508-afdf-8caa0efe3410","task-2","sw_vantagev3","leave",78136,78203,67,2025-12-12 11:38:52.769,2025-12-12 11:38:52.836,2560,911
1360,"20f13844-3ab9-49e6-b4ad-1b999d317aac","ded60c6e-ad75-4508-afdf-8caa0efe3410","task-2","sw_venu4","leave",78220,78253,33,2025-12-12 11:38:52.852,2025-12-12 11:38:52.886,2560,911
1361,"20f13844-3ab9-49e6-b4ad-1b999d317aac","ded60c6e-ad75-4508-afdf-8caa0efe3410","task-2","sw_scanwatch2","leave",78255,78886,631,2025-12-12 11:38:52.888,2025-12-12 11:38:53.519,2560,911
1362,"20f13844-3ab9-49e6-b4ad-1b999d317aac","ded60c6e-ad75-4508-afdf-8caa0efe3410","task-2","sw_venu4","leave",78888,78953,65,2025-12-12 11:38:53.521,2025-12-12 11:38:53.586,2560,911
1363,"20f13844-3ab9-49e6-b4ad-1b999d317aac","ded60c6e-ad75-4508-afdf-8caa0efe3410","task-2","sw_vantagev3","leave",80103,80236,133,2025-12-12 11:38:54.735,2025-12-12 11:38:54.869,2560,911
1364,"20f13844-3ab9-49e6-b4ad-1b999d317aac","ded60c6e-ad75-4508-afdf-8caa0efe3410","task-2","sw_venu4","end_task",80238,80768,530,2025-12-12 11:38:54.871,2025-12-12 11:38:55.401,2560,911
1365,"d3262e68-8bfb-4991-af69-3146fa332182","ec43a56a-d5a9-42a4-98fa-46840df7e093","task-2","det_ariel","leave",65,855,790,2025-12-12 13:00:34.965,2025-12-12 13:00:35.754,1536,731
1366,"d3262e68-8bfb-4991-af69-3146fa332182","ec43a56a-d5a9-42a4-98fa-46840df7e093","task-2","det_ariel","leave",2267,4844,2577,2025-12-12 13:00:37.167,2025-12-12 13:00:39.743,1536,731
1367,"d3262e68-8bfb-4991-af69-3146fa332182","ec43a56a-d5a9-42a4-98fa-46840df7e093","task-2","det_persil","leave",4878,8219,3341,2025-12-12 13:00:39.777,2025-12-12 13:00:43.117,1536,731
1368,"d3262e68-8bfb-4991-af69-3146fa332182","ec43a56a-d5a9-42a4-98fa-46840df7e093","task-2","det_denkmit","leave",8235,11442,3207,2025-12-12 13:00:43.134,2025-12-12 13:00:46.341,1536,731
1369,"d3262e68-8bfb-4991-af69-3146fa332182","ec43a56a-d5a9-42a4-98fa-46840df7e093","task-2","det_weisser","leave",11459,13902,2443,2025-12-12 13:00:46.358,2025-12-12 13:00:48.802,1536,731
1370,"d3262e68-8bfb-4991-af69-3146fa332182","ec43a56a-d5a9-42a4-98fa-46840df7e093","task-2","det_ecover","leave",13903,16595,2692,2025-12-12 13:00:48.802,2025-12-12 13:00:51.494,1536,731
1371,"d3262e68-8bfb-4991-af69-3146fa332182","ec43a56a-d5a9-42a4-98fa-46840df7e093","task-2","det_lenor","leave",16628,17759,1131,2025-12-12 13:00:51.527,2025-12-12 13:00:52.657,1536,731
1372,"d3262e68-8bfb-4991-af69-3146fa332182","ec43a56a-d5a9-42a4-98fa-46840df7e093","task-2","det_ariel","leave",17776,19055,1279,2025-12-12 13:00:52.674,2025-12-12 13:00:53.955,1536,731
1373,"d3262e68-8bfb-4991-af69-3146fa332182","ec43a56a-d5a9-42a4-98fa-46840df7e093","task-2","det_lenor","leave",20567,20600,33,2025-12-12 13:00:55.467,2025-12-12 13:00:55.499,1536,731
1374,"d2c3bb86-51bf-41e1-a636-108ef11909e8","a283fcdf-6ba2-4329-8b8a-9bf558c8231a","task-2","det_weisser","leave",175,1629,1454,2025-12-12 15:06:13.878,2025-12-12 15:06:15.333,1912,924
1375,"d2c3bb86-51bf-41e1-a636-108ef11909e8","a283fcdf-6ba2-4329-8b8a-9bf558c8231a","task-2","det_lenor","leave",13313,14462,1149,2025-12-12 15:06:27.016,2025-12-12 15:06:28.166,1912,924
1376,"d2c3bb86-51bf-41e1-a636-108ef11909e8","a283fcdf-6ba2-4329-8b8a-9bf558c8231a","task-2","det_denkmit","leave",14496,15346,850,2025-12-12 15:06:28.199,2025-12-12 15:06:29.05,1912,924
1377,"d2c3bb86-51bf-41e1-a636-108ef11909e8","a283fcdf-6ba2-4329-8b8a-9bf558c8231a","task-2","det_ecover","leave",15346,16029,683,2025-12-12 15:06:29.05,2025-12-12 15:06:29.733,1912,924
1378,"d2c3bb86-51bf-41e1-a636-108ef11909e8","a283fcdf-6ba2-4329-8b8a-9bf558c8231a","task-2","det_ariel","leave",16030,16596,566,2025-12-12 15:06:29.733,2025-12-12 15:06:30.3,1912,924
1379,"d2c3bb86-51bf-41e1-a636-108ef11909e8","a283fcdf-6ba2-4329-8b8a-9bf558c8231a","task-2","det_persil","leave",16613,18512,1899,2025-12-12 15:06:30.316,2025-12-12 15:06:32.216,1912,924
1380,"d2c3bb86-51bf-41e1-a636-108ef11909e8","a283fcdf-6ba2-4329-8b8a-9bf558c8231a","task-2","det_weisser","leave",18529,19296,767,2025-12-12 15:06:32.233,2025-12-12 15:06:33,1912,924
1381,"d2c3bb86-51bf-41e1-a636-108ef11909e8","a283fcdf-6ba2-4329-8b8a-9bf558c8231a","task-2","det_lenor","leave",19312,19662,350,2025-12-12 15:06:33.016,2025-12-12 15:06:33.366,1912,924
1382,"d2c3bb86-51bf-41e1-a636-108ef11909e8","a283fcdf-6ba2-4329-8b8a-9bf558c8231a","task-2","det_denkmit","leave",19679,20797,1118,2025-12-12 15:06:33.383,2025-12-12 15:06:34.501,1912,924
1383,"d2c3bb86-51bf-41e1-a636-108ef11909e8","a283fcdf-6ba2-4329-8b8a-9bf558c8231a","task-2","det_ecover","leave",20813,23480,2667,2025-12-12 15:06:34.517,2025-12-12 15:06:37.184,1912,924
1384,"d2c3bb86-51bf-41e1-a636-108ef11909e8","a283fcdf-6ba2-4329-8b8a-9bf558c8231a","task-2","det_denkmit","leave",23496,26679,3183,2025-12-12 15:06:37.199,2025-12-12 15:06:40.383,1912,924
1385,"d2c3bb86-51bf-41e1-a636-108ef11909e8","a283fcdf-6ba2-4329-8b8a-9bf558c8231a","task-2","det_persil","leave",26680,27630,950,2025-12-12 15:06:40.384,2025-12-12 15:06:41.334,1912,924
1386,"d2c3bb86-51bf-41e1-a636-108ef11909e8","a283fcdf-6ba2-4329-8b8a-9bf558c8231a","task-2","det_weisser","leave",27632,28429,797,2025-12-12 15:06:41.335,2025-12-12 15:06:42.133,1912,924
1387,"d2c3bb86-51bf-41e1-a636-108ef11909e8","a283fcdf-6ba2-4329-8b8a-9bf558c8231a","task-2","det_lenor","leave",28430,29029,599,2025-12-12 15:06:42.134,2025-12-12 15:06:42.733,1912,924
1388,"d2c3bb86-51bf-41e1-a636-108ef11909e8","a283fcdf-6ba2-4329-8b8a-9bf558c8231a","task-2","det_denkmit","leave",29047,29729,682,2025-12-12 15:06:42.75,2025-12-12 15:06:43.433,1912,924
1389,"d2c3bb86-51bf-41e1-a636-108ef11909e8","a283fcdf-6ba2-4329-8b8a-9bf558c8231a","task-2","det_ecover","leave",29731,30246,515,2025-12-12 15:06:43.435,2025-12-12 15:06:43.95,1912,924
1390,"d2c3bb86-51bf-41e1-a636-108ef11909e8","a283fcdf-6ba2-4329-8b8a-9bf558c8231a","task-2","det_ariel","leave",30248,30679,431,2025-12-12 15:06:43.952,2025-12-12 15:06:44.383,1912,924
1391,"d2c3bb86-51bf-41e1-a636-108ef11909e8","a283fcdf-6ba2-4329-8b8a-9bf558c8231a","task-2","det_persil","leave",30680,31279,599,2025-12-12 15:06:44.384,2025-12-12 15:06:44.983,1912,924
1392,"d2c3bb86-51bf-41e1-a636-108ef11909e8","a283fcdf-6ba2-4329-8b8a-9bf558c8231a","task-2","det_denkmit","leave",31296,32746,1450,2025-12-12 15:06:45,2025-12-12 15:06:46.449,1912,924
1393,"d2c3bb86-51bf-41e1-a636-108ef11909e8","a283fcdf-6ba2-4329-8b8a-9bf558c8231a","task-2","det_lenor","leave",32747,33596,849,2025-12-12 15:06:46.451,2025-12-12 15:06:47.299,1912,924
1394,"d2c3bb86-51bf-41e1-a636-108ef11909e8","a283fcdf-6ba2-4329-8b8a-9bf558c8231a","task-2","det_weisser","leave",33597,34462,865,2025-12-12 15:06:47.3,2025-12-12 15:06:48.166,1912,924
1395,"d2c3bb86-51bf-41e1-a636-108ef11909e8","a283fcdf-6ba2-4329-8b8a-9bf558c8231a","task-2","det_persil","leave",34465,35496,1031,2025-12-12 15:06:48.168,2025-12-12 15:06:49.199,1912,924
1396,"d2c3bb86-51bf-41e1-a636-108ef11909e8","a283fcdf-6ba2-4329-8b8a-9bf558c8231a","task-2","det_ariel","leave",35513,35846,333,2025-12-12 15:06:49.217,2025-12-12 15:06:49.549,1912,924
1397,"d2c3bb86-51bf-41e1-a636-108ef11909e8","a283fcdf-6ba2-4329-8b8a-9bf558c8231a","task-2","det_persil","leave",35863,36179,316,2025-12-12 15:06:49.567,2025-12-12 15:06:49.883,1912,924
1398,"d2c3bb86-51bf-41e1-a636-108ef11909e8","a283fcdf-6ba2-4329-8b8a-9bf558c8231a","task-2","det_denkmit","leave",36196,38246,2050,2025-12-12 15:06:49.9,2025-12-12 15:06:51.949,1912,924
1399,"d2c3bb86-51bf-41e1-a636-108ef11909e8","a283fcdf-6ba2-4329-8b8a-9bf558c8231a","task-2","det_lenor","leave",38249,38313,64,2025-12-12 15:06:51.952,2025-12-12 15:06:52.017,1912,924
1400,"dfe62a65-7ec0-490d-b104-d9fc629f9eb7","5dea9317-cab2-4546-bc93-eb063052932c","task-2","bp_db_daypack_17l","leave",11154,11295,141,2025-12-13 07:04:13.026,2025-12-13 07:04:13.166,1097,643
1401,"dfe62a65-7ec0-490d-b104-d9fc629f9eb7","5dea9317-cab2-4546-bc93-eb063052932c","task-2","bp_aevor_trip_pack","leave",18556,18638,82,2025-12-13 07:04:20.428,2025-12-13 07:04:20.51,1097,643
1402,"dfe62a65-7ec0-490d-b104-d9fc629f9eb7","5dea9317-cab2-4546-bc93-eb063052932c","task-2","bp_db_daypack_17l","leave",24743,24889,146,2025-12-13 07:04:26.615,2025-12-13 07:04:26.761,1097,547
1403,"dfe62a65-7ec0-490d-b104-d9fc629f9eb7","5dea9317-cab2-4546-bc93-eb063052932c","task-2","bp_patagonia_black_hole_micro_22l","leave",33102,33231,129,2025-12-13 07:04:34.974,2025-12-13 07:04:35.103,1097,643
1404,"dfe62a65-7ec0-490d-b104-d9fc629f9eb7","5dea9317-cab2-4546-bc93-eb063052932c","task-2","bp_patagonia_black_hole_micro_22l","leave",38134,38201,67,2025-12-13 07:04:40.005,2025-12-13 07:04:40.072,1097,643
1405,"dfe62a65-7ec0-490d-b104-d9fc629f9eb7","5dea9317-cab2-4546-bc93-eb063052932c","task-2","bp_kapten_helsinki_pro","leave",39609,39673,64,2025-12-13 07:04:41.481,2025-12-13 07:04:41.545,1097,547
1406,"dfe62a65-7ec0-490d-b104-d9fc629f9eb7","5dea9317-cab2-4546-bc93-eb063052932c","task-2","bp_patagonia_black_hole_micro_22l","leave",44255,44280,25,2025-12-13 07:04:46.127,2025-12-13 07:04:46.152,1097,547
1407,"dfe62a65-7ec0-490d-b104-d9fc629f9eb7","5dea9317-cab2-4546-bc93-eb063052932c","task-2","bp_patagonia_black_hole_micro_22l","leave",47232,47385,153,2025-12-13 07:04:49.103,2025-12-13 07:04:49.257,1097,547
1408,"dfe62a65-7ec0-490d-b104-d9fc629f9eb7","5dea9317-cab2-4546-bc93-eb063052932c","task-2","bp_aevor_trip_pack","leave",49480,49571,91,2025-12-13 07:04:51.351,2025-12-13 07:04:51.443,1097,643
1409,"dfe62a65-7ec0-490d-b104-d9fc629f9eb7","5dea9317-cab2-4546-bc93-eb063052932c","task-2","bp_tnf_base_camp_fuse_box","leave",52265,52376,111,2025-12-13 07:04:54.137,2025-12-13 07:04:54.247,1097,643
1410,"dfe62a65-7ec0-490d-b104-d9fc629f9eb7","5dea9317-cab2-4546-bc93-eb063052932c","task-2","bp_pinqponq_purik_cliff","leave",55230,55308,78,2025-12-13 07:04:57.102,2025-12-13 07:04:57.18,1097,643
1411,"dfe62a65-7ec0-490d-b104-d9fc629f9eb7","5dea9317-cab2-4546-bc93-eb063052932c","task-2","bp_pinqponq_purik_cliff","leave",56010,56088,78,2025-12-13 07:04:57.882,2025-12-13 07:04:57.96,1097,547
1412,"dfe62a65-7ec0-490d-b104-d9fc629f9eb7","5dea9317-cab2-4546-bc93-eb063052932c","task-2","bp_kapten_helsinki_pro","leave",56683,56755,72,2025-12-13 07:04:58.555,2025-12-13 07:04:58.627,1097,547
1413,"dfe62a65-7ec0-490d-b104-d9fc629f9eb7","5dea9317-cab2-4546-bc93-eb063052932c","task-2","bp_patagonia_black_hole_micro_22l","leave",57653,57785,132,2025-12-13 07:04:59.525,2025-12-13 07:04:59.657,1097,547
1414,"d7165966-8a03-4d10-ac74-08302057cfe0","a8557488-eb49-4d5f-ae1c-b72363c44416","task-2","sp_boom4","leave",488,612,124,2025-12-13 14:28:20.576,2025-12-13 14:28:20.7,1382,819
1415,"d7165966-8a03-4d10-ac74-08302057cfe0","a8557488-eb49-4d5f-ae1c-b72363c44416","task-2","sp_sonos_era100","leave",613,1186,573,2025-12-13 14:28:20.7,2025-12-13 14:28:21.273,1382,819
1416,"d7165966-8a03-4d10-ac74-08302057cfe0","a8557488-eb49-4d5f-ae1c-b72363c44416","task-2","sp_sonos_era100","leave",1498,1567,69,2025-12-13 14:28:21.585,2025-12-13 14:28:21.654,1382,819
1417,"d7165966-8a03-4d10-ac74-08302057cfe0","a8557488-eb49-4d5f-ae1c-b72363c44416","task-2","sp_sonos_era100","leave",11894,12906,1012,2025-12-13 14:28:31.979,2025-12-13 14:28:32.99,1382,819
1418,"d7165966-8a03-4d10-ac74-08302057cfe0","a8557488-eb49-4d5f-ae1c-b72363c44416","task-2","sp_bose_flex","leave",12962,25564,12602,2025-12-13 14:28:33.046,2025-12-13 14:28:45.646,1382,819
1419,"d7165966-8a03-4d10-ac74-08302057cfe0","a8557488-eb49-4d5f-ae1c-b72363c44416","task-2","sp_sonos_era100","leave",25564,28497,2933,2025-12-13 14:28:45.647,2025-12-13 14:28:48.58,1382,819
1420,"d7165966-8a03-4d10-ac74-08302057cfe0","a8557488-eb49-4d5f-ae1c-b72363c44416","task-2","sp_boom4","leave",28514,36829,8315,2025-12-13 14:28:48.597,2025-12-13 14:28:56.912,1382,819
1421,"d7165966-8a03-4d10-ac74-08302057cfe0","a8557488-eb49-4d5f-ae1c-b72363c44416","task-2","sp_beosound_explore","leave",36830,41130,4300,2025-12-13 14:28:56.912,2025-12-13 14:29:01.212,1382,819
1422,"d7165966-8a03-4d10-ac74-08302057cfe0","a8557488-eb49-4d5f-ae1c-b72363c44416","task-2","sp_bose_flex","leave",41130,644853,603723,2025-12-13 14:29:01.212,2025-12-13 14:39:04.939,1382,819
1423,"d7165966-8a03-4d10-ac74-08302057cfe0","a8557488-eb49-4d5f-ae1c-b72363c44416","task-2","sp_beosound_explore","leave",691486,691610,124,2025-12-13 14:40:49.691,2025-12-13 14:40:49.814,1382,819
1424,"d7165966-8a03-4d10-ac74-08302057cfe0","a8557488-eb49-4d5f-ae1c-b72363c44416","task-2","sp_bose_flex","leave",698235,699603,1368,2025-12-13 14:40:56.439,2025-12-13 14:40:57.808,1382,819
1425,"d7165966-8a03-4d10-ac74-08302057cfe0","a8557488-eb49-4d5f-ae1c-b72363c44416","task-2","sp_bose_flex","leave",700575,700703,128,2025-12-13 14:40:58.78,2025-12-13 14:40:58.907,1382,819
1426,"c87085b1-4162-448f-9be2-e3acc4723458","34b28b92-79f6-485d-8575-d6a9fa2384d0","task-2","sw_venu4","switch",20202,23009,2807,2025-12-13 17:10:53.266,2025-12-13 17:10:56.073,390,745
1427,"c87085b1-4162-448f-9be2-e3acc4723458","34b28b92-79f6-485d-8575-d6a9fa2384d0","task-2","sw_aw11","switch",23008,28165,5157,2025-12-13 17:10:56.072,2025-12-13 17:11:01.229,390,745
1428,"c87085b1-4162-448f-9be2-e3acc4723458","34b28b92-79f6-485d-8575-d6a9fa2384d0","task-2","sw_vantagev3","switch",29261,31163,1902,2025-12-13 17:11:02.325,2025-12-13 17:11:04.227,390,663
1429,"c87085b1-4162-448f-9be2-e3acc4723458","34b28b92-79f6-485d-8575-d6a9fa2384d0","task-2","sw_fr970","switch",31163,36004,4841,2025-12-13 17:11:04.227,2025-12-13 17:11:09.068,390,745
1430,"c87085b1-4162-448f-9be2-e3acc4723458","34b28b92-79f6-485d-8575-d6a9fa2384d0","task-2","sw_scanwatch2","leave",36004,36065,61,2025-12-13 17:11:09.068,2025-12-13 17:11:09.128,390,745
1431,"c87085b1-4162-448f-9be2-e3acc4723458","34b28b92-79f6-485d-8575-d6a9fa2384d0","task-2","sw_scanwatch2","end_task",39195,41491,2296,2025-12-13 17:11:12.258,2025-12-13 17:11:14.555,390,745
1432,"e69f5a0e-b81e-4f0c-930a-24b5dd6f8ca6","458e3744-4439-4fdc-826c-5dc2212959b0","task-2","sw_fr970","leave",218,7853,7635,2025-12-16 11:11:56.112,2025-12-16 11:12:03.747,1440,778
1433,"e69f5a0e-b81e-4f0c-930a-24b5dd6f8ca6","458e3744-4439-4fdc-826c-5dc2212959b0","task-2","sw_fr970","leave",11603,11837,234,2025-12-16 11:12:07.496,2025-12-16 11:12:07.73,1440,778
1434,"e69f5a0e-b81e-4f0c-930a-24b5dd6f8ca6","458e3744-4439-4fdc-826c-5dc2212959b0","task-2","sw_venu4","leave",11853,11952,99,2025-12-16 11:12:07.746,2025-12-16 11:12:07.846,1440,778
1435,"e69f5a0e-b81e-4f0c-930a-24b5dd6f8ca6","458e3744-4439-4fdc-826c-5dc2212959b0","task-2","sw_watch8","leave",11970,12354,384,2025-12-16 11:12:07.864,2025-12-16 11:12:08.247,1440,778
1436,"e69f5a0e-b81e-4f0c-930a-24b5dd6f8ca6","458e3744-4439-4fdc-826c-5dc2212959b0","task-2","sw_aw11","leave",12354,15486,3132,2025-12-16 11:12:08.248,2025-12-16 11:12:11.38,1440,778
1437,"85ce805e-978b-45cc-a342-8710ede12f4b","323f6fc6-61e4-4046-aef4-847a1bec0563","task-2","sw_vantagev3","leave",103,17843,17740,2025-12-18 16:13:13.701,2025-12-18 16:13:31.441,1536,695
1438,"85ce805e-978b-45cc-a342-8710ede12f4b","323f6fc6-61e4-4046-aef4-847a1bec0563","task-2","sw_aw11","leave",17844,24179,6335,2025-12-18 16:13:31.441,2025-12-18 16:13:37.776,1536,695
1439,"85ce805e-978b-45cc-a342-8710ede12f4b","323f6fc6-61e4-4046-aef4-847a1bec0563","task-2","sw_fr970","leave",24212,28346,4134,2025-12-18 16:13:37.81,2025-12-18 16:13:41.944,1536,695
1440,"85ce805e-978b-45cc-a342-8710ede12f4b","323f6fc6-61e4-4046-aef4-847a1bec0563","task-2","sw_vantagev3","leave",28363,30364,2001,2025-12-18 16:13:41.961,2025-12-18 16:13:43.962,1536,695
1441,"85ce805e-978b-45cc-a342-8710ede12f4b","323f6fc6-61e4-4046-aef4-847a1bec0563","task-2","sw_fr970","leave",30366,31281,915,2025-12-18 16:13:43.963,2025-12-18 16:13:44.879,1536,695
1442,"85ce805e-978b-45cc-a342-8710ede12f4b","323f6fc6-61e4-4046-aef4-847a1bec0563","task-2","sw_vantagev3","leave",31283,33632,2349,2025-12-18 16:13:44.88,2025-12-18 16:13:47.23,1536,695
1443,"85ce805e-978b-45cc-a342-8710ede12f4b","323f6fc6-61e4-4046-aef4-847a1bec0563","task-2","sw_aw11","leave",33649,36766,3117,2025-12-18 16:13:47.246,2025-12-18 16:13:50.364,1536,695
1444,"85ce805e-978b-45cc-a342-8710ede12f4b","323f6fc6-61e4-4046-aef4-847a1bec0563","task-2","sw_scanwatch2","leave",36783,44203,7420,2025-12-18 16:13:50.381,2025-12-18 16:13:57.8,1536,695
1445,"85ce805e-978b-45cc-a342-8710ede12f4b","323f6fc6-61e4-4046-aef4-847a1bec0563","task-2","sw_aw11","leave",44204,45303,1099,2025-12-18 16:13:57.802,2025-12-18 16:13:58.901,1536,695
1446,"85ce805e-978b-45cc-a342-8710ede12f4b","323f6fc6-61e4-4046-aef4-847a1bec0563","task-2","sw_scanwatch2","leave",45307,45404,97,2025-12-18 16:13:58.905,2025-12-18 16:13:59.001,1536,695
1447,"85ce805e-978b-45cc-a342-8710ede12f4b","323f6fc6-61e4-4046-aef4-847a1bec0563","task-2","sw_watch8","leave",45420,54023,8603,2025-12-18 16:13:59.018,2025-12-18 16:14:07.621,1536,695
1448,"85ce805e-978b-45cc-a342-8710ede12f4b","323f6fc6-61e4-4046-aef4-847a1bec0563","task-2","sw_scanwatch2","leave",54040,54373,333,2025-12-18 16:14:07.637,2025-12-18 16:14:07.97,1536,695
1449,"85ce805e-978b-45cc-a342-8710ede12f4b","323f6fc6-61e4-4046-aef4-847a1bec0563","task-2","sw_aw11","leave",54456,56223,1767,2025-12-18 16:14:08.054,2025-12-18 16:14:09.821,1536,695
1450,"85ce805e-978b-45cc-a342-8710ede12f4b","323f6fc6-61e4-4046-aef4-847a1bec0563","task-2","sw_aw11","end_task",60526,60604,78,2025-12-18 16:14:14.124,2025-12-18 16:14:14.201,1536,695
1451,"87927c15-49d0-4962-b182-ab5a768263a6","10bcc14f-7fd9-4646-80bc-7eff4d2e1097","task-2","wb_nalgene","leave",138,698,560,2025-12-18 19:35:16.808,2025-12-18 19:35:17.368,1892,1294
1452,"87927c15-49d0-4962-b182-ab5a768263a6","10bcc14f-7fd9-4646-80bc-7eff4d2e1097","task-2","wb_spottle_glass","leave",731,764,33,2025-12-18 19:35:17.401,2025-12-18 19:35:17.434,1892,1294
1453,"87927c15-49d0-4962-b182-ab5a768263a6","10bcc14f-7fd9-4646-80bc-7eff4d2e1097","task-2","wb_waterdrop_sport","leave",764,1198,434,2025-12-18 19:35:17.434,2025-12-18 19:35:17.868,1892,1294
1454,"87927c15-49d0-4962-b182-ab5a768263a6","10bcc14f-7fd9-4646-80bc-7eff4d2e1097","task-2","wb_24_urban","leave",1232,1248,16,2025-12-18 19:35:17.901,2025-12-18 19:35:17.918,1892,1294
1455,"87927c15-49d0-4962-b182-ab5a768263a6","10bcc14f-7fd9-4646-80bc-7eff4d2e1097","task-2","wb_nalgene","leave",1248,1365,117,2025-12-18 19:35:17.918,2025-12-18 19:35:18.035,1892,1294
1456,"87927c15-49d0-4962-b182-ab5a768263a6","10bcc14f-7fd9-4646-80bc-7eff4d2e1097","task-2","wb_spottle_glass","leave",1917,2549,632,2025-12-18 19:35:18.587,2025-12-18 19:35:19.219,1892,1294
1457,"87927c15-49d0-4962-b182-ab5a768263a6","10bcc14f-7fd9-4646-80bc-7eff4d2e1097","task-2","wb_nalgene","leave",2566,4167,1601,2025-12-18 19:35:19.236,2025-12-18 19:35:20.837,1892,1294
1458,"87927c15-49d0-4962-b182-ab5a768263a6","10bcc14f-7fd9-4646-80bc-7eff4d2e1097","task-2","wb_24_urban","leave",4168,4351,183,2025-12-18 19:35:20.837,2025-12-18 19:35:21.021,1892,1294
1459,"87927c15-49d0-4962-b182-ab5a768263a6","10bcc14f-7fd9-4646-80bc-7eff4d2e1097","task-2","wb_720_nolimit","leave",4351,4568,217,2025-12-18 19:35:21.021,2025-12-18 19:35:21.238,1892,1294
1460,"87927c15-49d0-4962-b182-ab5a768263a6","10bcc14f-7fd9-4646-80bc-7eff4d2e1097","task-2","wb_24_clima","leave",4583,5418,835,2025-12-18 19:35:21.253,2025-12-18 19:35:22.088,1892,1294
1461,"87927c15-49d0-4962-b182-ab5a768263a6","10bcc14f-7fd9-4646-80bc-7eff4d2e1097","task-2","wb_24_clima","leave",11206,11440,234,2025-12-18 19:35:27.876,2025-12-18 19:35:28.109,1892,1294
1462,"87927c15-49d0-4962-b182-ab5a768263a6","10bcc14f-7fd9-4646-80bc-7eff4d2e1097","task-2","wb_720_nolimit","leave",11473,11507,34,2025-12-18 19:35:28.143,2025-12-18 19:35:28.177,1892,1294
1463,"87927c15-49d0-4962-b182-ab5a768263a6","10bcc14f-7fd9-4646-80bc-7eff4d2e1097","task-2","wb_24_urban","leave",11523,11723,200,2025-12-18 19:35:28.192,2025-12-18 19:35:28.393,1892,1294
1464,"87927c15-49d0-4962-b182-ab5a768263a6","10bcc14f-7fd9-4646-80bc-7eff4d2e1097","task-2","wb_nalgene","leave",11740,13358,1618,2025-12-18 19:35:28.41,2025-12-18 19:35:30.028,1892,1294
1465,"87927c15-49d0-4962-b182-ab5a768263a6","10bcc14f-7fd9-4646-80bc-7eff4d2e1097","task-2","wb_spottle_glass","leave",14146,14359,213,2025-12-18 19:35:30.816,2025-12-18 19:35:31.029,1892,1294
1466,"3392a48a-09a3-4fb8-88de-94366e96acac","eb870660-81e6-42e1-be24-2ca77d82d4ce","task-2","wb_24_urban","leave",272,973,701,2025-12-19 08:54:40.966,2025-12-19 08:54:41.667,1912,914
1467,"3392a48a-09a3-4fb8-88de-94366e96acac","eb870660-81e6-42e1-be24-2ca77d82d4ce","task-2","wb_720_nolimit","leave",19883,22820,2937,2025-12-19 08:55:00.576,2025-12-19 08:55:03.514,1912,914
1468,"f4a35592-edb9-44d2-b455-a4c905170996","10e43c6b-430c-47be-8c7e-acfe0fe439b5","task-2","sw_vantagev3","leave",139,15014,14875,2025-12-19 09:09:23.449,2025-12-19 09:09:38.325,1920,947
1469,"f4a35592-edb9-44d2-b455-a4c905170996","10e43c6b-430c-47be-8c7e-acfe0fe439b5","task-2","sw_aw11","leave",15030,16014,984,2025-12-19 09:09:38.341,2025-12-19 09:09:39.325,1920,947
1470,"f4a35592-edb9-44d2-b455-a4c905170996","10e43c6b-430c-47be-8c7e-acfe0fe439b5","task-2","sw_vantagev3","leave",16031,16598,567,2025-12-19 09:09:39.342,2025-12-19 09:09:39.908,1920,947
1471,"f4a35592-edb9-44d2-b455-a4c905170996","10e43c6b-430c-47be-8c7e-acfe0fe439b5","task-2","sw_aw11","leave",16599,16899,300,2025-12-19 09:09:39.909,2025-12-19 09:09:40.209,1920,947
1472,"f4a35592-edb9-44d2-b455-a4c905170996","10e43c6b-430c-47be-8c7e-acfe0fe439b5","task-2","sw_vantagev3","leave",18251,18300,49,2025-12-19 09:09:41.562,2025-12-19 09:09:41.61,1920,947
1473,"f4a35592-edb9-44d2-b455-a4c905170996","10e43c6b-430c-47be-8c7e-acfe0fe439b5","task-2","sw_aw11","leave",18301,18333,32,2025-12-19 09:09:41.611,2025-12-19 09:09:41.644,1920,947
1474,"f4a35592-edb9-44d2-b455-a4c905170996","10e43c6b-430c-47be-8c7e-acfe0fe439b5","task-2","sw_venu4","leave",18335,27586,9251,2025-12-19 09:09:41.645,2025-12-19 09:09:50.897,1920,947
1475,"f4a35592-edb9-44d2-b455-a4c905170996","10e43c6b-430c-47be-8c7e-acfe0fe439b5","task-2","sw_vantagev3","leave",28010,28694,684,2025-12-19 09:09:51.321,2025-12-19 09:09:52.006,1920,947
1476,"f4a35592-edb9-44d2-b455-a4c905170996","10e43c6b-430c-47be-8c7e-acfe0fe439b5","task-2","sw_aw11","leave",28744,29144,400,2025-12-19 09:09:52.054,2025-12-19 09:09:52.455,1920,947
1477,"f4a35592-edb9-44d2-b455-a4c905170996","10e43c6b-430c-47be-8c7e-acfe0fe439b5","task-2","sw_venu4","leave",29161,29461,300,2025-12-19 09:09:52.471,2025-12-19 09:09:52.771,1920,947
1478,"6601c68a-3a6d-4b52-bca0-d4114228063c","da1fc0bd-2274-48c6-935d-bd4303dfc0a7","task-2","sw_fr970","leave",81,1186,1105,2025-12-19 14:05:16.976,2025-12-19 14:05:18.08,1528,828
1479,"6601c68a-3a6d-4b52-bca0-d4114228063c","da1fc0bd-2274-48c6-935d-bd4303dfc0a7","task-2","sw_fr970","leave",1701,8183,6482,2025-12-19 14:05:18.596,2025-12-19 14:05:25.077,1528,828
1480,"6601c68a-3a6d-4b52-bca0-d4114228063c","da1fc0bd-2274-48c6-935d-bd4303dfc0a7","task-2","sw_aw11","leave",8200,10265,2065,2025-12-19 14:05:25.095,2025-12-19 14:05:27.16,1528,828
1481,"6601c68a-3a6d-4b52-bca0-d4114228063c","da1fc0bd-2274-48c6-935d-bd4303dfc0a7","task-2","sw_fr970","leave",10265,13150,2885,2025-12-19 14:05:27.16,2025-12-19 14:05:30.044,1528,828
1482,"6601c68a-3a6d-4b52-bca0-d4114228063c","da1fc0bd-2274-48c6-935d-bd4303dfc0a7","task-2","sw_aw11","leave",13150,13166,16,2025-12-19 14:05:30.045,2025-12-19 14:05:30.06,1528,828
1483,"6601c68a-3a6d-4b52-bca0-d4114228063c","da1fc0bd-2274-48c6-935d-bd4303dfc0a7","task-2","sw_scanwatch2","leave",13348,19464,6116,2025-12-19 14:05:30.242,2025-12-19 14:05:36.359,1528,828
1484,"6601c68a-3a6d-4b52-bca0-d4114228063c","da1fc0bd-2274-48c6-935d-bd4303dfc0a7","task-2","sw_aw11","leave",19464,20014,550,2025-12-19 14:05:36.359,2025-12-19 14:05:36.909,1528,828
1485,"6601c68a-3a6d-4b52-bca0-d4114228063c","da1fc0bd-2274-48c6-935d-bd4303dfc0a7","task-2","sw_watch8","leave",20050,27547,7497,2025-12-19 14:05:36.945,2025-12-19 14:05:44.441,1528,828
1486,"6601c68a-3a6d-4b52-bca0-d4114228063c","da1fc0bd-2274-48c6-935d-bd4303dfc0a7","task-2","sw_vantagev3","leave",27563,30261,2698,2025-12-19 14:05:44.458,2025-12-19 14:05:47.156,1528,828
1487,"6601c68a-3a6d-4b52-bca0-d4114228063c","da1fc0bd-2274-48c6-935d-bd4303dfc0a7","task-2","sw_venu4","leave",30262,33611,3349,2025-12-19 14:05:47.157,2025-12-19 14:05:50.506,1528,828
1488,"6601c68a-3a6d-4b52-bca0-d4114228063c","da1fc0bd-2274-48c6-935d-bd4303dfc0a7","task-2","sw_vantagev3","leave",33612,34779,1167,2025-12-19 14:05:50.507,2025-12-19 14:05:51.674,1528,828
1489,"6601c68a-3a6d-4b52-bca0-d4114228063c","da1fc0bd-2274-48c6-935d-bd4303dfc0a7","task-2","sw_watch8","leave",34795,35946,1151,2025-12-19 14:05:51.69,2025-12-19 14:05:52.84,1528,828
1490,"80dcc47e-3659-495b-9fcf-27e7d4fcc5b9","a586e2c1-54e8-45ba-963f-6cd8077f1e79","task-2","bp_db_daypack_17l","leave",1255,11259,10004,2025-12-19 15:05:56.824,2025-12-19 15:06:06.828,1440,797
1491,"80dcc47e-3659-495b-9fcf-27e7d4fcc5b9","a586e2c1-54e8-45ba-963f-6cd8077f1e79","task-2","bp_tnf_base_camp_fuse_box","leave",11263,13960,2697,2025-12-19 15:06:06.831,2025-12-19 15:06:09.528,1440,797
1492,"80dcc47e-3659-495b-9fcf-27e7d4fcc5b9","a586e2c1-54e8-45ba-963f-6cd8077f1e79","task-2","bp_pinqponq_purik_cliff","leave",13960,19993,6033,2025-12-19 15:06:09.529,2025-12-19 15:06:15.562,1440,797
1493,"80dcc47e-3659-495b-9fcf-27e7d4fcc5b9","a586e2c1-54e8-45ba-963f-6cd8077f1e79","task-2","bp_kapten_helsinki_pro","leave",20010,22125,2115,2025-12-19 15:06:15.578,2025-12-19 15:06:17.694,1440,797
1494,"80dcc47e-3659-495b-9fcf-27e7d4fcc5b9","a586e2c1-54e8-45ba-963f-6cd8077f1e79","task-2","bp_aevor_trip_pack","leave",22126,24192,2066,2025-12-19 15:06:17.694,2025-12-19 15:06:19.76,1440,797
1495,"80dcc47e-3659-495b-9fcf-27e7d4fcc5b9","a586e2c1-54e8-45ba-963f-6cd8077f1e79","task-2","bp_patagonia_black_hole_micro_22l","leave",24209,26542,2333,2025-12-19 15:06:19.777,2025-12-19 15:06:22.11,1440,797
1496,"80dcc47e-3659-495b-9fcf-27e7d4fcc5b9","a586e2c1-54e8-45ba-963f-6cd8077f1e79","task-2","bp_patagonia_black_hole_micro_22l","leave",28542,28576,34,2025-12-19 15:06:24.11,2025-12-19 15:06:24.144,1440,797
1497,"80dcc47e-3659-495b-9fcf-27e7d4fcc5b9","a586e2c1-54e8-45ba-963f-6cd8077f1e79","task-2","bp_tnf_base_camp_fuse_box","leave",28593,30860,2267,2025-12-19 15:06:24.161,2025-12-19 15:06:26.428,1440,797
1498,"80dcc47e-3659-495b-9fcf-27e7d4fcc5b9","a586e2c1-54e8-45ba-963f-6cd8077f1e79","task-2","bp_aevor_trip_pack","leave",30877,34409,3532,2025-12-19 15:06:26.444,2025-12-19 15:06:29.977,1440,797
1499,"80dcc47e-3659-495b-9fcf-27e7d4fcc5b9","a586e2c1-54e8-45ba-963f-6cd8077f1e79","task-2","bp_patagonia_black_hole_micro_22l","leave",34428,34447,19,2025-12-19 15:06:29.995,2025-12-19 15:06:30.015,1440,797
1500,"b55e506c-9dbb-4020-8795-dc6aea0cd09b","fe672941-07cb-4dcc-9668-f50d2d067848","task-2","det_denkmit","leave",120,5271,5151,2025-12-19 15:11:44.967,2025-12-19 15:11:50.119,1440,778
1501,"b55e506c-9dbb-4020-8795-dc6aea0cd09b","fe672941-07cb-4dcc-9668-f50d2d067848","task-2","det_lenor","leave",5272,6937,1665,2025-12-19 15:11:50.119,2025-12-19 15:11:51.784,1440,778
1502,"b55e506c-9dbb-4020-8795-dc6aea0cd09b","fe672941-07cb-4dcc-9668-f50d2d067848","task-2","det_denkmit","leave",6938,29105,22167,2025-12-19 15:11:51.785,2025-12-19 15:12:13.951,1440,778
1503,"b55e506c-9dbb-4020-8795-dc6aea0cd09b","fe672941-07cb-4dcc-9668-f50d2d067848","task-2","det_ecover","leave",29121,29221,100,2025-12-19 15:12:13.968,2025-12-19 15:12:14.067,1440,778
1504,"b55e506c-9dbb-4020-8795-dc6aea0cd09b","fe672941-07cb-4dcc-9668-f50d2d067848","task-2","det_ariel","leave",29270,30687,1417,2025-12-19 15:12:14.116,2025-12-19 15:12:15.533,1440,778
1505,"b55e506c-9dbb-4020-8795-dc6aea0cd09b","fe672941-07cb-4dcc-9668-f50d2d067848","task-2","det_ecover","leave",30804,31871,1067,2025-12-19 15:12:15.651,2025-12-19 15:12:16.717,1440,778
1506,"b55e506c-9dbb-4020-8795-dc6aea0cd09b","fe672941-07cb-4dcc-9668-f50d2d067848","task-2","det_lenor","leave",31872,37572,5700,2025-12-19 15:12:16.718,2025-12-19 15:12:22.418,1440,778
1507,"b55e506c-9dbb-4020-8795-dc6aea0cd09b","fe672941-07cb-4dcc-9668-f50d2d067848","task-2","det_ecover","leave",37574,37687,113,2025-12-19 15:12:22.419,2025-12-19 15:12:22.533,1440,778
1508,"b55e506c-9dbb-4020-8795-dc6aea0cd09b","fe672941-07cb-4dcc-9668-f50d2d067848","task-2","det_persil","leave",37705,40422,2717,2025-12-19 15:12:22.551,2025-12-19 15:12:25.267,1440,778
1509,"b55e506c-9dbb-4020-8795-dc6aea0cd09b","fe672941-07cb-4dcc-9668-f50d2d067848","task-2","det_weisser","leave",40438,44205,3767,2025-12-19 15:12:25.283,2025-12-19 15:12:29.051,1440,778
1510,"b55e506c-9dbb-4020-8795-dc6aea0cd09b","fe672941-07cb-4dcc-9668-f50d2d067848","task-2","det_denkmit","leave",44223,44739,516,2025-12-19 15:12:29.069,2025-12-19 15:12:29.584,1440,778
1511,"b55e506c-9dbb-4020-8795-dc6aea0cd09b","fe672941-07cb-4dcc-9668-f50d2d067848","task-2","det_weisser","leave",44740,44821,81,2025-12-19 15:12:29.585,2025-12-19 15:12:29.667,1440,778
1512,"b55e506c-9dbb-4020-8795-dc6aea0cd09b","fe672941-07cb-4dcc-9668-f50d2d067848","task-2","det_persil","leave",44838,45939,1101,2025-12-19 15:12:29.684,2025-12-19 15:12:30.784,1440,778
1513,"b55e506c-9dbb-4020-8795-dc6aea0cd09b","fe672941-07cb-4dcc-9668-f50d2d067848","task-2","det_ecover","leave",45972,51922,5950,2025-12-19 15:12:30.818,2025-12-19 15:12:36.767,1440,778
1514,"b55e506c-9dbb-4020-8795-dc6aea0cd09b","fe672941-07cb-4dcc-9668-f50d2d067848","task-2","det_lenor","leave",51923,53172,1249,2025-12-19 15:12:36.769,2025-12-19 15:12:38.018,1440,778
1515,"b55e506c-9dbb-4020-8795-dc6aea0cd09b","fe672941-07cb-4dcc-9668-f50d2d067848","task-2","det_ecover","leave",53189,53306,117,2025-12-19 15:12:38.034,2025-12-19 15:12:38.151,1440,778
1516,"b55e506c-9dbb-4020-8795-dc6aea0cd09b","fe672941-07cb-4dcc-9668-f50d2d067848","task-2","det_ariel","leave",53672,56856,3184,2025-12-19 15:12:38.517,2025-12-19 15:12:41.701,1440,778
1517,"b55e506c-9dbb-4020-8795-dc6aea0cd09b","fe672941-07cb-4dcc-9668-f50d2d067848","task-2","det_ecover","leave",56889,57257,368,2025-12-19 15:12:41.734,2025-12-19 15:12:42.102,1440,778
1518,"b55e506c-9dbb-4020-8795-dc6aea0cd09b","fe672941-07cb-4dcc-9668-f50d2d067848","task-2","det_lenor","leave",57289,60256,2967,2025-12-19 15:12:42.135,2025-12-19 15:12:45.101,1440,778
1519,"b55e506c-9dbb-4020-8795-dc6aea0cd09b","fe672941-07cb-4dcc-9668-f50d2d067848","task-2","det_ecover","leave",60457,60472,15,2025-12-19 15:12:45.301,2025-12-19 15:12:45.317,1440,778
1520,"b55e506c-9dbb-4020-8795-dc6aea0cd09b","fe672941-07cb-4dcc-9668-f50d2d067848","task-2","det_ariel","leave",60474,63273,2799,2025-12-19 15:12:45.319,2025-12-19 15:12:48.117,1440,778
1521,"b55e506c-9dbb-4020-8795-dc6aea0cd09b","fe672941-07cb-4dcc-9668-f50d2d067848","task-2","det_ecover","leave",63274,63289,15,2025-12-19 15:12:48.119,2025-12-19 15:12:48.134,1440,778
1522,"b9a10a5d-2ff2-4928-8404-1701a2f65e95","5e38168c-c307-4cd5-a939-b94dca4a69e1","task-2","sp_kilburn2","leave",133,1966,1833,2025-12-19 18:35:04.84,2025-12-19 18:35:06.673,1536,826
1523,"b9a10a5d-2ff2-4928-8404-1701a2f65e95","5e38168c-c307-4cd5-a939-b94dca4a69e1","task-2","sp_boom4","leave",1966,2566,600,2025-12-19 18:35:06.673,2025-12-19 18:35:07.273,1536,826
1524,"b9a10a5d-2ff2-4928-8404-1701a2f65e95","5e38168c-c307-4cd5-a939-b94dca4a69e1","task-2","sp_kilburn2","leave",2566,41176,38610,2025-12-19 18:35:07.273,2025-12-19 18:35:45.883,1536,826
1525,"b9a10a5d-2ff2-4928-8404-1701a2f65e95","5e38168c-c307-4cd5-a939-b94dca4a69e1","task-2","sp_sonos_era100","leave",41194,53541,12347,2025-12-19 18:35:45.9,2025-12-19 18:35:58.248,1536,826
1526,"b9a10a5d-2ff2-4928-8404-1701a2f65e95","5e38168c-c307-4cd5-a939-b94dca4a69e1","task-2","sp_jbl_charge5","leave",53543,58590,5047,2025-12-19 18:35:58.249,2025-12-19 18:36:03.297,1536,826
1527,"b9a10a5d-2ff2-4928-8404-1701a2f65e95","5e38168c-c307-4cd5-a939-b94dca4a69e1","task-2","sp_bose_flex","leave",58592,65822,7230,2025-12-19 18:36:03.298,2025-12-19 18:36:10.529,1536,826
1528,"b9a10a5d-2ff2-4928-8404-1701a2f65e95","5e38168c-c307-4cd5-a939-b94dca4a69e1","task-2","sp_beosound_explore","leave",65845,65895,50,2025-12-19 18:36:10.552,2025-12-19 18:36:10.601,1536,826
1529,"b9a10a5d-2ff2-4928-8404-1701a2f65e95","5e38168c-c307-4cd5-a939-b94dca4a69e1","task-2","sp_boom4","leave",65896,66189,293,2025-12-19 18:36:10.603,2025-12-19 18:36:10.896,1536,826
1530,"b9a10a5d-2ff2-4928-8404-1701a2f65e95","5e38168c-c307-4cd5-a939-b94dca4a69e1","task-2","sp_jbl_charge5","leave",66206,66755,549,2025-12-19 18:36:10.912,2025-12-19 18:36:11.462,1536,826
1531,"b9a10a5d-2ff2-4928-8404-1701a2f65e95","5e38168c-c307-4cd5-a939-b94dca4a69e1","task-2","sp_jbl_charge5","leave",67189,67355,166,2025-12-19 18:36:11.895,2025-12-19 18:36:12.062,1536,826
1532,"b9a10a5d-2ff2-4928-8404-1701a2f65e95","5e38168c-c307-4cd5-a939-b94dca4a69e1","task-2","sp_boom4","leave",67357,67788,431,2025-12-19 18:36:12.064,2025-12-19 18:36:12.495,1536,826
1533,"b9a10a5d-2ff2-4928-8404-1701a2f65e95","5e38168c-c307-4cd5-a939-b94dca4a69e1","task-2","sp_jbl_charge5","leave",67789,68072,283,2025-12-19 18:36:12.496,2025-12-19 18:36:12.779,1536,826
1534,"b9a10a5d-2ff2-4928-8404-1701a2f65e95","5e38168c-c307-4cd5-a939-b94dca4a69e1","task-2","sp_jbl_charge5","leave",68522,70295,1773,2025-12-19 18:36:13.229,2025-12-19 18:36:15.002,1536,826
1535,"b9a10a5d-2ff2-4928-8404-1701a2f65e95","5e38168c-c307-4cd5-a939-b94dca4a69e1","task-2","sp_boom4","leave",70297,70605,308,2025-12-19 18:36:15.004,2025-12-19 18:36:15.312,1536,826
1536,"b9a10a5d-2ff2-4928-8404-1701a2f65e95","5e38168c-c307-4cd5-a939-b94dca4a69e1","task-2","sp_jbl_charge5","leave",70607,73238,2631,2025-12-19 18:36:15.314,2025-12-19 18:36:17.944,1536,826
1537,"27836eda-5747-4607-b5c4-438065c4ef09","d54c2d38-a344-4acc-a58f-98900e4f3d25","task-2","det_lenor","leave",404,1732,1328,2025-12-19 23:29:42.013,2025-12-19 23:29:43.341,1536,730
1538,"27836eda-5747-4607-b5c4-438065c4ef09","d54c2d38-a344-4acc-a58f-98900e4f3d25","task-2","det_ecover","leave",1798,1915,117,2025-12-19 23:29:43.407,2025-12-19 23:29:43.524,1536,730
1539,"27836eda-5747-4607-b5c4-438065c4ef09","d54c2d38-a344-4acc-a58f-98900e4f3d25","task-2","det_ecover","leave",4781,5095,314,2025-12-19 23:29:46.39,2025-12-19 23:29:46.704,1536,730
1540,"27836eda-5747-4607-b5c4-438065c4ef09","d54c2d38-a344-4acc-a58f-98900e4f3d25","task-2","det_weisser","leave",5095,5182,87,2025-12-19 23:29:46.704,2025-12-19 23:29:46.791,1536,730
1541,"27836eda-5747-4607-b5c4-438065c4ef09","d54c2d38-a344-4acc-a58f-98900e4f3d25","task-2","det_ariel","leave",5182,6494,1312,2025-12-19 23:29:46.791,2025-12-19 23:29:48.103,1536,730
1542,"27836eda-5747-4607-b5c4-438065c4ef09","d54c2d38-a344-4acc-a58f-98900e4f3d25","task-2","det_weisser","leave",6495,8210,1715,2025-12-19 23:29:48.104,2025-12-19 23:29:49.819,1536,730
1543,"27836eda-5747-4607-b5c4-438065c4ef09","d54c2d38-a344-4acc-a58f-98900e4f3d25","task-2","det_persil","leave",8211,8393,182,2025-12-19 23:29:49.82,2025-12-19 23:29:50.002,1536,730
1544,"27836eda-5747-4607-b5c4-438065c4ef09","d54c2d38-a344-4acc-a58f-98900e4f3d25","task-2","det_lenor","leave",8411,10541,2130,2025-12-19 23:29:50.02,2025-12-19 23:29:52.15,1536,730
1545,"27836eda-5747-4607-b5c4-438065c4ef09","d54c2d38-a344-4acc-a58f-98900e4f3d25","task-2","det_ecover","leave",10542,12044,1502,2025-12-19 23:29:52.151,2025-12-19 23:29:53.653,1536,730
1546,"27836eda-5747-4607-b5c4-438065c4ef09","d54c2d38-a344-4acc-a58f-98900e4f3d25","task-2","det_denkmit","leave",12045,12273,228,2025-12-19 23:29:53.654,2025-12-19 23:29:53.882,1536,730
1547,"27836eda-5747-4607-b5c4-438065c4ef09","d54c2d38-a344-4acc-a58f-98900e4f3d25","task-2","det_ecover","leave",12291,13839,1548,2025-12-19 23:29:53.9,2025-12-19 23:29:55.448,1536,730
1548,"27836eda-5747-4607-b5c4-438065c4ef09","d54c2d38-a344-4acc-a58f-98900e4f3d25","task-2","det_weisser","leave",13840,13874,34,2025-12-19 23:29:55.449,2025-12-19 23:29:55.483,1536,730
1549,"27836eda-5747-4607-b5c4-438065c4ef09","d54c2d38-a344-4acc-a58f-98900e4f3d25","task-2","det_persil","leave",13906,13923,17,2025-12-19 23:29:55.515,2025-12-19 23:29:55.532,1536,730
1550,"27836eda-5747-4607-b5c4-438065c4ef09","d54c2d38-a344-4acc-a58f-98900e4f3d25","task-2","det_persil","leave",14890,15071,181,2025-12-19 23:29:56.498,2025-12-19 23:29:56.68,1536,730
1551,"27836eda-5747-4607-b5c4-438065c4ef09","d54c2d38-a344-4acc-a58f-98900e4f3d25","task-2","det_weisser","end_task",15088,15524,436,2025-12-19 23:29:56.696,2025-12-19 23:29:57.133,1536,730
1552,"d07fed36-0056-4bc9-85be-8f48a76b77ce","a941ce89-6cf0-4690-830f-cd35b97730fc","task-2","bp_patagonia_black_hole_micro_22l","leave",4983,5112,129,2025-12-20 18:32:45.817,2025-12-20 18:32:45.946,430,815
1553,"d07fed36-0056-4bc9-85be-8f48a76b77ce","a941ce89-6cf0-4690-830f-cd35b97730fc","task-2","bp_patagonia_black_hole_micro_22l","leave",7110,9296,2186,2025-12-20 18:32:47.944,2025-12-20 18:32:50.13,430,815
1554,"d07fed36-0056-4bc9-85be-8f48a76b77ce","a941ce89-6cf0-4690-830f-cd35b97730fc","task-2","bp_db_daypack_17l","leave",11831,11940,109,2025-12-20 18:32:52.665,2025-12-20 18:32:52.775,430,815
1555,"d07fed36-0056-4bc9-85be-8f48a76b77ce","a941ce89-6cf0-4690-830f-cd35b97730fc","task-2","bp_db_daypack_17l","switch",12632,13714,1082,2025-12-20 18:32:53.466,2025-12-20 18:32:54.548,430,815
1556,"d07fed36-0056-4bc9-85be-8f48a76b77ce","a941ce89-6cf0-4690-830f-cd35b97730fc","task-2","bp_pinqponq_purik_cliff","leave",13714,13788,74,2025-12-20 18:32:54.548,2025-12-20 18:32:54.622,430,815
1557,"d07fed36-0056-4bc9-85be-8f48a76b77ce","a941ce89-6cf0-4690-830f-cd35b97730fc","task-2","bp_pinqponq_purik_cliff","leave",14896,15006,110,2025-12-20 18:32:55.731,2025-12-20 18:32:55.84,430,815
1558,"d07fed36-0056-4bc9-85be-8f48a76b77ce","a941ce89-6cf0-4690-830f-cd35b97730fc","task-2","bp_tnf_base_camp_fuse_box","leave",15730,15888,158,2025-12-20 18:32:56.564,2025-12-20 18:32:56.722,430,815
1559,"d07fed36-0056-4bc9-85be-8f48a76b77ce","a941ce89-6cf0-4690-830f-cd35b97730fc","task-2","bp_tnf_base_camp_fuse_box","switch",17294,28948,11654,2025-12-20 18:32:58.128,2025-12-20 18:33:09.782,430,815
1560,"d07fed36-0056-4bc9-85be-8f48a76b77ce","a941ce89-6cf0-4690-830f-cd35b97730fc","task-2","bp_patagonia_black_hole_micro_22l","leave",28948,29026,78,2025-12-20 18:33:09.782,2025-12-20 18:33:09.86,430,815
1561,"d07fed36-0056-4bc9-85be-8f48a76b77ce","a941ce89-6cf0-4690-830f-cd35b97730fc","task-2","bp_patagonia_black_hole_micro_22l","leave",29766,29809,43,2025-12-20 18:33:10.599,2025-12-20 18:33:10.642,430,815
1562,"d07fed36-0056-4bc9-85be-8f48a76b77ce","a941ce89-6cf0-4690-830f-cd35b97730fc","task-2","bp_patagonia_black_hole_micro_22l","leave",34002,34023,21,2025-12-20 18:33:14.836,2025-12-20 18:33:14.857,430,815
1563,"d07fed36-0056-4bc9-85be-8f48a76b77ce","a941ce89-6cf0-4690-830f-cd35b97730fc","task-2","bp_kapten_helsinki_pro","switch",36874,38088,1214,2025-12-20 18:33:17.707,2025-12-20 18:33:18.922,430,775
1564,"d07fed36-0056-4bc9-85be-8f48a76b77ce","a941ce89-6cf0-4690-830f-cd35b97730fc","task-2","bp_aevor_trip_pack","end_task",38088,42302,4214,2025-12-20 18:33:18.922,2025-12-20 18:33:23.135,430,815
1565,"f11400ce-ba5d-44fc-a2b3-927c243770f4","50cb55ec-c55f-4275-b3f8-a119e6ae6ef1","task-2","sp_bose_flex","leave",672,16445,15773,2025-12-22 18:26:27.218,2025-12-22 18:26:42.991,1470,839
1566,"f11400ce-ba5d-44fc-a2b3-927c243770f4","50cb55ec-c55f-4275-b3f8-a119e6ae6ef1","task-2","sp_sonos_era100","leave",22978,49515,26537,2025-12-22 18:26:49.524,2025-12-22 18:27:16.061,1470,839
1567,"f11400ce-ba5d-44fc-a2b3-927c243770f4","50cb55ec-c55f-4275-b3f8-a119e6ae6ef1","task-2","sp_boom4","leave",49517,49979,462,2025-12-22 18:27:16.062,2025-12-22 18:27:16.525,1470,839
1568,"f11400ce-ba5d-44fc-a2b3-927c243770f4","50cb55ec-c55f-4275-b3f8-a119e6ae6ef1","task-2","sp_sonos_era100","leave",49980,50278,298,2025-12-22 18:27:16.526,2025-12-22 18:27:16.823,1470,839
1569,"f11400ce-ba5d-44fc-a2b3-927c243770f4","50cb55ec-c55f-4275-b3f8-a119e6ae6ef1","task-2","sp_sonos_era100","leave",50595,50631,36,2025-12-22 18:27:17.141,2025-12-22 18:27:17.176,1470,839
1570,"f11400ce-ba5d-44fc-a2b3-927c243770f4","50cb55ec-c55f-4275-b3f8-a119e6ae6ef1","task-2","sp_boom4","leave",50632,50747,115,2025-12-22 18:27:17.178,2025-12-22 18:27:17.292,1470,839
1571,"f11400ce-ba5d-44fc-a2b3-927c243770f4","50cb55ec-c55f-4275-b3f8-a119e6ae6ef1","task-2","sp_kilburn2","leave",50761,52928,2167,2025-12-22 18:27:17.307,2025-12-22 18:27:19.474,1470,839
1572,"f11400ce-ba5d-44fc-a2b3-927c243770f4","50cb55ec-c55f-4275-b3f8-a119e6ae6ef1","task-2","sp_boom4","leave",52930,53127,197,2025-12-22 18:27:19.475,2025-12-22 18:27:19.673,1470,839
1573,"f11400ce-ba5d-44fc-a2b3-927c243770f4","50cb55ec-c55f-4275-b3f8-a119e6ae6ef1","task-2","sp_sonos_era100","leave",61833,61957,124,2025-12-22 18:27:28.379,2025-12-22 18:27:28.502,1470,839
1574,"f11400ce-ba5d-44fc-a2b3-927c243770f4","50cb55ec-c55f-4275-b3f8-a119e6ae6ef1","task-2","sp_boom4","leave",61961,62444,483,2025-12-22 18:27:28.507,2025-12-22 18:27:28.99,1470,839
1575,"f11400ce-ba5d-44fc-a2b3-927c243770f4","50cb55ec-c55f-4275-b3f8-a119e6ae6ef1","task-2","sp_jbl_charge5","leave",62446,66261,3815,2025-12-22 18:27:28.991,2025-12-22 18:27:32.807,1470,839
1576,"f11400ce-ba5d-44fc-a2b3-927c243770f4","50cb55ec-c55f-4275-b3f8-a119e6ae6ef1","task-2","sp_boom4","leave",66262,67962,1700,2025-12-22 18:27:32.808,2025-12-22 18:27:34.508,1470,839
1577,"f11400ce-ba5d-44fc-a2b3-927c243770f4","50cb55ec-c55f-4275-b3f8-a119e6ae6ef1","task-2","sp_jbl_charge5","leave",67964,87580,19616,2025-12-22 18:27:34.509,2025-12-22 18:27:54.125,1470,839
1578,"f11400ce-ba5d-44fc-a2b3-927c243770f4","50cb55ec-c55f-4275-b3f8-a119e6ae6ef1","task-2","sp_bose_flex","leave",87581,88411,830,2025-12-22 18:27:54.126,2025-12-22 18:27:54.956,1470,839
1579,"f11400ce-ba5d-44fc-a2b3-927c243770f4","50cb55ec-c55f-4275-b3f8-a119e6ae6ef1","task-2","sp_sonos_era100","leave",88429,101862,13433,2025-12-22 18:27:54.974,2025-12-22 18:28:08.407,1470,839
1580,"f11400ce-ba5d-44fc-a2b3-927c243770f4","50cb55ec-c55f-4275-b3f8-a119e6ae6ef1","task-2","sp_bose_flex","leave",101898,103011,1113,2025-12-22 18:28:08.443,2025-12-22 18:28:09.557,1470,839
1581,"f11400ce-ba5d-44fc-a2b3-927c243770f4","50cb55ec-c55f-4275-b3f8-a119e6ae6ef1","task-2","sp_sonos_era100","leave",103112,106311,3199,2025-12-22 18:28:09.657,2025-12-22 18:28:12.856,1470,839
1582,"f11400ce-ba5d-44fc-a2b3-927c243770f4","50cb55ec-c55f-4275-b3f8-a119e6ae6ef1","task-2","sp_bose_flex","leave",106328,111277,4949,2025-12-22 18:28:12.873,2025-12-22 18:28:17.822,1470,839
1583,"f11400ce-ba5d-44fc-a2b3-927c243770f4","50cb55ec-c55f-4275-b3f8-a119e6ae6ef1","task-2","sp_jbl_charge5","leave",111295,117695,6400,2025-12-22 18:28:17.84,2025-12-22 18:28:24.24,1470,839
1584,"f11400ce-ba5d-44fc-a2b3-927c243770f4","50cb55ec-c55f-4275-b3f8-a119e6ae6ef1","task-2","sp_beosound_explore","leave",117697,122011,4314,2025-12-22 18:28:24.243,2025-12-22 18:28:28.556,1470,839
1585,"f11400ce-ba5d-44fc-a2b3-927c243770f4","50cb55ec-c55f-4275-b3f8-a119e6ae6ef1","task-2","sp_jbl_charge5","leave",122044,122196,152,2025-12-22 18:28:28.589,2025-12-22 18:28:28.742,1470,839
1586,"f11400ce-ba5d-44fc-a2b3-927c243770f4","50cb55ec-c55f-4275-b3f8-a119e6ae6ef1","task-2","sp_boom4","leave",122246,128711,6465,2025-12-22 18:28:28.791,2025-12-22 18:28:35.256,1470,839
1587,"f11400ce-ba5d-44fc-a2b3-927c243770f4","50cb55ec-c55f-4275-b3f8-a119e6ae6ef1","task-2","sp_jbl_charge5","leave",128728,128778,50,2025-12-22 18:28:35.274,2025-12-22 18:28:35.323,1470,839
1588,"f11400ce-ba5d-44fc-a2b3-927c243770f4","50cb55ec-c55f-4275-b3f8-a119e6ae6ef1","task-2","sp_bose_flex","leave",128794,128961,167,2025-12-22 18:28:35.339,2025-12-22 18:28:35.506,1470,839
1589,"f11400ce-ba5d-44fc-a2b3-927c243770f4","50cb55ec-c55f-4275-b3f8-a119e6ae6ef1","task-2","sp_jbl_charge5","leave",128963,130078,1115,2025-12-22 18:28:35.508,2025-12-22 18:28:36.623,1470,839
1590,"f11400ce-ba5d-44fc-a2b3-927c243770f4","50cb55ec-c55f-4275-b3f8-a119e6ae6ef1","task-2","sp_bose_flex","leave",130095,131810,1715,2025-12-22 18:28:36.64,2025-12-22 18:28:38.355,1470,839
1591,"f11400ce-ba5d-44fc-a2b3-927c243770f4","50cb55ec-c55f-4275-b3f8-a119e6ae6ef1","task-2","sp_jbl_charge5","leave",131813,136394,4581,2025-12-22 18:28:38.358,2025-12-22 18:28:42.94,1470,839
1592,"f11400ce-ba5d-44fc-a2b3-927c243770f4","50cb55ec-c55f-4275-b3f8-a119e6ae6ef1","task-2","sp_boom4","leave",136398,137695,1297,2025-12-22 18:28:42.943,2025-12-22 18:28:44.24,1470,839
1593,"f11400ce-ba5d-44fc-a2b3-927c243770f4","50cb55ec-c55f-4275-b3f8-a119e6ae6ef1","task-2","sp_kilburn2","leave",137711,137729,18,2025-12-22 18:28:44.257,2025-12-22 18:28:44.274,1470,839
1594,"f11400ce-ba5d-44fc-a2b3-927c243770f4","50cb55ec-c55f-4275-b3f8-a119e6ae6ef1","task-2","sp_beosound_explore","leave",137746,138478,732,2025-12-22 18:28:44.291,2025-12-22 18:28:45.023,1470,839
1595,"f11400ce-ba5d-44fc-a2b3-927c243770f4","50cb55ec-c55f-4275-b3f8-a119e6ae6ef1","task-2","sp_jbl_charge5","leave",138480,139461,981,2025-12-22 18:28:45.026,2025-12-22 18:28:46.006,1470,839
1596,"f11400ce-ba5d-44fc-a2b3-927c243770f4","50cb55ec-c55f-4275-b3f8-a119e6ae6ef1","task-2","sp_sonos_era100","leave",139465,139545,80,2025-12-22 18:28:46.011,2025-12-22 18:28:46.09,1470,839
1597,"642f7c04-6ed4-411a-8c12-c44d1ef19caa","2c25fe81-e77f-42e9-a479-03b5afe3458f","task-2","det_denkmit","leave",119,3015,2896,2025-12-23 10:15:03.844,2025-12-23 10:15:06.74,1470,731
1598,"642f7c04-6ed4-411a-8c12-c44d1ef19caa","2c25fe81-e77f-42e9-a479-03b5afe3458f","task-2","det_ecover","leave",3015,3816,801,2025-12-23 10:15:06.74,2025-12-23 10:15:07.54,1470,731
1599,"642f7c04-6ed4-411a-8c12-c44d1ef19caa","2c25fe81-e77f-42e9-a479-03b5afe3458f","task-2","det_denkmit","leave",3833,22049,18216,2025-12-23 10:15:07.557,2025-12-23 10:15:25.773,1470,731
1600,"642f7c04-6ed4-411a-8c12-c44d1ef19caa","2c25fe81-e77f-42e9-a479-03b5afe3458f","task-2","det_persil","leave",22050,23082,1032,2025-12-23 10:15:25.775,2025-12-23 10:15:26.807,1470,731
1601,"642f7c04-6ed4-411a-8c12-c44d1ef19caa","2c25fe81-e77f-42e9-a479-03b5afe3458f","task-2","det_denkmit","leave",23084,26416,3332,2025-12-23 10:15:26.808,2025-12-23 10:15:30.14,1470,731
1602,"642f7c04-6ed4-411a-8c12-c44d1ef19caa","2c25fe81-e77f-42e9-a479-03b5afe3458f","task-2","det_persil","leave",26432,26588,156,2025-12-23 10:15:30.157,2025-12-23 10:15:30.313,1470,731
1603,"642f7c04-6ed4-411a-8c12-c44d1ef19caa","2c25fe81-e77f-42e9-a479-03b5afe3458f","task-2","det_persil","end_task",28782,29085,303,2025-12-23 10:15:32.507,2025-12-23 10:15:32.81,1470,731
1610,"aed2659e-fc6e-4a03-9eea-7be2d281211b","0c8e7770-1c3e-40d4-af3e-561d63ec9aa3","task-2","wb_24_clima","leave",691,2569,1878,2025-12-23 10:47:49.126,2025-12-23 10:47:51.004,1912,924
1611,"aed2659e-fc6e-4a03-9eea-7be2d281211b","0c8e7770-1c3e-40d4-af3e-561d63ec9aa3","task-2","wb_spottle_glass","leave",2569,3170,601,2025-12-23 10:47:51.005,2025-12-23 10:47:51.606,1912,924
1612,"aed2659e-fc6e-4a03-9eea-7be2d281211b","0c8e7770-1c3e-40d4-af3e-561d63ec9aa3","task-2","wb_24_clima","leave",3170,3905,735,2025-12-23 10:47:51.606,2025-12-23 10:47:52.341,1912,924
1613,"aed2659e-fc6e-4a03-9eea-7be2d281211b","0c8e7770-1c3e-40d4-af3e-561d63ec9aa3","task-2","wb_720_nolimit","leave",3922,4774,852,2025-12-23 10:47:52.358,2025-12-23 10:47:53.209,1912,924
1614,"aed2659e-fc6e-4a03-9eea-7be2d281211b","0c8e7770-1c3e-40d4-af3e-561d63ec9aa3","task-2","wb_24_clima","leave",4791,7279,2488,2025-12-23 10:47:53.226,2025-12-23 10:47:55.715,1912,924
1615,"aed2659e-fc6e-4a03-9eea-7be2d281211b","0c8e7770-1c3e-40d4-af3e-561d63ec9aa3","task-2","wb_24_clima","leave",7730,10370,2640,2025-12-23 10:47:56.166,2025-12-23 10:47:58.805,1912,924
1616,"aed2659e-fc6e-4a03-9eea-7be2d281211b","0c8e7770-1c3e-40d4-af3e-561d63ec9aa3","task-2","wb_spottle_glass","leave",10370,11506,1136,2025-12-23 10:47:58.806,2025-12-23 10:47:59.941,1912,924
1617,"aed2659e-fc6e-4a03-9eea-7be2d281211b","0c8e7770-1c3e-40d4-af3e-561d63ec9aa3","task-2","wb_nalgene","leave",11506,12357,851,2025-12-23 10:47:59.942,2025-12-23 10:48:00.793,1912,924
1618,"aed2659e-fc6e-4a03-9eea-7be2d281211b","0c8e7770-1c3e-40d4-af3e-561d63ec9aa3","task-2","wb_waterdrop_sport","leave",12391,15448,3057,2025-12-23 10:48:00.827,2025-12-23 10:48:03.884,1912,924
1619,"aed2659e-fc6e-4a03-9eea-7be2d281211b","0c8e7770-1c3e-40d4-af3e-561d63ec9aa3","task-2","wb_24_urban","leave",15449,15482,33,2025-12-23 10:48:03.884,2025-12-23 10:48:03.917,1912,924
1620,"aed2659e-fc6e-4a03-9eea-7be2d281211b","0c8e7770-1c3e-40d4-af3e-561d63ec9aa3","task-2","wb_720_nolimit","leave",15482,20660,5178,2025-12-23 10:48:03.918,2025-12-23 10:48:09.096,1912,924
1621,"aed2659e-fc6e-4a03-9eea-7be2d281211b","0c8e7770-1c3e-40d4-af3e-561d63ec9aa3","task-2","wb_24_clima","leave",20677,23400,2723,2025-12-23 10:48:09.113,2025-12-23 10:48:11.835,1912,924
1622,"aed2659e-fc6e-4a03-9eea-7be2d281211b","0c8e7770-1c3e-40d4-af3e-561d63ec9aa3","task-2","wb_720_nolimit","leave",23434,25337,1903,2025-12-23 10:48:11.869,2025-12-23 10:48:13.773,1912,924
1623,"aed2659e-fc6e-4a03-9eea-7be2d281211b","0c8e7770-1c3e-40d4-af3e-561d63ec9aa3","task-2","wb_24_urban","leave",25338,25388,50,2025-12-23 10:48:13.774,2025-12-23 10:48:13.823,1912,924
1624,"aed2659e-fc6e-4a03-9eea-7be2d281211b","0c8e7770-1c3e-40d4-af3e-561d63ec9aa3","task-2","wb_waterdrop_sport","leave",25389,28327,2938,2025-12-23 10:48:13.824,2025-12-23 10:48:16.763,1912,924
1625,"aed2659e-fc6e-4a03-9eea-7be2d281211b","0c8e7770-1c3e-40d4-af3e-561d63ec9aa3","task-2","wb_24_urban","leave",28329,28411,82,2025-12-23 10:48:16.764,2025-12-23 10:48:16.847,1912,924
1626,"aed2659e-fc6e-4a03-9eea-7be2d281211b","0c8e7770-1c3e-40d4-af3e-561d63ec9aa3","task-2","wb_720_nolimit","leave",28412,30599,2187,2025-12-23 10:48:16.847,2025-12-23 10:48:19.035,1912,924
1627,"41d3f1dd-6a8b-4341-904c-78898c25dfd2","6c31c25e-c5dd-41fb-b6c9-87bea11b8a8f","task-2","bp_patagonia_black_hole_micro_22l","leave",72,9715,9643,2025-12-23 13:03:05.495,2025-12-23 13:03:15.138,1440,731
1628,"41d3f1dd-6a8b-4341-904c-78898c25dfd2","6c31c25e-c5dd-41fb-b6c9-87bea11b8a8f","task-2","bp_kapten_helsinki_pro","leave",9724,18732,9008,2025-12-23 13:03:15.147,2025-12-23 13:03:24.155,1440,731
1629,"41d3f1dd-6a8b-4341-904c-78898c25dfd2","6c31c25e-c5dd-41fb-b6c9-87bea11b8a8f","task-2","bp_aevor_trip_pack","leave",18740,22031,3291,2025-12-23 13:03:24.163,2025-12-23 13:03:27.454,1440,731
1630,"41d3f1dd-6a8b-4341-904c-78898c25dfd2","6c31c25e-c5dd-41fb-b6c9-87bea11b8a8f","task-2","bp_tnf_base_camp_fuse_box","leave",22048,22173,125,2025-12-23 13:03:27.471,2025-12-23 13:03:27.596,1440,731
1631,"41d3f1dd-6a8b-4341-904c-78898c25dfd2","6c31c25e-c5dd-41fb-b6c9-87bea11b8a8f","task-2","bp_tnf_base_camp_fuse_box","leave",23131,23465,334,2025-12-23 13:03:28.554,2025-12-23 13:03:28.888,1440,731
1632,"41d3f1dd-6a8b-4341-904c-78898c25dfd2","6c31c25e-c5dd-41fb-b6c9-87bea11b8a8f","task-2","bp_pinqponq_purik_cliff","leave",23607,26648,3041,2025-12-23 13:03:29.03,2025-12-23 13:03:32.071,1440,731
1633,"41d3f1dd-6a8b-4341-904c-78898c25dfd2","6c31c25e-c5dd-41fb-b6c9-87bea11b8a8f","task-2","bp_tnf_base_camp_fuse_box","leave",26665,26994,329,2025-12-23 13:03:32.088,2025-12-23 13:03:32.417,1440,731
1634,"41d3f1dd-6a8b-4341-904c-78898c25dfd2","6c31c25e-c5dd-41fb-b6c9-87bea11b8a8f","task-2","bp_aevor_trip_pack","leave",27447,28298,851,2025-12-23 13:03:32.87,2025-12-23 13:03:33.721,1440,731
1635,"41d3f1dd-6a8b-4341-904c-78898c25dfd2","6c31c25e-c5dd-41fb-b6c9-87bea11b8a8f","task-2","bp_patagonia_black_hole_micro_22l","leave",28307,30149,1842,2025-12-23 13:03:33.73,2025-12-23 13:03:35.572,1440,731
1636,"41d3f1dd-6a8b-4341-904c-78898c25dfd2","6c31c25e-c5dd-41fb-b6c9-87bea11b8a8f","task-2","bp_aevor_trip_pack","leave",30165,30265,100,2025-12-23 13:03:35.588,2025-12-23 13:03:35.688,1440,731
1637,"41d3f1dd-6a8b-4341-904c-78898c25dfd2","6c31c25e-c5dd-41fb-b6c9-87bea11b8a8f","task-2","bp_tnf_base_camp_fuse_box","leave",30298,33118,2820,2025-12-23 13:03:35.721,2025-12-23 13:03:38.541,1440,731
1638,"41d3f1dd-6a8b-4341-904c-78898c25dfd2","6c31c25e-c5dd-41fb-b6c9-87bea11b8a8f","task-2","bp_tnf_base_camp_fuse_box","leave",33132,35309,2177,2025-12-23 13:03:38.555,2025-12-23 13:03:40.732,1440,731
1639,"41d3f1dd-6a8b-4341-904c-78898c25dfd2","6c31c25e-c5dd-41fb-b6c9-87bea11b8a8f","task-2","bp_kapten_helsinki_pro","leave",35311,38074,2763,2025-12-23 13:03:40.734,2025-12-23 13:03:43.497,1440,731
1640,"41d3f1dd-6a8b-4341-904c-78898c25dfd2","6c31c25e-c5dd-41fb-b6c9-87bea11b8a8f","task-2","bp_db_daypack_17l","leave",38090,39390,1300,2025-12-23 13:03:43.513,2025-12-23 13:03:44.813,1440,731
1641,"41d3f1dd-6a8b-4341-904c-78898c25dfd2","6c31c25e-c5dd-41fb-b6c9-87bea11b8a8f","task-2","bp_pinqponq_purik_cliff","leave",39391,41257,1866,2025-12-23 13:03:44.814,2025-12-23 13:03:46.68,1440,731
1642,"41d3f1dd-6a8b-4341-904c-78898c25dfd2","6c31c25e-c5dd-41fb-b6c9-87bea11b8a8f","task-2","bp_db_daypack_17l","leave",41260,44232,2972,2025-12-23 13:03:46.683,2025-12-23 13:03:49.655,1440,731
1643,"41d3f1dd-6a8b-4341-904c-78898c25dfd2","6c31c25e-c5dd-41fb-b6c9-87bea11b8a8f","task-2","bp_pinqponq_purik_cliff","leave",44256,44290,34,2025-12-23 13:03:49.679,2025-12-23 13:03:49.713,1440,731
1644,"41d3f1dd-6a8b-4341-904c-78898c25dfd2","6c31c25e-c5dd-41fb-b6c9-87bea11b8a8f","task-2","bp_tnf_base_camp_fuse_box","leave",44323,45432,1109,2025-12-23 13:03:49.746,2025-12-23 13:03:50.855,1440,731
1645,"4aefb9b6-3230-4ed6-a6d9-181073ef2cee","3e13c82d-da28-4d66-ba9a-2d0a95d8b438","task-2","sw_fr970","leave",6265,6333,68,2025-12-23 15:53:40.666,2025-12-23 15:53:40.734,397,840
1646,"4aefb9b6-3230-4ed6-a6d9-181073ef2cee","3e13c82d-da28-4d66-ba9a-2d0a95d8b438","task-2","sw_vantagev3","leave",8664,8773,109,2025-12-23 15:53:43.065,2025-12-23 15:53:43.174,397,840
1647,"4aefb9b6-3230-4ed6-a6d9-181073ef2cee","3e13c82d-da28-4d66-ba9a-2d0a95d8b438","task-2","sw_watch8","leave",10943,11058,115,2025-12-23 15:53:45.344,2025-12-23 15:53:45.459,397,840
1648,"4aefb9b6-3230-4ed6-a6d9-181073ef2cee","3e13c82d-da28-4d66-ba9a-2d0a95d8b438","task-2","sw_scanwatch2","leave",12755,12841,86,2025-12-23 15:53:47.156,2025-12-23 15:53:47.242,397,840
1649,"4aefb9b6-3230-4ed6-a6d9-181073ef2cee","3e13c82d-da28-4d66-ba9a-2d0a95d8b438","task-2","sw_scanwatch2","leave",16868,16943,75,2025-12-23 15:53:51.269,2025-12-23 15:53:51.344,397,840
1650,"4aefb9b6-3230-4ed6-a6d9-181073ef2cee","3e13c82d-da28-4d66-ba9a-2d0a95d8b438","task-2","sw_scanwatch2","leave",21216,21352,136,2025-12-23 15:53:55.617,2025-12-23 15:53:55.753,397,840
1651,"4aefb9b6-3230-4ed6-a6d9-181073ef2cee","3e13c82d-da28-4d66-ba9a-2d0a95d8b438","task-2","sw_venu4","leave",25638,25700,62,2025-12-23 15:54:00.039,2025-12-23 15:54:00.101,397,840
1652,"4aefb9b6-3230-4ed6-a6d9-181073ef2cee","3e13c82d-da28-4d66-ba9a-2d0a95d8b438","task-2","sw_venu4","leave",27553,27636,83,2025-12-23 15:54:01.954,2025-12-23 15:54:02.037,397,840
1653,"4aefb9b6-3230-4ed6-a6d9-181073ef2cee","3e13c82d-da28-4d66-ba9a-2d0a95d8b438","task-2","sw_venu4","leave",28698,28743,45,2025-12-23 15:54:03.099,2025-12-23 15:54:03.144,397,766
1654,"4aefb9b6-3230-4ed6-a6d9-181073ef2cee","3e13c82d-da28-4d66-ba9a-2d0a95d8b438","task-2","sw_watch8","leave",31238,31286,48,2025-12-23 15:54:05.639,2025-12-23 15:54:05.687,397,766
1655,"4aefb9b6-3230-4ed6-a6d9-181073ef2cee","3e13c82d-da28-4d66-ba9a-2d0a95d8b438","task-2","sw_vantagev3","leave",31792,31845,53,2025-12-23 15:54:06.193,2025-12-23 15:54:06.246,397,766
1656,"4aefb9b6-3230-4ed6-a6d9-181073ef2cee","3e13c82d-da28-4d66-ba9a-2d0a95d8b438","task-2","sw_vantagev3","leave",32424,32474,50,2025-12-23 15:54:06.825,2025-12-23 15:54:06.875,397,766
1657,"4aefb9b6-3230-4ed6-a6d9-181073ef2cee","3e13c82d-da28-4d66-ba9a-2d0a95d8b438","task-2","sw_aw11","leave",33314,33418,104,2025-12-23 15:54:07.715,2025-12-23 15:54:07.819,397,766
1658,"4aefb9b6-3230-4ed6-a6d9-181073ef2cee","3e13c82d-da28-4d66-ba9a-2d0a95d8b438","task-2","sw_aw11","leave",34572,34685,113,2025-12-23 15:54:08.973,2025-12-23 15:54:09.086,397,766
1659,"4aefb9b6-3230-4ed6-a6d9-181073ef2cee","3e13c82d-da28-4d66-ba9a-2d0a95d8b438","task-2","sw_aw11","leave",37168,37278,110,2025-12-23 15:54:11.569,2025-12-23 15:54:11.679,397,766
1660,"4aefb9b6-3230-4ed6-a6d9-181073ef2cee","3e13c82d-da28-4d66-ba9a-2d0a95d8b438","task-2","sw_aw11","leave",38765,38804,39,2025-12-23 15:54:13.166,2025-12-23 15:54:13.205,397,766
1661,"4aefb9b6-3230-4ed6-a6d9-181073ef2cee","3e13c82d-da28-4d66-ba9a-2d0a95d8b438","task-2","sw_fr970","leave",40634,40737,103,2025-12-23 15:54:15.035,2025-12-23 15:54:15.138,397,766
1662,"4aefb9b6-3230-4ed6-a6d9-181073ef2cee","3e13c82d-da28-4d66-ba9a-2d0a95d8b438","task-2","sw_fr970","leave",41812,41934,122,2025-12-23 15:54:16.213,2025-12-23 15:54:16.335,397,766
1663,"4aefb9b6-3230-4ed6-a6d9-181073ef2cee","3e13c82d-da28-4d66-ba9a-2d0a95d8b438","task-2","sw_aw11","leave",42635,42710,75,2025-12-23 15:54:17.036,2025-12-23 15:54:17.111,397,766
1664,"4aefb9b6-3230-4ed6-a6d9-181073ef2cee","3e13c82d-da28-4d66-ba9a-2d0a95d8b438","task-2","sw_venu4","leave",43071,43189,118,2025-12-23 15:54:17.472,2025-12-23 15:54:17.59,397,766
1665,"4aefb9b6-3230-4ed6-a6d9-181073ef2cee","3e13c82d-da28-4d66-ba9a-2d0a95d8b438","task-2","sw_scanwatch2","leave",44381,44436,55,2025-12-23 15:54:18.782,2025-12-23 15:54:18.837,397,840
1666,"4aefb9b6-3230-4ed6-a6d9-181073ef2cee","3e13c82d-da28-4d66-ba9a-2d0a95d8b438","task-2","sw_scanwatch2","leave",45198,45236,38,2025-12-23 15:54:19.599,2025-12-23 15:54:19.637,397,840
1681,"5bd41024-b5e4-47bf-989c-9245509f9ab4","cf397873-6203-4597-88de-171a739c1873","task-2","det_persil","leave",76,996,920,2025-12-26 13:05:55.338,2025-12-26 13:05:56.257,1869,893
1682,"5bd41024-b5e4-47bf-989c-9245509f9ab4","cf397873-6203-4597-88de-171a739c1873","task-2","det_persil","leave",7502,7669,167,2025-12-26 13:06:02.764,2025-12-26 13:06:02.931,1869,893
1683,"5bd41024-b5e4-47bf-989c-9245509f9ab4","cf397873-6203-4597-88de-171a739c1873","task-2","det_persil","leave",7786,27155,19369,2025-12-26 13:06:03.048,2025-12-26 13:06:22.418,1869,893
1684,"5bd41024-b5e4-47bf-989c-9245509f9ab4","cf397873-6203-4597-88de-171a739c1873","task-2","det_ariel","leave",27157,27256,99,2025-12-26 13:06:22.419,2025-12-26 13:06:22.518,1869,893
1685,"5bd41024-b5e4-47bf-989c-9245509f9ab4","cf397873-6203-4597-88de-171a739c1873","task-2","det_denkmit","leave",27257,29491,2234,2025-12-26 13:06:22.519,2025-12-26 13:06:24.753,1869,893
1686,"5bd41024-b5e4-47bf-989c-9245509f9ab4","cf397873-6203-4597-88de-171a739c1873","task-2","det_lenor","leave",29492,29558,66,2025-12-26 13:06:24.754,2025-12-26 13:06:24.82,1869,893
1687,"5bd41024-b5e4-47bf-989c-9245509f9ab4","cf397873-6203-4597-88de-171a739c1873","task-2","det_ecover","leave",29559,29774,215,2025-12-26 13:06:24.821,2025-12-26 13:06:25.037,1869,893
1688,"5bd41024-b5e4-47bf-989c-9245509f9ab4","cf397873-6203-4597-88de-171a739c1873","task-2","det_ecover","leave",30609,35997,5388,2025-12-26 13:06:25.871,2025-12-26 13:06:31.26,1869,893
1689,"5bd41024-b5e4-47bf-989c-9245509f9ab4","cf397873-6203-4597-88de-171a739c1873","task-2","det_ecover","leave",36164,36515,351,2025-12-26 13:06:31.427,2025-12-26 13:06:31.777,1869,893
1690,"5bd41024-b5e4-47bf-989c-9245509f9ab4","cf397873-6203-4597-88de-171a739c1873","task-2","det_ecover","leave",39691,47503,7812,2025-12-26 13:06:34.953,2025-12-26 13:06:42.765,1869,893
1691,"5bd41024-b5e4-47bf-989c-9245509f9ab4","cf397873-6203-4597-88de-171a739c1873","task-2","det_lenor","leave",47526,50526,3000,2025-12-26 13:06:42.788,2025-12-26 13:06:45.788,1869,893
1692,"cc91c864-e9f4-48d1-8bcc-883c1dd1d607","676840dc-d964-41e5-ad5b-dba3ca8f0208","task-2","bp_aevor_trip_pack","leave",1601,1644,43,2025-12-28 11:38:14.495,2025-12-28 11:38:14.538,397,722
1693,"cc91c864-e9f4-48d1-8bcc-883c1dd1d607","676840dc-d964-41e5-ad5b-dba3ca8f0208","task-2","bp_aevor_trip_pack","leave",5651,5697,46,2025-12-28 11:38:18.545,2025-12-28 11:38:18.591,397,722
1694,"cc91c864-e9f4-48d1-8bcc-883c1dd1d607","676840dc-d964-41e5-ad5b-dba3ca8f0208","task-2","bp_tnf_base_camp_fuse_box","leave",6235,6327,92,2025-12-28 11:38:19.129,2025-12-28 11:38:19.221,397,722
1695,"cc91c864-e9f4-48d1-8bcc-883c1dd1d607","676840dc-d964-41e5-ad5b-dba3ca8f0208","task-2","bp_tnf_base_camp_fuse_box","leave",8689,8741,52,2025-12-28 11:38:21.583,2025-12-28 11:38:21.635,397,780
1696,"cc91c864-e9f4-48d1-8bcc-883c1dd1d607","676840dc-d964-41e5-ad5b-dba3ca8f0208","task-2","bp_db_daypack_17l","leave",9431,9501,70,2025-12-28 11:38:22.325,2025-12-28 11:38:22.395,397,780
1697,"cc91c864-e9f4-48d1-8bcc-883c1dd1d607","676840dc-d964-41e5-ad5b-dba3ca8f0208","task-2","bp_pinqponq_purik_cliff","leave",11377,11428,51,2025-12-28 11:38:24.271,2025-12-28 11:38:24.322,397,780
1698,"cc91c864-e9f4-48d1-8bcc-883c1dd1d607","676840dc-d964-41e5-ad5b-dba3ca8f0208","task-2","bp_pinqponq_purik_cliff","leave",11685,11791,106,2025-12-28 11:38:24.578,2025-12-28 11:38:24.685,397,780
1699,"cc91c864-e9f4-48d1-8bcc-883c1dd1d607","676840dc-d964-41e5-ad5b-dba3ca8f0208","task-2","bp_pinqponq_purik_cliff","leave",14316,14356,40,2025-12-28 11:38:27.209,2025-12-28 11:38:27.25,397,722
1700,"cc91c864-e9f4-48d1-8bcc-883c1dd1d607","676840dc-d964-41e5-ad5b-dba3ca8f0208","task-2","bp_aevor_trip_pack","leave",15473,15513,40,2025-12-28 11:38:28.367,2025-12-28 11:38:28.407,397,722
1701,"cc91c864-e9f4-48d1-8bcc-883c1dd1d607","676840dc-d964-41e5-ad5b-dba3ca8f0208","task-2","bp_aevor_trip_pack","leave",16396,16449,53,2025-12-28 11:38:29.29,2025-12-28 11:38:29.343,397,780
1702,"cc91c864-e9f4-48d1-8bcc-883c1dd1d607","676840dc-d964-41e5-ad5b-dba3ca8f0208","task-2","bp_patagonia_black_hole_micro_22l","leave",17193,17241,48,2025-12-28 11:38:30.087,2025-12-28 11:38:30.135,397,780
1703,"5569e475-ec72-4081-8d77-1256c55e8779","01f97700-9c92-4464-9bf8-21132acaa881","task-2","etb_philips_5300","leave",446,14188,13742,2025-12-30 13:41:13.707,2025-12-30 13:41:27.449,1920,870
1704,"5569e475-ec72-4081-8d77-1256c55e8779","01f97700-9c92-4464-9bf8-21132acaa881","task-2","etb_philips_7100","leave",14192,15322,1130,2025-12-30 13:41:27.452,2025-12-30 13:41:28.583,1920,870
1705,"5569e475-ec72-4081-8d77-1256c55e8779","01f97700-9c92-4464-9bf8-21132acaa881","task-2","etb_philips_5300","leave",15323,23716,8393,2025-12-30 13:41:28.585,2025-12-30 13:41:36.977,1920,870
1706,"5569e475-ec72-4081-8d77-1256c55e8779","01f97700-9c92-4464-9bf8-21132acaa881","task-2","etb_philips_7100","leave",23719,25648,1929,2025-12-30 13:41:36.98,2025-12-30 13:41:38.91,1920,870
1707,"5569e475-ec72-4081-8d77-1256c55e8779","01f97700-9c92-4464-9bf8-21132acaa881","task-2","etb_philips_5300","leave",25665,26363,698,2025-12-30 13:41:38.926,2025-12-30 13:41:39.625,1920,870
1708,"5569e475-ec72-4081-8d77-1256c55e8779","01f97700-9c92-4464-9bf8-21132acaa881","task-2","etb_philips_7100","leave",26365,27175,810,2025-12-30 13:41:39.627,2025-12-30 13:41:40.436,1920,870
1709,"5569e475-ec72-4081-8d77-1256c55e8779","01f97700-9c92-4464-9bf8-21132acaa881","task-2","etb_oralb_pro3_3500","leave",27177,32589,5412,2025-12-30 13:41:40.438,2025-12-30 13:41:45.851,1920,870
1710,"5569e475-ec72-4081-8d77-1256c55e8779","01f97700-9c92-4464-9bf8-21132acaa881","task-2","etb_philips_7100","leave",32607,33535,928,2025-12-30 13:41:45.867,2025-12-30 13:41:46.796,1920,870
1711,"5569e475-ec72-4081-8d77-1256c55e8779","01f97700-9c92-4464-9bf8-21132acaa881","task-2","etb_oralb_pro3_3500","leave",33537,35326,1789,2025-12-30 13:41:46.798,2025-12-30 13:41:48.588,1920,870
1712,"5569e475-ec72-4081-8d77-1256c55e8779","01f97700-9c92-4464-9bf8-21132acaa881","task-2","etb_oralb_io5","leave",35343,41360,6017,2025-12-30 13:41:48.604,2025-12-30 13:41:54.621,1920,870
1713,"5569e475-ec72-4081-8d77-1256c55e8779","01f97700-9c92-4464-9bf8-21132acaa881","task-2","etb_wondersmile_pro","leave",41393,47469,6076,2025-12-30 13:41:54.655,2025-12-30 13:42:00.73,1920,870
1714,"5569e475-ec72-4081-8d77-1256c55e8779","01f97700-9c92-4464-9bf8-21132acaa881","task-2","etb_philips_7100","leave",47485,48433,948,2025-12-30 13:42:00.746,2025-12-30 13:42:01.695,1920,870
1715,"5569e475-ec72-4081-8d77-1256c55e8779","01f97700-9c92-4464-9bf8-21132acaa881","task-2","etb_philips_5300","leave",48450,49134,684,2025-12-30 13:42:01.711,2025-12-30 13:42:02.395,1920,870
1716,"5569e475-ec72-4081-8d77-1256c55e8779","01f97700-9c92-4464-9bf8-21132acaa881","task-2","etb_philips_7100","leave",49150,49234,84,2025-12-30 13:42:02.411,2025-12-30 13:42:02.495,1920,870
1717,"5569e475-ec72-4081-8d77-1256c55e8779","01f97700-9c92-4464-9bf8-21132acaa881","task-2","etb_wondersmile_pro","leave",49784,50813,1029,2025-12-30 13:42:03.045,2025-12-30 13:42:04.073,1920,870
1718,"5569e475-ec72-4081-8d77-1256c55e8779","01f97700-9c92-4464-9bf8-21132acaa881","task-2","etb_oralb_pulsonic_4500","leave",50846,52967,2121,2025-12-30 13:42:04.107,2025-12-30 13:42:06.229,1920,870
1719,"5569e475-ec72-4081-8d77-1256c55e8779","01f97700-9c92-4464-9bf8-21132acaa881","task-2","etb_wondersmile_pro","leave",52984,53757,773,2025-12-30 13:42:06.245,2025-12-30 13:42:07.019,1920,870
1720,"5569e475-ec72-4081-8d77-1256c55e8779","01f97700-9c92-4464-9bf8-21132acaa881","task-2","etb_oralb_pulsonic_4500","leave",53774,56103,2329,2025-12-30 13:42:07.036,2025-12-30 13:42:09.365,1920,870
1721,"5569e475-ec72-4081-8d77-1256c55e8779","01f97700-9c92-4464-9bf8-21132acaa881","task-2","etb_wondersmile_pro","leave",56120,56136,16,2025-12-30 13:42:09.381,2025-12-30 13:42:09.397,1920,870
1722,"5569e475-ec72-4081-8d77-1256c55e8779","01f97700-9c92-4464-9bf8-21132acaa881","task-2","etb_philips_7100","leave",56153,56187,34,2025-12-30 13:42:09.414,2025-12-30 13:42:09.448,1920,870
1723,"5569e475-ec72-4081-8d77-1256c55e8779","01f97700-9c92-4464-9bf8-21132acaa881","task-2","etb_wondersmile_pro","leave",56536,57376,840,2025-12-30 13:42:09.797,2025-12-30 13:42:10.636,1920,870
1724,"5569e475-ec72-4081-8d77-1256c55e8779","01f97700-9c92-4464-9bf8-21132acaa881","task-2","etb_oralb_pulsonic_4500","leave",57393,59224,1831,2025-12-30 13:42:10.653,2025-12-30 13:42:12.485,1920,870
1725,"5569e475-ec72-4081-8d77-1256c55e8779","01f97700-9c92-4464-9bf8-21132acaa881","task-2","etb_wondersmile_pro","leave",59231,60068,837,2025-12-30 13:42:12.491,2025-12-30 13:42:13.33,1920,870
1726,"5569e475-ec72-4081-8d77-1256c55e8779","01f97700-9c92-4464-9bf8-21132acaa881","task-2","etb_philips_7100","leave",60119,60152,33,2025-12-30 13:42:13.38,2025-12-30 13:42:13.413,1920,870
1727,"5569e475-ec72-4081-8d77-1256c55e8779","01f97700-9c92-4464-9bf8-21132acaa881","task-2","etb_oralb_pro3_3500","leave",60168,64513,4345,2025-12-30 13:42:13.43,2025-12-30 13:42:17.775,1920,870
1728,"5569e475-ec72-4081-8d77-1256c55e8779","01f97700-9c92-4464-9bf8-21132acaa881","task-2","etb_philips_7100","leave",64518,64545,27,2025-12-30 13:42:17.779,2025-12-30 13:42:17.807,1920,870
1729,"5569e475-ec72-4081-8d77-1256c55e8779","01f97700-9c92-4464-9bf8-21132acaa881","task-2","etb_wondersmile_pro","leave",64562,64878,316,2025-12-30 13:42:17.823,2025-12-30 13:42:18.14,1920,870
1730,"5569e475-ec72-4081-8d77-1256c55e8779","01f97700-9c92-4464-9bf8-21132acaa881","task-2","etb_oralb_pulsonic_4500","leave",64885,64929,44,2025-12-30 13:42:18.146,2025-12-30 13:42:18.189,1920,870
1731,"5b46de25-5e4a-4cf8-91bf-b2268c1321c0","05bcca80-e838-4ef3-8ba8-39e870310e8f","task-2","wb_waterdrop_sport","leave",270,1803,1533,2025-12-30 19:29:56.1,2025-12-30 19:29:57.633,1470,712
1732,"5b46de25-5e4a-4cf8-91bf-b2268c1321c0","05bcca80-e838-4ef3-8ba8-39e870310e8f","task-2","wb_waterdrop_sport","leave",6653,13803,7150,2025-12-30 19:30:02.483,2025-12-30 19:30:09.633,1470,712
1733,"5b46de25-5e4a-4cf8-91bf-b2268c1321c0","05bcca80-e838-4ef3-8ba8-39e870310e8f","task-2","wb_720_nolimit","leave",13837,21620,7783,2025-12-30 19:30:09.667,2025-12-30 19:30:17.45,1470,712
1734,"5b46de25-5e4a-4cf8-91bf-b2268c1321c0","05bcca80-e838-4ef3-8ba8-39e870310e8f","task-2","wb_24_urban","leave",21654,21687,33,2025-12-30 19:30:17.484,2025-12-30 19:30:17.517,1470,712
1735,"5b46de25-5e4a-4cf8-91bf-b2268c1321c0","05bcca80-e838-4ef3-8ba8-39e870310e8f","task-2","wb_spottle_glass","leave",21688,26537,4849,2025-12-30 19:30:17.518,2025-12-30 19:30:22.368,1470,712
1736,"5b46de25-5e4a-4cf8-91bf-b2268c1321c0","05bcca80-e838-4ef3-8ba8-39e870310e8f","task-2","wb_24_urban","leave",27103,27204,101,2025-12-30 19:30:22.933,2025-12-30 19:30:23.034,1470,712
1737,"5b46de25-5e4a-4cf8-91bf-b2268c1321c0","05bcca80-e838-4ef3-8ba8-39e870310e8f","task-2","wb_24_clima","leave",27204,38087,10883,2025-12-30 19:30:23.035,2025-12-30 19:30:33.917,1470,712
1738,"5b46de25-5e4a-4cf8-91bf-b2268c1321c0","05bcca80-e838-4ef3-8ba8-39e870310e8f","task-2","wb_24_urban","leave",38120,38186,66,2025-12-30 19:30:33.951,2025-12-30 19:30:34.016,1470,712
1739,"5b46de25-5e4a-4cf8-91bf-b2268c1321c0","05bcca80-e838-4ef3-8ba8-39e870310e8f","task-2","wb_720_nolimit","leave",38253,39170,917,2025-12-30 19:30:34.083,2025-12-30 19:30:35,1470,712
1740,"5b46de25-5e4a-4cf8-91bf-b2268c1321c0","05bcca80-e838-4ef3-8ba8-39e870310e8f","task-2","wb_24_clima","leave",39204,40970,1766,2025-12-30 19:30:35.034,2025-12-30 19:30:36.8,1470,712
1741,"5b46de25-5e4a-4cf8-91bf-b2268c1321c0","05bcca80-e838-4ef3-8ba8-39e870310e8f","task-2","wb_24_urban","leave",40971,41103,132,2025-12-30 19:30:36.802,2025-12-30 19:30:36.933,1470,712
1742,"5b46de25-5e4a-4cf8-91bf-b2268c1321c0","05bcca80-e838-4ef3-8ba8-39e870310e8f","task-2","wb_spottle_glass","leave",41104,41470,366,2025-12-30 19:30:36.934,2025-12-30 19:30:37.3,1470,712
1743,"04468f7b-130a-4ac3-8bec-d18daf1a4875","2f307df5-73a6-4ad9-95a1-c6498d36592c","task-2","det_weisser","switch",4724,11078,6354,2025-12-31 20:07:41.63,2025-12-31 20:07:47.984,390,759
1744,"04468f7b-130a-4ac3-8bec-d18daf1a4875","2f307df5-73a6-4ad9-95a1-c6498d36592c","task-2","det_lenor","switch",12275,13495,1220,2025-12-31 20:07:49.181,2025-12-31 20:07:50.401,390,759
1745,"04468f7b-130a-4ac3-8bec-d18daf1a4875","2f307df5-73a6-4ad9-95a1-c6498d36592c","task-2","det_persil","switch",14077,15013,936,2025-12-31 20:07:50.983,2025-12-31 20:07:51.919,390,759
1746,"04468f7b-130a-4ac3-8bec-d18daf1a4875","2f307df5-73a6-4ad9-95a1-c6498d36592c","task-2","det_ariel","leave",16629,16693,64,2025-12-31 20:07:53.535,2025-12-31 20:07:53.599,390,759
1747,"04468f7b-130a-4ac3-8bec-d18daf1a4875","2f307df5-73a6-4ad9-95a1-c6498d36592c","task-2","det_ecover","leave",17532,17576,44,2025-12-31 20:07:54.438,2025-12-31 20:07:54.482,390,759
1748,"04468f7b-130a-4ac3-8bec-d18daf1a4875","2f307df5-73a6-4ad9-95a1-c6498d36592c","task-2","det_ecover","switch",18566,19652,1086,2025-12-31 20:07:55.472,2025-12-31 20:07:56.558,390,666
1749,"04468f7b-130a-4ac3-8bec-d18daf1a4875","2f307df5-73a6-4ad9-95a1-c6498d36592c","task-2","det_lenor","switch",19652,20502,850,2025-12-31 20:07:56.558,2025-12-31 20:07:57.408,390,666
1750,"04468f7b-130a-4ac3-8bec-d18daf1a4875","2f307df5-73a6-4ad9-95a1-c6498d36592c","task-2","det_denkmit","leave",21685,21732,47,2025-12-31 20:07:58.591,2025-12-31 20:07:58.637,390,666
1751,"04468f7b-130a-4ac3-8bec-d18daf1a4875","2f307df5-73a6-4ad9-95a1-c6498d36592c","task-2","det_lenor","switch",22205,23088,883,2025-12-31 20:07:59.111,2025-12-31 20:07:59.994,390,759
1752,"04468f7b-130a-4ac3-8bec-d18daf1a4875","2f307df5-73a6-4ad9-95a1-c6498d36592c","task-2","det_ecover","end_task",23088,25735,2647,2025-12-31 20:07:59.994,2025-12-31 20:08:02.641,390,666
1753,"35232f1e-6110-4d84-b396-811d770f87a3","97f16cb2-4702-4c1b-9ff8-ec0646a97f40","task-2","det_ecover","leave",337,913,576,2026-01-01 13:44:10.941,2026-01-01 13:44:11.518,1280,559
1754,"35232f1e-6110-4d84-b396-811d770f87a3","97f16cb2-4702-4c1b-9ff8-ec0646a97f40","task-2","det_ariel","leave",18856,22173,3317,2026-01-01 13:44:29.461,2026-01-01 13:44:32.778,1280,559
1755,"35232f1e-6110-4d84-b396-811d770f87a3","97f16cb2-4702-4c1b-9ff8-ec0646a97f40","task-2","det_denkmit","leave",22193,24519,2326,2026-01-01 13:44:32.798,2026-01-01 13:44:35.124,1280,559
1756,"35232f1e-6110-4d84-b396-811d770f87a3","97f16cb2-4702-4c1b-9ff8-ec0646a97f40","task-2","det_ariel","leave",24570,27185,2615,2026-01-01 13:44:35.174,2026-01-01 13:44:37.79,1280,559
1757,"35232f1e-6110-4d84-b396-811d770f87a3","97f16cb2-4702-4c1b-9ff8-ec0646a97f40","task-2","det_lenor","leave",27209,36179,8970,2026-01-01 13:44:37.814,2026-01-01 13:44:46.784,1280,559
1758,"35232f1e-6110-4d84-b396-811d770f87a3","97f16cb2-4702-4c1b-9ff8-ec0646a97f40","task-2","det_lenor","leave",36435,42416,5981,2026-01-01 13:44:47.04,2026-01-01 13:44:53.021,1280,559
1759,"35232f1e-6110-4d84-b396-811d770f87a3","97f16cb2-4702-4c1b-9ff8-ec0646a97f40","task-2","det_weisser","leave",42420,42472,52,2026-01-01 13:44:53.025,2026-01-01 13:44:53.077,1280,559
1760,"35232f1e-6110-4d84-b396-811d770f87a3","97f16cb2-4702-4c1b-9ff8-ec0646a97f40","task-2","det_ecover","leave",42521,44710,2189,2026-01-01 13:44:53.126,2026-01-01 13:44:55.315,1280,559
1761,"35232f1e-6110-4d84-b396-811d770f87a3","97f16cb2-4702-4c1b-9ff8-ec0646a97f40","task-2","det_persil","leave",44782,48208,3426,2026-01-01 13:44:55.387,2026-01-01 13:44:58.813,1280,559
1762,"8ef0dbf7-b4d4-45e8-9289-a4530ec0432d","e8d06654-451d-4d8f-b3f7-dd47d9317828","task-2","det_persil","leave",138,755,617,2026-01-01 16:32:12.918,2026-01-01 16:32:13.535,1920,911
1763,"8ef0dbf7-b4d4-45e8-9289-a4530ec0432d","e8d06654-451d-4d8f-b3f7-dd47d9317828","task-2","det_ariel","leave",769,1068,299,2026-01-01 16:32:13.549,2026-01-01 16:32:13.848,1920,911
1764,"8ef0dbf7-b4d4-45e8-9289-a4530ec0432d","e8d06654-451d-4d8f-b3f7-dd47d9317828","task-2","det_lenor","leave",1081,1588,507,2026-01-01 16:32:13.862,2026-01-01 16:32:14.369,1920,911
1765,"8ef0dbf7-b4d4-45e8-9289-a4530ec0432d","e8d06654-451d-4d8f-b3f7-dd47d9317828","task-2","det_lenor","leave",7137,7206,69,2026-01-01 16:32:19.917,2026-01-01 16:32:19.987,1920,911
1766,"8ef0dbf7-b4d4-45e8-9289-a4530ec0432d","e8d06654-451d-4d8f-b3f7-dd47d9317828","task-2","det_ariel","leave",7207,7276,69,2026-01-01 16:32:19.987,2026-01-01 16:32:20.056,1920,911
1767,"8ef0dbf7-b4d4-45e8-9289-a4530ec0432d","e8d06654-451d-4d8f-b3f7-dd47d9317828","task-2","det_persil","leave",7276,9053,1777,2026-01-01 16:32:20.057,2026-01-01 16:32:21.834,1920,911
1768,"8ef0dbf7-b4d4-45e8-9289-a4530ec0432d","e8d06654-451d-4d8f-b3f7-dd47d9317828","task-2","det_persil","leave",13380,13519,139,2026-01-01 16:32:26.16,2026-01-01 16:32:26.299,1920,911
1769,"8ef0dbf7-b4d4-45e8-9289-a4530ec0432d","e8d06654-451d-4d8f-b3f7-dd47d9317828","task-2","det_ariel","leave",13519,13679,160,2026-01-01 16:32:26.3,2026-01-01 16:32:26.459,1920,911
1770,"8ef0dbf7-b4d4-45e8-9289-a4530ec0432d","e8d06654-451d-4d8f-b3f7-dd47d9317828","task-2","det_lenor","leave",13693,14213,520,2026-01-01 16:32:26.473,2026-01-01 16:32:26.993,1920,911
1771,"8ef0dbf7-b4d4-45e8-9289-a4530ec0432d","e8d06654-451d-4d8f-b3f7-dd47d9317828","task-2","det_weisser","leave",16581,16727,146,2026-01-01 16:32:29.361,2026-01-01 16:32:29.507,1920,911
1772,"8ef0dbf7-b4d4-45e8-9289-a4530ec0432d","e8d06654-451d-4d8f-b3f7-dd47d9317828","task-2","det_ecover","leave",16734,17852,1118,2026-01-01 16:32:29.514,2026-01-01 16:32:30.632,1920,911
1773,"8ef0dbf7-b4d4-45e8-9289-a4530ec0432d","e8d06654-451d-4d8f-b3f7-dd47d9317828","task-2","det_denkmit","leave",17859,18067,208,2026-01-01 16:32:30.639,2026-01-01 16:32:30.848,1920,911
1774,"8ef0dbf7-b4d4-45e8-9289-a4530ec0432d","e8d06654-451d-4d8f-b3f7-dd47d9317828","task-2","det_persil","leave",18074,18255,181,2026-01-01 16:32:30.855,2026-01-01 16:32:31.035,1920,911
1775,"8ef0dbf7-b4d4-45e8-9289-a4530ec0432d","e8d06654-451d-4d8f-b3f7-dd47d9317828","task-2","det_ariel","leave",18255,20081,1826,2026-01-01 16:32:31.035,2026-01-01 16:32:32.861,1920,911
1776,"8ef0dbf7-b4d4-45e8-9289-a4530ec0432d","e8d06654-451d-4d8f-b3f7-dd47d9317828","task-2","det_persil","leave",20081,20484,403,2026-01-01 16:32:32.862,2026-01-01 16:32:33.264,1920,911
1777,"8ef0dbf7-b4d4-45e8-9289-a4530ec0432d","e8d06654-451d-4d8f-b3f7-dd47d9317828","task-2","det_denkmit","leave",20491,21164,673,2026-01-01 16:32:33.271,2026-01-01 16:32:33.945,1920,911
1778,"8ef0dbf7-b4d4-45e8-9289-a4530ec0432d","e8d06654-451d-4d8f-b3f7-dd47d9317828","task-2","det_ecover","leave",21165,21269,104,2026-01-01 16:32:33.945,2026-01-01 16:32:34.049,1920,911
1779,"8ef0dbf7-b4d4-45e8-9289-a4530ec0432d","e8d06654-451d-4d8f-b3f7-dd47d9317828","task-2","det_weisser","leave",21276,21637,361,2026-01-01 16:32:34.056,2026-01-01 16:32:34.417,1920,911
1780,"8ef0dbf7-b4d4-45e8-9289-a4530ec0432d","e8d06654-451d-4d8f-b3f7-dd47d9317828","task-2","det_lenor","leave",21644,22761,1117,2026-01-01 16:32:34.424,2026-01-01 16:32:35.542,1920,911
1781,"8ef0dbf7-b4d4-45e8-9289-a4530ec0432d","e8d06654-451d-4d8f-b3f7-dd47d9317828","task-2","det_ariel","leave",22762,22845,83,2026-01-01 16:32:35.542,2026-01-01 16:32:35.625,1920,911
1782,"8ef0dbf7-b4d4-45e8-9289-a4530ec0432d","e8d06654-451d-4d8f-b3f7-dd47d9317828","task-2","det_persil","leave",22852,22963,111,2026-01-01 16:32:35.632,2026-01-01 16:32:35.743,1920,911
1783,"8ef0dbf7-b4d4-45e8-9289-a4530ec0432d","e8d06654-451d-4d8f-b3f7-dd47d9317828","task-2","det_persil","leave",24011,24227,216,2026-01-01 16:32:36.792,2026-01-01 16:32:37.007,1920,911
1784,"8ef0dbf7-b4d4-45e8-9289-a4530ec0432d","e8d06654-451d-4d8f-b3f7-dd47d9317828","task-2","det_persil","leave",24407,24456,49,2026-01-01 16:32:37.188,2026-01-01 16:32:37.236,1920,911
1785,"8ef0dbf7-b4d4-45e8-9289-a4530ec0432d","e8d06654-451d-4d8f-b3f7-dd47d9317828","task-2","det_ariel","leave",24463,26241,1778,2026-01-01 16:32:37.243,2026-01-01 16:32:39.021,1920,911
1786,"8ef0dbf7-b4d4-45e8-9289-a4530ec0432d","e8d06654-451d-4d8f-b3f7-dd47d9317828","task-2","det_ecover","leave",26268,26623,355,2026-01-01 16:32:39.049,2026-01-01 16:32:39.403,1920,911
1787,"8ef0dbf7-b4d4-45e8-9289-a4530ec0432d","e8d06654-451d-4d8f-b3f7-dd47d9317828","task-2","det_ecover","leave",26831,26859,28,2026-01-01 16:32:39.611,2026-01-01 16:32:39.639,1920,911
1788,"8ef0dbf7-b4d4-45e8-9289-a4530ec0432d","e8d06654-451d-4d8f-b3f7-dd47d9317828","task-2","det_denkmit","leave",26859,27276,417,2026-01-01 16:32:39.639,2026-01-01 16:32:40.056,1920,911
1789,"8ef0dbf7-b4d4-45e8-9289-a4530ec0432d","e8d06654-451d-4d8f-b3f7-dd47d9317828","task-2","det_ecover","leave",27282,27442,160,2026-01-01 16:32:40.063,2026-01-01 16:32:40.223,1920,911
1790,"8ef0dbf7-b4d4-45e8-9289-a4530ec0432d","e8d06654-451d-4d8f-b3f7-dd47d9317828","task-2","det_weisser","leave",27449,27727,278,2026-01-01 16:32:40.229,2026-01-01 16:32:40.507,1920,911
1791,"8ef0dbf7-b4d4-45e8-9289-a4530ec0432d","e8d06654-451d-4d8f-b3f7-dd47d9317828","task-2","det_lenor","leave",27734,29164,1430,2026-01-01 16:32:40.514,2026-01-01 16:32:41.944,1920,911
1792,"8ef0dbf7-b4d4-45e8-9289-a4530ec0432d","e8d06654-451d-4d8f-b3f7-dd47d9317828","task-2","det_ariel","leave",29178,29317,139,2026-01-01 16:32:41.958,2026-01-01 16:32:42.097,1920,911
1793,"8ef0dbf7-b4d4-45e8-9289-a4530ec0432d","e8d06654-451d-4d8f-b3f7-dd47d9317828","task-2","det_persil","leave",29317,29470,153,2026-01-01 16:32:42.098,2026-01-01 16:32:42.25,1920,911
1794,"8ef0dbf7-b4d4-45e8-9289-a4530ec0432d","e8d06654-451d-4d8f-b3f7-dd47d9317828","task-2","det_denkmit","leave",29477,29657,180,2026-01-01 16:32:42.257,2026-01-01 16:32:42.438,1920,911
1795,"8ef0dbf7-b4d4-45e8-9289-a4530ec0432d","e8d06654-451d-4d8f-b3f7-dd47d9317828","task-2","det_ecover","leave",29671,29706,35,2026-01-01 16:32:42.451,2026-01-01 16:32:42.486,1920,911
1796,"8ef0dbf7-b4d4-45e8-9289-a4530ec0432d","e8d06654-451d-4d8f-b3f7-dd47d9317828","task-2","det_ariel","leave",29713,30845,1132,2026-01-01 16:32:42.493,2026-01-01 16:32:43.625,1920,911
1797,"8ef0dbf7-b4d4-45e8-9289-a4530ec0432d","e8d06654-451d-4d8f-b3f7-dd47d9317828","task-2","det_ecover","leave",30859,30977,118,2026-01-01 16:32:43.639,2026-01-01 16:32:43.757,1920,911
1798,"8ef0dbf7-b4d4-45e8-9289-a4530ec0432d","e8d06654-451d-4d8f-b3f7-dd47d9317828","task-2","det_weisser","leave",30991,31039,48,2026-01-01 16:32:43.771,2026-01-01 16:32:43.819,1920,911
1799,"8ef0dbf7-b4d4-45e8-9289-a4530ec0432d","e8d06654-451d-4d8f-b3f7-dd47d9317828","task-2","det_lenor","leave",31081,31157,76,2026-01-01 16:32:43.861,2026-01-01 16:32:43.938,1920,911
1800,"8ef0dbf7-b4d4-45e8-9289-a4530ec0432d","e8d06654-451d-4d8f-b3f7-dd47d9317828","task-2","det_ecover","leave",31192,31296,104,2026-01-01 16:32:43.972,2026-01-01 16:32:44.076,1920,911
1801,"8ef0dbf7-b4d4-45e8-9289-a4530ec0432d","e8d06654-451d-4d8f-b3f7-dd47d9317828","task-2","det_denkmit","leave",31303,31408,105,2026-01-01 16:32:44.083,2026-01-01 16:32:44.188,1920,911
1802,"db9e4958-633f-4dd6-ba5b-f6bb47c2135f","f5a43f10-de46-4cf5-bce3-9df18286d3d4","task-2","sw_vantagev3","leave",80,855,775,2026-01-02 16:01:46.306,2026-01-02 16:01:47.081,2560,1314
1803,"db9e4958-633f-4dd6-ba5b-f6bb47c2135f","f5a43f10-de46-4cf5-bce3-9df18286d3d4","task-2","sw_vantagev3","leave",4087,18303,14216,2026-01-02 16:01:50.314,2026-01-02 16:02:04.529,2560,1314
1804,"db9e4958-633f-4dd6-ba5b-f6bb47c2135f","f5a43f10-de46-4cf5-bce3-9df18286d3d4","task-2","sw_fr970","leave",18314,19471,1157,2026-01-02 16:02:04.539,2026-01-02 16:02:05.696,2560,1314
1805,"db9e4958-633f-4dd6-ba5b-f6bb47c2135f","f5a43f10-de46-4cf5-bce3-9df18286d3d4","task-2","sw_scanwatch2","leave",19481,21519,2038,2026-01-02 16:02:05.707,2026-01-02 16:02:07.745,2560,1314
1806,"db9e4958-633f-4dd6-ba5b-f6bb47c2135f","f5a43f10-de46-4cf5-bce3-9df18286d3d4","task-2","sw_aw11","leave",21519,22302,783,2026-01-02 16:02:07.745,2026-01-02 16:02:08.528,2560,1314
1807,"db9e4958-633f-4dd6-ba5b-f6bb47c2135f","f5a43f10-de46-4cf5-bce3-9df18286d3d4","task-2","sw_venu4","leave",22315,23463,1148,2026-01-02 16:02:08.541,2026-01-02 16:02:09.688,2560,1314
1808,"db9e4958-633f-4dd6-ba5b-f6bb47c2135f","f5a43f10-de46-4cf5-bce3-9df18286d3d4","task-2","sw_watch8","leave",23476,24855,1379,2026-01-02 16:02:09.702,2026-01-02 16:02:11.082,2560,1314
1809,"db9e4958-633f-4dd6-ba5b-f6bb47c2135f","f5a43f10-de46-4cf5-bce3-9df18286d3d4","task-2","sw_vantagev3","leave",24857,25278,421,2026-01-02 16:02:11.082,2026-01-02 16:02:11.504,2560,1314
1810,"db9e4958-633f-4dd6-ba5b-f6bb47c2135f","f5a43f10-de46-4cf5-bce3-9df18286d3d4","task-2","sw_watch8","leave",25279,25759,480,2026-01-02 16:02:11.505,2026-01-02 16:02:11.985,2560,1314
1811,"db9e4958-633f-4dd6-ba5b-f6bb47c2135f","f5a43f10-de46-4cf5-bce3-9df18286d3d4","task-2","sw_scanwatch2","leave",25769,25783,14,2026-01-02 16:02:11.995,2026-01-02 16:02:12.008,2560,1314
1812,"db9e4958-633f-4dd6-ba5b-f6bb47c2135f","f5a43f10-de46-4cf5-bce3-9df18286d3d4","task-2","sw_aw11","leave",25783,26360,577,2026-01-02 16:02:12.009,2026-01-02 16:02:12.585,2560,1314
1813,"db9e4958-633f-4dd6-ba5b-f6bb47c2135f","f5a43f10-de46-4cf5-bce3-9df18286d3d4","task-2","sw_scanwatch2","leave",26374,26767,393,2026-01-02 16:02:12.599,2026-01-02 16:02:12.994,2560,1314
1814,"db9e4958-633f-4dd6-ba5b-f6bb47c2135f","f5a43f10-de46-4cf5-bce3-9df18286d3d4","task-2","sw_watch8","leave",26776,27544,768,2026-01-02 16:02:13.003,2026-01-02 16:02:13.769,2560,1314
1815,"db9e4958-633f-4dd6-ba5b-f6bb47c2135f","f5a43f10-de46-4cf5-bce3-9df18286d3d4","task-2","sw_vantagev3","leave",27555,27569,14,2026-01-02 16:02:13.781,2026-01-02 16:02:13.794,2560,1314
1816,"db9e4958-633f-4dd6-ba5b-f6bb47c2135f","f5a43f10-de46-4cf5-bce3-9df18286d3d4","task-2","sw_fr970","leave",27569,28143,574,2026-01-02 16:02:13.794,2026-01-02 16:02:14.369,2560,1314
1817,"db9e4958-633f-4dd6-ba5b-f6bb47c2135f","f5a43f10-de46-4cf5-bce3-9df18286d3d4","task-2","sw_scanwatch2","leave",28144,28187,43,2026-01-02 16:02:14.37,2026-01-02 16:02:14.413,2560,1314
1818,"db9e4958-633f-4dd6-ba5b-f6bb47c2135f","f5a43f10-de46-4cf5-bce3-9df18286d3d4","task-2","sw_watch8","leave",28194,28229,35,2026-01-02 16:02:14.419,2026-01-02 16:02:14.454,2560,1314
1819,"db9e4958-633f-4dd6-ba5b-f6bb47c2135f","f5a43f10-de46-4cf5-bce3-9df18286d3d4","task-2","sw_venu4","leave",28242,28807,565,2026-01-02 16:02:14.468,2026-01-02 16:02:15.033,2560,1314
1820,"db9e4958-633f-4dd6-ba5b-f6bb47c2135f","f5a43f10-de46-4cf5-bce3-9df18286d3d4","task-2","sw_watch8","leave",28808,28937,129,2026-01-02 16:02:15.034,2026-01-02 16:02:15.164,2560,1314
1821,"db9e4958-633f-4dd6-ba5b-f6bb47c2135f","f5a43f10-de46-4cf5-bce3-9df18286d3d4","task-2","sw_vantagev3","leave",28965,29400,435,2026-01-02 16:02:15.191,2026-01-02 16:02:15.626,2560,1314
1822,"db9e4958-633f-4dd6-ba5b-f6bb47c2135f","f5a43f10-de46-4cf5-bce3-9df18286d3d4","task-2","sw_watch8","leave",29400,29736,336,2026-01-02 16:02:15.626,2026-01-02 16:02:15.961,2560,1314
1823,"db9e4958-633f-4dd6-ba5b-f6bb47c2135f","f5a43f10-de46-4cf5-bce3-9df18286d3d4","task-2","sw_venu4","leave",29736,29931,195,2026-01-02 16:02:15.962,2026-01-02 16:02:16.157,2560,1314
1824,"db9e4958-633f-4dd6-ba5b-f6bb47c2135f","f5a43f10-de46-4cf5-bce3-9df18286d3d4","task-2","sw_watch8","leave",29932,29994,62,2026-01-02 16:02:16.158,2026-01-02 16:02:16.219,2560,1314
1825,"db9e4958-633f-4dd6-ba5b-f6bb47c2135f","f5a43f10-de46-4cf5-bce3-9df18286d3d4","task-2","sw_vantagev3","leave",29995,30423,428,2026-01-02 16:02:16.22,2026-01-02 16:02:16.649,2560,1314
1826,"db9e4958-633f-4dd6-ba5b-f6bb47c2135f","f5a43f10-de46-4cf5-bce3-9df18286d3d4","task-2","sw_fr970","leave",30445,30824,379,2026-01-02 16:02:16.671,2026-01-02 16:02:17.05,2560,1314
1827,"db9e4958-633f-4dd6-ba5b-f6bb47c2135f","f5a43f10-de46-4cf5-bce3-9df18286d3d4","task-2","sw_vantagev3","leave",30869,31864,995,2026-01-02 16:02:17.095,2026-01-02 16:02:18.089,2560,1314
1828,"db9e4958-633f-4dd6-ba5b-f6bb47c2135f","f5a43f10-de46-4cf5-bce3-9df18286d3d4","task-2","sw_fr970","leave",31891,32016,125,2026-01-02 16:02:18.117,2026-01-02 16:02:18.242,2560,1314
1829,"db9e4958-633f-4dd6-ba5b-f6bb47c2135f","f5a43f10-de46-4cf5-bce3-9df18286d3d4","task-2","sw_fr970","leave",32210,32512,302,2026-01-02 16:02:18.437,2026-01-02 16:02:18.737,2560,1314
1830,"db9e4958-633f-4dd6-ba5b-f6bb47c2135f","f5a43f10-de46-4cf5-bce3-9df18286d3d4","task-2","sw_watch8","leave",32544,32856,312,2026-01-02 16:02:18.77,2026-01-02 16:02:19.081,2560,1314
1831,"db9e4958-633f-4dd6-ba5b-f6bb47c2135f","f5a43f10-de46-4cf5-bce3-9df18286d3d4","task-2","sw_venu4","leave",32863,32912,49,2026-01-02 16:02:19.089,2026-01-02 16:02:19.138,2560,1314
1832,"db9e4958-633f-4dd6-ba5b-f6bb47c2135f","f5a43f10-de46-4cf5-bce3-9df18286d3d4","task-2","sw_aw11","leave",32927,33113,186,2026-01-02 16:02:19.152,2026-01-02 16:02:19.34,2560,1314
1833,"db9e4958-633f-4dd6-ba5b-f6bb47c2135f","f5a43f10-de46-4cf5-bce3-9df18286d3d4","task-2","sw_scanwatch2","leave",33115,33197,82,2026-01-02 16:02:19.34,2026-01-02 16:02:19.423,2560,1314
1834,"db9e4958-633f-4dd6-ba5b-f6bb47c2135f","f5a43f10-de46-4cf5-bce3-9df18286d3d4","task-2","sw_fr970","leave",33204,33475,271,2026-01-02 16:02:19.43,2026-01-02 16:02:19.7,2560,1314
1835,"db9e4958-633f-4dd6-ba5b-f6bb47c2135f","f5a43f10-de46-4cf5-bce3-9df18286d3d4","task-2","sw_vantagev3","leave",33488,35744,2256,2026-01-02 16:02:19.715,2026-01-02 16:02:21.969,2560,1314
1836,"db9e4958-633f-4dd6-ba5b-f6bb47c2135f","f5a43f10-de46-4cf5-bce3-9df18286d3d4","task-2","sw_fr970","leave",35754,36415,661,2026-01-02 16:02:21.98,2026-01-02 16:02:22.641,2560,1314
1837,"db9e4958-633f-4dd6-ba5b-f6bb47c2135f","f5a43f10-de46-4cf5-bce3-9df18286d3d4","task-2","sw_scanwatch2","leave",36416,36477,61,2026-01-02 16:02:22.641,2026-01-02 16:02:22.703,2560,1314
1838,"db9e4958-633f-4dd6-ba5b-f6bb47c2135f","f5a43f10-de46-4cf5-bce3-9df18286d3d4","task-2","sw_aw11","leave",36478,37351,873,2026-01-02 16:02:22.703,2026-01-02 16:02:23.577,2560,1314
1839,"db9e4958-633f-4dd6-ba5b-f6bb47c2135f","f5a43f10-de46-4cf5-bce3-9df18286d3d4","task-2","sw_scanwatch2","leave",37359,38231,872,2026-01-02 16:02:23.586,2026-01-02 16:02:24.457,2560,1314
1840,"db9e4958-633f-4dd6-ba5b-f6bb47c2135f","f5a43f10-de46-4cf5-bce3-9df18286d3d4","task-2","sw_aw11","leave",38232,38269,37,2026-01-02 16:02:24.457,2026-01-02 16:02:24.496,2560,1314
1841,"db9e4958-633f-4dd6-ba5b-f6bb47c2135f","f5a43f10-de46-4cf5-bce3-9df18286d3d4","task-2","sw_venu4","leave",38270,38831,561,2026-01-02 16:02:24.496,2026-01-02 16:02:25.056,2560,1314
1842,"db9e4958-633f-4dd6-ba5b-f6bb47c2135f","f5a43f10-de46-4cf5-bce3-9df18286d3d4","task-2","sw_watch8","leave",38839,40255,1416,2026-01-02 16:02:25.065,2026-01-02 16:02:26.481,2560,1314
1843,"db9e4958-633f-4dd6-ba5b-f6bb47c2135f","f5a43f10-de46-4cf5-bce3-9df18286d3d4","task-2","sw_venu4","leave",40255,40775,520,2026-01-02 16:02:26.481,2026-01-02 16:02:27.001,2560,1314
1844,"db9e4958-633f-4dd6-ba5b-f6bb47c2135f","f5a43f10-de46-4cf5-bce3-9df18286d3d4","task-2","sw_watch8","leave",40776,41175,399,2026-01-02 16:02:27.001,2026-01-02 16:02:27.401,2560,1314
1845,"db9e4958-633f-4dd6-ba5b-f6bb47c2135f","f5a43f10-de46-4cf5-bce3-9df18286d3d4","task-2","sw_venu4","leave",41175,41879,704,2026-01-02 16:02:27.401,2026-01-02 16:02:28.105,2560,1314
1846,"db9e4958-633f-4dd6-ba5b-f6bb47c2135f","f5a43f10-de46-4cf5-bce3-9df18286d3d4","task-2","sw_watch8","leave",41880,42559,679,2026-01-02 16:02:28.105,2026-01-02 16:02:28.785,2560,1314
1847,"db9e4958-633f-4dd6-ba5b-f6bb47c2135f","f5a43f10-de46-4cf5-bce3-9df18286d3d4","task-2","sw_scanwatch2","leave",42592,42744,152,2026-01-02 16:02:28.818,2026-01-02 16:02:28.97,2560,1314
1848,"db9e4958-633f-4dd6-ba5b-f6bb47c2135f","f5a43f10-de46-4cf5-bce3-9df18286d3d4","task-2","sw_aw11","leave",42752,42953,201,2026-01-02 16:02:28.977,2026-01-02 16:02:29.179,2560,1314
1849,"db9e4958-633f-4dd6-ba5b-f6bb47c2135f","f5a43f10-de46-4cf5-bce3-9df18286d3d4","task-2","sw_scanwatch2","leave",42960,43099,139,2026-01-02 16:02:29.185,2026-01-02 16:02:29.325,2560,1314
1850,"db9e4958-633f-4dd6-ba5b-f6bb47c2135f","f5a43f10-de46-4cf5-bce3-9df18286d3d4","task-2","sw_watch8","leave",43105,43551,446,2026-01-02 16:02:29.332,2026-01-02 16:02:29.776,2560,1314
1851,"db9e4958-633f-4dd6-ba5b-f6bb47c2135f","f5a43f10-de46-4cf5-bce3-9df18286d3d4","task-2","sw_scanwatch2","leave",43559,43572,13,2026-01-02 16:02:29.785,2026-01-02 16:02:29.797,2560,1314
1852,"db9e4958-633f-4dd6-ba5b-f6bb47c2135f","f5a43f10-de46-4cf5-bce3-9df18286d3d4","task-2","sw_aw11","leave",43579,44087,508,2026-01-02 16:02:29.804,2026-01-02 16:02:30.313,2560,1314
1853,"db9e4958-633f-4dd6-ba5b-f6bb47c2135f","f5a43f10-de46-4cf5-bce3-9df18286d3d4","task-2","sw_aw11","leave",45503,45572,69,2026-01-02 16:02:31.729,2026-01-02 16:02:31.798,2560,1314
1854,"db9e4958-633f-4dd6-ba5b-f6bb47c2135f","f5a43f10-de46-4cf5-bce3-9df18286d3d4","task-2","sw_aw11","leave",46319,47758,1439,2026-01-02 16:02:32.545,2026-01-02 16:02:33.985,2560,1314
1855,"db9e4958-633f-4dd6-ba5b-f6bb47c2135f","f5a43f10-de46-4cf5-bce3-9df18286d3d4","task-2","sw_scanwatch2","leave",47769,47796,27,2026-01-02 16:02:33.994,2026-01-02 16:02:34.022,2560,1314
1856,"c38c3671-9ce3-4447-ab97-16a3c2477be6","e2de2353-af57-4348-aa6b-a0e7cfb609d1","task-2","sw_vantagev3","leave",171,725,554,2026-01-03 14:25:15.995,2026-01-03 14:25:16.55,2552,1282
1857,"c38c3671-9ce3-4447-ab97-16a3c2477be6","e2de2353-af57-4348-aa6b-a0e7cfb609d1","task-2","sw_vantagev3","leave",6785,8237,1452,2026-01-03 14:25:22.609,2026-01-03 14:25:24.061,2552,1282
1858,"c38c3671-9ce3-4447-ab97-16a3c2477be6","e2de2353-af57-4348-aa6b-a0e7cfb609d1","task-2","sw_venu4","leave",12552,16082,3530,2026-01-03 14:25:28.377,2026-01-03 14:25:31.907,2552,1282
1859,"c38c3671-9ce3-4447-ab97-16a3c2477be6","e2de2353-af57-4348-aa6b-a0e7cfb609d1","task-2","sw_fr970","leave",16096,18236,2140,2026-01-03 14:25:31.92,2026-01-03 14:25:34.061,2552,1282
1860,"c38c3671-9ce3-4447-ab97-16a3c2477be6","e2de2353-af57-4348-aa6b-a0e7cfb609d1","task-2","sw_venu4","leave",18250,18618,368,2026-01-03 14:25:34.075,2026-01-03 14:25:34.443,2552,1282
1861,"c38c3671-9ce3-4447-ab97-16a3c2477be6","e2de2353-af57-4348-aa6b-a0e7cfb609d1","task-2","sw_fr970","leave",18632,26095,7463,2026-01-03 14:25:34.457,2026-01-03 14:25:41.92,2552,1282
1862,"c38c3671-9ce3-4447-ab97-16a3c2477be6","e2de2353-af57-4348-aa6b-a0e7cfb609d1","task-2","sw_venu4","leave",26109,32919,6810,2026-01-03 14:25:41.934,2026-01-03 14:25:48.743,2552,1282
1863,"c38c3671-9ce3-4447-ab97-16a3c2477be6","e2de2353-af57-4348-aa6b-a0e7cfb609d1","task-2","sw_vantagev3","leave",32926,34051,1125,2026-01-03 14:25:48.75,2026-01-03 14:25:49.876,2552,1282
1864,"c38c3671-9ce3-4447-ab97-16a3c2477be6","e2de2353-af57-4348-aa6b-a0e7cfb609d1","task-2","sw_watch8","leave",34065,35858,1793,2026-01-03 14:25:49.89,2026-01-03 14:25:51.683,2552,1282
1865,"c38c3671-9ce3-4447-ab97-16a3c2477be6","e2de2353-af57-4348-aa6b-a0e7cfb609d1","task-2","sw_scanwatch2","leave",35872,37755,1883,2026-01-03 14:25:51.697,2026-01-03 14:25:53.58,2552,1282
1866,"c38c3671-9ce3-4447-ab97-16a3c2477be6","e2de2353-af57-4348-aa6b-a0e7cfb609d1","task-2","sw_venu4","leave",37769,37880,111,2026-01-03 14:25:53.594,2026-01-03 14:25:53.705,2552,1282
1867,"c38c3671-9ce3-4447-ab97-16a3c2477be6","e2de2353-af57-4348-aa6b-a0e7cfb609d1","task-2","sw_aw11","leave",37908,43641,5733,2026-01-03 14:25:53.733,2026-01-03 14:25:59.465,2552,1282
1868,"c38c3671-9ce3-4447-ab97-16a3c2477be6","e2de2353-af57-4348-aa6b-a0e7cfb609d1","task-2","sw_venu4","leave",43659,44169,510,2026-01-03 14:25:59.484,2026-01-03 14:25:59.993,2552,1282
1869,"c38c3671-9ce3-4447-ab97-16a3c2477be6","e2de2353-af57-4348-aa6b-a0e7cfb609d1","task-2","sw_aw11","leave",44170,45843,1673,2026-01-03 14:25:59.994,2026-01-03 14:26:01.668,2552,1282
1870,"c38c3671-9ce3-4447-ab97-16a3c2477be6","e2de2353-af57-4348-aa6b-a0e7cfb609d1","task-2","sw_venu4","leave",45851,46643,792,2026-01-03 14:26:01.675,2026-01-03 14:26:02.467,2552,1282
1871,"c38c3671-9ce3-4447-ab97-16a3c2477be6","e2de2353-af57-4348-aa6b-a0e7cfb609d1","task-2","sw_fr970","leave",46650,47977,1327,2026-01-03 14:26:02.474,2026-01-03 14:26:03.801,2552,1282
1872,"c38c3671-9ce3-4447-ab97-16a3c2477be6","e2de2353-af57-4348-aa6b-a0e7cfb609d1","task-2","sw_venu4","leave",47991,49186,1195,2026-01-03 14:26:03.816,2026-01-03 14:26:05.01,2552,1282
1873,"c38c3671-9ce3-4447-ab97-16a3c2477be6","e2de2353-af57-4348-aa6b-a0e7cfb609d1","task-2","sw_vantagev3","leave",49193,49200,7,2026-01-03 14:26:05.017,2026-01-03 14:26:05.024,2552,1282
1874,"c38c3671-9ce3-4447-ab97-16a3c2477be6","e2de2353-af57-4348-aa6b-a0e7cfb609d1","task-2","sw_watch8","leave",49201,49415,214,2026-01-03 14:26:05.025,2026-01-03 14:26:05.24,2552,1282
1875,"203e8e3b-4902-498a-b76b-9cf4d5e7f4b7","15b9dd42-a1f4-43d2-a040-9bfa65d63082","task-2","sp_jbl_charge5","leave",120,1495,1375,2026-01-04 08:46:59.913,2026-01-04 08:47:01.288,1920,915
1876,"203e8e3b-4902-498a-b76b-9cf4d5e7f4b7","15b9dd42-a1f4-43d2-a040-9bfa65d63082","task-2","sp_jbl_charge5","leave",24661,35894,11233,2026-01-04 08:47:24.453,2026-01-04 08:47:35.687,1920,915
1877,"203e8e3b-4902-498a-b76b-9cf4d5e7f4b7","15b9dd42-a1f4-43d2-a040-9bfa65d63082","task-2","sp_boom4","leave",35919,46327,10408,2026-01-04 08:47:35.711,2026-01-04 08:47:46.12,1920,915
1878,"203e8e3b-4902-498a-b76b-9cf4d5e7f4b7","15b9dd42-a1f4-43d2-a040-9bfa65d63082","task-2","sp_kilburn2","leave",46329,53212,6883,2026-01-04 08:47:46.121,2026-01-04 08:47:53.004,1920,915
1879,"203e8e3b-4902-498a-b76b-9cf4d5e7f4b7","15b9dd42-a1f4-43d2-a040-9bfa65d63082","task-2","sp_boom4","leave",53214,53345,131,2026-01-04 08:47:53.006,2026-01-04 08:47:53.137,1920,915
1880,"203e8e3b-4902-498a-b76b-9cf4d5e7f4b7","15b9dd42-a1f4-43d2-a040-9bfa65d63082","task-2","sp_sonos_era100","leave",53479,53979,500,2026-01-04 08:47:53.271,2026-01-04 08:47:53.772,1920,915
1881,"203e8e3b-4902-498a-b76b-9cf4d5e7f4b7","15b9dd42-a1f4-43d2-a040-9bfa65d63082","task-2","sp_bose_flex","leave",54080,61595,7515,2026-01-04 08:47:53.872,2026-01-04 08:48:01.387,1920,915
1882,"203e8e3b-4902-498a-b76b-9cf4d5e7f4b7","15b9dd42-a1f4-43d2-a040-9bfa65d63082","task-2","sp_sonos_era100","leave",61630,72677,11047,2026-01-04 08:48:01.423,2026-01-04 08:48:12.47,1920,915
1883,"203e8e3b-4902-498a-b76b-9cf4d5e7f4b7","15b9dd42-a1f4-43d2-a040-9bfa65d63082","task-2","sp_beosound_explore","leave",72680,78528,5848,2026-01-04 08:48:12.472,2026-01-04 08:48:18.32,1920,915
1884,"203e8e3b-4902-498a-b76b-9cf4d5e7f4b7","15b9dd42-a1f4-43d2-a040-9bfa65d63082","task-2","sp_sonos_era100","leave",78532,79077,545,2026-01-04 08:48:18.324,2026-01-04 08:48:18.87,1920,915
1885,"203e8e3b-4902-498a-b76b-9cf4d5e7f4b7","15b9dd42-a1f4-43d2-a040-9bfa65d63082","task-2","sp_boom4","leave",79079,81278,2199,2026-01-04 08:48:18.872,2026-01-04 08:48:21.07,1920,915
1886,"203e8e3b-4902-498a-b76b-9cf4d5e7f4b7","15b9dd42-a1f4-43d2-a040-9bfa65d63082","task-2","sp_sonos_era100","leave",81296,82878,1582,2026-01-04 08:48:21.088,2026-01-04 08:48:22.67,1920,915
1887,"203e8e3b-4902-498a-b76b-9cf4d5e7f4b7","15b9dd42-a1f4-43d2-a040-9bfa65d63082","task-2","sp_boom4","leave",82880,86444,3564,2026-01-04 08:48:22.673,2026-01-04 08:48:26.237,1920,915
1888,"203e8e3b-4902-498a-b76b-9cf4d5e7f4b7","15b9dd42-a1f4-43d2-a040-9bfa65d63082","task-2","sp_sonos_era100","leave",86484,88677,2193,2026-01-04 08:48:26.276,2026-01-04 08:48:28.47,1920,915
1889,"71e42c2f-760b-4add-81a3-bf47eb6d03de","43cddaa8-35f1-4dc3-bcdf-fd80d1b7c5a8","task-2","sw_vantagev3","leave",428,31024,30596,2026-01-04 11:02:08.106,2026-01-04 11:02:38.701,1152,605
1890,"71e42c2f-760b-4add-81a3-bf47eb6d03de","43cddaa8-35f1-4dc3-bcdf-fd80d1b7c5a8","task-2","sw_watch8","leave",31031,32226,1195,2026-01-04 11:02:38.708,2026-01-04 11:02:39.903,1152,605
1891,"71e42c2f-760b-4add-81a3-bf47eb6d03de","43cddaa8-35f1-4dc3-bcdf-fd80d1b7c5a8","task-2","sw_fr970","leave",37204,37839,635,2026-01-04 11:02:44.88,2026-01-04 11:02:45.515,1152,605
1892,"71e42c2f-760b-4add-81a3-bf47eb6d03de","43cddaa8-35f1-4dc3-bcdf-fd80d1b7c5a8","task-2","sw_fr970","leave",39091,39125,34,2026-01-04 11:02:46.768,2026-01-04 11:02:46.801,1152,605
1893,"71e42c2f-760b-4add-81a3-bf47eb6d03de","43cddaa8-35f1-4dc3-bcdf-fd80d1b7c5a8","task-2","sw_fr970","leave",41914,42264,350,2026-01-04 11:02:49.591,2026-01-04 11:02:49.941,1152,605
1894,"71e42c2f-760b-4add-81a3-bf47eb6d03de","43cddaa8-35f1-4dc3-bcdf-fd80d1b7c5a8","task-2","sw_scanwatch2","leave",42281,45521,3240,2026-01-04 11:02:49.958,2026-01-04 11:02:53.198,1152,605
1895,"71e42c2f-760b-4add-81a3-bf47eb6d03de","43cddaa8-35f1-4dc3-bcdf-fd80d1b7c5a8","task-2","sw_fr970","leave",45525,46067,542,2026-01-04 11:02:53.202,2026-01-04 11:02:53.744,1152,605
1896,"71e42c2f-760b-4add-81a3-bf47eb6d03de","43cddaa8-35f1-4dc3-bcdf-fd80d1b7c5a8","task-2","sw_watch8","leave",46070,46568,498,2026-01-04 11:02:53.747,2026-01-04 11:02:54.245,1152,605
1897,"71e42c2f-760b-4add-81a3-bf47eb6d03de","43cddaa8-35f1-4dc3-bcdf-fd80d1b7c5a8","task-2","sw_vantagev3","leave",46572,49948,3376,2026-01-04 11:02:54.248,2026-01-04 11:02:57.624,1152,605
1898,"71e42c2f-760b-4add-81a3-bf47eb6d03de","43cddaa8-35f1-4dc3-bcdf-fd80d1b7c5a8","task-2","sw_vantagev3","leave",50232,51334,1102,2026-01-04 11:02:57.909,2026-01-04 11:02:59.011,1152,605
1899,"71e42c2f-760b-4add-81a3-bf47eb6d03de","43cddaa8-35f1-4dc3-bcdf-fd80d1b7c5a8","task-2","sw_aw11","leave",51352,51785,433,2026-01-04 11:02:59.028,2026-01-04 11:02:59.462,1152,605
1900,"71e42c2f-760b-4add-81a3-bf47eb6d03de","43cddaa8-35f1-4dc3-bcdf-fd80d1b7c5a8","task-2","sw_vantagev3","leave",51802,52520,718,2026-01-04 11:02:59.479,2026-01-04 11:03:00.197,1152,605
1901,"71e42c2f-760b-4add-81a3-bf47eb6d03de","43cddaa8-35f1-4dc3-bcdf-fd80d1b7c5a8","task-2","sw_aw11","leave",52555,55460,2905,2026-01-04 11:03:00.231,2026-01-04 11:03:03.136,1152,605
1902,"71e42c2f-760b-4add-81a3-bf47eb6d03de","43cddaa8-35f1-4dc3-bcdf-fd80d1b7c5a8","task-2","sw_vantagev3","leave",55494,57298,1804,2026-01-04 11:03:03.17,2026-01-04 11:03:04.975,1152,605
1903,"71e42c2f-760b-4add-81a3-bf47eb6d03de","43cddaa8-35f1-4dc3-bcdf-fd80d1b7c5a8","task-2","sw_watch8","leave",57414,62341,4927,2026-01-04 11:03:05.091,2026-01-04 11:03:10.018,1152,605
1904,"71e42c2f-760b-4add-81a3-bf47eb6d03de","43cddaa8-35f1-4dc3-bcdf-fd80d1b7c5a8","task-2","sw_venu4","leave",62362,64576,2214,2026-01-04 11:03:10.039,2026-01-04 11:03:12.253,1152,605
1905,"71e42c2f-760b-4add-81a3-bf47eb6d03de","43cddaa8-35f1-4dc3-bcdf-fd80d1b7c5a8","task-2","sw_scanwatch2","leave",64880,65014,134,2026-01-04 11:03:12.557,2026-01-04 11:03:12.691,1152,605
1906,"71e42c2f-760b-4add-81a3-bf47eb6d03de","43cddaa8-35f1-4dc3-bcdf-fd80d1b7c5a8","task-2","sw_fr970","leave",65064,68505,3441,2026-01-04 11:03:12.741,2026-01-04 11:03:16.182,1152,605
1907,"71e42c2f-760b-4add-81a3-bf47eb6d03de","43cddaa8-35f1-4dc3-bcdf-fd80d1b7c5a8","task-2","sw_scanwatch2","leave",68538,76957,8419,2026-01-04 11:03:16.215,2026-01-04 11:03:24.634,1152,605
1908,"71e42c2f-760b-4add-81a3-bf47eb6d03de","43cddaa8-35f1-4dc3-bcdf-fd80d1b7c5a8","task-2","sw_scanwatch2","leave",77908,82953,5045,2026-01-04 11:03:25.585,2026-01-04 11:03:30.63,1152,605
1909,"71e42c2f-760b-4add-81a3-bf47eb6d03de","43cddaa8-35f1-4dc3-bcdf-fd80d1b7c5a8","task-2","sw_fr970","leave",83019,83687,668,2026-01-04 11:03:30.697,2026-01-04 11:03:31.365,1152,605
1910,"71e42c2f-760b-4add-81a3-bf47eb6d03de","43cddaa8-35f1-4dc3-bcdf-fd80d1b7c5a8","task-2","sw_scanwatch2","leave",87480,88016,536,2026-01-04 11:03:35.156,2026-01-04 11:03:35.693,1152,605
1911,"71e42c2f-760b-4add-81a3-bf47eb6d03de","43cddaa8-35f1-4dc3-bcdf-fd80d1b7c5a8","task-2","sw_venu4","leave",88028,88363,335,2026-01-04 11:03:35.705,2026-01-04 11:03:36.041,1152,605
1912,"71e42c2f-760b-4add-81a3-bf47eb6d03de","43cddaa8-35f1-4dc3-bcdf-fd80d1b7c5a8","task-2","sw_aw11","leave",88368,88782,414,2026-01-04 11:03:36.045,2026-01-04 11:03:36.459,1152,605
1913,"71e42c2f-760b-4add-81a3-bf47eb6d03de","43cddaa8-35f1-4dc3-bcdf-fd80d1b7c5a8","task-2","sw_vantagev3","leave",88799,88833,34,2026-01-04 11:03:36.476,2026-01-04 11:03:36.51,1152,605
1914,"71e42c2f-760b-4add-81a3-bf47eb6d03de","43cddaa8-35f1-4dc3-bcdf-fd80d1b7c5a8","task-2","sw_vantagev3","end_task",89861,90056,195,2026-01-04 11:03:37.538,2026-01-04 11:03:37.733,1152,605
1915,"f3c3345f-f5e5-465d-a946-2235bbeb675c","3d04f793-44fb-481f-99d5-1eb2fb1147e4","task-2","wb_spottle_glass","leave",182,25358,25176,2026-01-04 12:19:55.062,2026-01-04 12:20:20.237,1300,561
1916,"f3c3345f-f5e5-465d-a946-2235bbeb675c","3d04f793-44fb-481f-99d5-1eb2fb1147e4","task-2","wb_24_urban","leave",25382,39980,14598,2026-01-04 12:20:20.261,2026-01-04 12:20:34.859,1300,561
1917,"f3c3345f-f5e5-465d-a946-2235bbeb675c","3d04f793-44fb-481f-99d5-1eb2fb1147e4","task-2","wb_spottle_glass","leave",39999,45706,5707,2026-01-04 12:20:34.878,2026-01-04 12:20:40.585,1300,561
1918,"f3c3345f-f5e5-465d-a946-2235bbeb675c","3d04f793-44fb-481f-99d5-1eb2fb1147e4","task-2","wb_24_urban","leave",45757,55817,10060,2026-01-04 12:20:40.636,2026-01-04 12:20:50.696,1300,561
1919,"f3c3345f-f5e5-465d-a946-2235bbeb675c","3d04f793-44fb-481f-99d5-1eb2fb1147e4","task-2","wb_720_nolimit","leave",55835,65696,9861,2026-01-04 12:20:50.714,2026-01-04 12:21:00.575,1300,561
1920,"f3c3345f-f5e5-465d-a946-2235bbeb675c","3d04f793-44fb-481f-99d5-1eb2fb1147e4","task-2","wb_24_clima","leave",65703,66195,492,2026-01-04 12:21:00.582,2026-01-04 12:21:01.074,1300,561
1921,"f3c3345f-f5e5-465d-a946-2235bbeb675c","3d04f793-44fb-481f-99d5-1eb2fb1147e4","task-2","wb_waterdrop_sport","leave",66201,66380,179,2026-01-04 12:21:01.08,2026-01-04 12:21:01.259,1300,561
1922,"f3c3345f-f5e5-465d-a946-2235bbeb675c","3d04f793-44fb-481f-99d5-1eb2fb1147e4","task-2","wb_nalgene","leave",66399,82770,16371,2026-01-04 12:21:01.278,2026-01-04 12:21:17.649,1300,561
1923,"f3c3345f-f5e5-465d-a946-2235bbeb675c","3d04f793-44fb-481f-99d5-1eb2fb1147e4","task-2","wb_waterdrop_sport","leave",82787,94480,11693,2026-01-04 12:21:17.666,2026-01-04 12:21:29.359,1300,561
1924,"f3c3345f-f5e5-465d-a946-2235bbeb675c","3d04f793-44fb-481f-99d5-1eb2fb1147e4","task-2","wb_24_clima","leave",94597,104613,10016,2026-01-04 12:21:29.476,2026-01-04 12:21:39.492,1300,561
1925,"f3c3345f-f5e5-465d-a946-2235bbeb675c","3d04f793-44fb-481f-99d5-1eb2fb1147e4","task-2","wb_720_nolimit","leave",104630,114285,9655,2026-01-04 12:21:39.509,2026-01-04 12:21:49.164,1300,561
1926,"f3c3345f-f5e5-465d-a946-2235bbeb675c","3d04f793-44fb-481f-99d5-1eb2fb1147e4","task-2","wb_24_urban","leave",114299,131931,17632,2026-01-04 12:21:49.178,2026-01-04 12:22:06.81,1300,561
1927,"f3c3345f-f5e5-465d-a946-2235bbeb675c","3d04f793-44fb-481f-99d5-1eb2fb1147e4","task-2","wb_720_nolimit","leave",131984,133946,1962,2026-01-04 12:22:06.863,2026-01-04 12:22:08.825,1300,561
1928,"f3c3345f-f5e5-465d-a946-2235bbeb675c","3d04f793-44fb-481f-99d5-1eb2fb1147e4","task-2","wb_24_urban","leave",133955,134960,1005,2026-01-04 12:22:08.834,2026-01-04 12:22:09.839,1300,561
1929,"f3c3345f-f5e5-465d-a946-2235bbeb675c","3d04f793-44fb-481f-99d5-1eb2fb1147e4","task-2","wb_waterdrop_sport","leave",134975,136125,1150,2026-01-04 12:22:09.854,2026-01-04 12:22:11.004,1300,561
1930,"f3c3345f-f5e5-465d-a946-2235bbeb675c","3d04f793-44fb-481f-99d5-1eb2fb1147e4","task-2","wb_nalgene","leave",136149,136474,325,2026-01-04 12:22:11.028,2026-01-04 12:22:11.353,1300,561
1931,"f3c3345f-f5e5-465d-a946-2235bbeb675c","3d04f793-44fb-481f-99d5-1eb2fb1147e4","task-2","wb_nalgene","leave",225004,225173,169,2026-01-04 12:23:39.883,2026-01-04 12:23:40.052,1300,561
1932,"f3c3345f-f5e5-465d-a946-2235bbeb675c","3d04f793-44fb-481f-99d5-1eb2fb1147e4","task-2","wb_spottle_glass","leave",225211,231127,5916,2026-01-04 12:23:40.09,2026-01-04 12:23:46.006,1300,561
1933,"e9f90cc4-4355-4f0e-be34-cd7a61189a56","01caf55c-3693-4aa3-bac2-862230173a5e","task-2","bp_pinqponq_purik_cliff","leave",20740,39351,18611,2026-01-04 15:06:56.69,2026-01-04 15:07:15.301,1912,948
1934,"e9f90cc4-4355-4f0e-be34-cd7a61189a56","01caf55c-3693-4aa3-bac2-862230173a5e","task-2","bp_patagonia_black_hole_micro_22l","leave",39367,45237,5870,2026-01-04 15:07:15.317,2026-01-04 15:07:21.187,1912,948
1935,"e9f90cc4-4355-4f0e-be34-cd7a61189a56","01caf55c-3693-4aa3-bac2-862230173a5e","task-2","bp_pinqponq_purik_cliff","leave",45243,46143,900,2026-01-04 15:07:21.193,2026-01-04 15:07:22.093,1912,948
1936,"e9f90cc4-4355-4f0e-be34-cd7a61189a56","01caf55c-3693-4aa3-bac2-862230173a5e","task-2","bp_patagonia_black_hole_micro_22l","leave",46159,47134,975,2026-01-04 15:07:22.109,2026-01-04 15:07:23.084,1912,948
1937,"e9f90cc4-4355-4f0e-be34-cd7a61189a56","01caf55c-3693-4aa3-bac2-862230173a5e","task-2","bp_tnf_base_camp_fuse_box","leave",47137,48020,883,2026-01-04 15:07:23.087,2026-01-04 15:07:23.97,1912,948
1938,"e9f90cc4-4355-4f0e-be34-cd7a61189a56","01caf55c-3693-4aa3-bac2-862230173a5e","task-2","bp_aevor_trip_pack","leave",48036,48761,725,2026-01-04 15:07:23.985,2026-01-04 15:07:24.711,1912,948
1939,"e9f90cc4-4355-4f0e-be34-cd7a61189a56","01caf55c-3693-4aa3-bac2-862230173a5e","task-2","bp_kapten_helsinki_pro","leave",48766,49011,245,2026-01-04 15:07:24.716,2026-01-04 15:07:24.961,1912,948
1940,"e9f90cc4-4355-4f0e-be34-cd7a61189a56","01caf55c-3693-4aa3-bac2-862230173a5e","task-2","bp_db_daypack_17l","leave",49028,49344,316,2026-01-04 15:07:24.977,2026-01-04 15:07:25.294,1912,948
1941,"e9f90cc4-4355-4f0e-be34-cd7a61189a56","01caf55c-3693-4aa3-bac2-862230173a5e","task-2","bp_kapten_helsinki_pro","leave",49361,49973,612,2026-01-04 15:07:25.31,2026-01-04 15:07:25.923,1912,948
1942,"e9f90cc4-4355-4f0e-be34-cd7a61189a56","01caf55c-3693-4aa3-bac2-862230173a5e","task-2","bp_db_daypack_17l","leave",49974,50881,907,2026-01-04 15:07:25.924,2026-01-04 15:07:26.831,1912,948
1943,"e9f90cc4-4355-4f0e-be34-cd7a61189a56","01caf55c-3693-4aa3-bac2-862230173a5e","task-2","bp_pinqponq_purik_cliff","leave",50898,54690,3792,2026-01-04 15:07:26.848,2026-01-04 15:07:30.64,1912,948
1944,"e9f90cc4-4355-4f0e-be34-cd7a61189a56","01caf55c-3693-4aa3-bac2-862230173a5e","task-2","bp_patagonia_black_hole_micro_22l","leave",54706,56262,1556,2026-01-04 15:07:30.656,2026-01-04 15:07:32.211,1912,948
1945,"e9f90cc4-4355-4f0e-be34-cd7a61189a56","01caf55c-3693-4aa3-bac2-862230173a5e","task-2","bp_tnf_base_camp_fuse_box","leave",56412,57675,1263,2026-01-04 15:07:32.362,2026-01-04 15:07:33.625,1912,948
1946,"e9f90cc4-4355-4f0e-be34-cd7a61189a56","01caf55c-3693-4aa3-bac2-862230173a5e","task-2","bp_aevor_trip_pack","leave",57692,58669,977,2026-01-04 15:07:33.642,2026-01-04 15:07:34.619,1912,948
1947,"e9f90cc4-4355-4f0e-be34-cd7a61189a56","01caf55c-3693-4aa3-bac2-862230173a5e","task-2","bp_kapten_helsinki_pro","leave",58674,59682,1008,2026-01-04 15:07:34.624,2026-01-04 15:07:35.632,1912,948
1948,"e9f90cc4-4355-4f0e-be34-cd7a61189a56","01caf55c-3693-4aa3-bac2-862230173a5e","task-2","bp_db_daypack_17l","leave",59687,62185,2498,2026-01-04 15:07:35.637,2026-01-04 15:07:38.135,1912,948
1949,"e9f90cc4-4355-4f0e-be34-cd7a61189a56","01caf55c-3693-4aa3-bac2-862230173a5e","task-2","bp_pinqponq_purik_cliff","leave",62201,62384,183,2026-01-04 15:07:38.151,2026-01-04 15:07:38.334,1912,948
1950,"e9f90cc4-4355-4f0e-be34-cd7a61189a56","01caf55c-3693-4aa3-bac2-862230173a5e","task-2","bp_patagonia_black_hole_micro_22l","leave",62468,63292,824,2026-01-04 15:07:38.418,2026-01-04 15:07:39.242,1912,948
1951,"e9f90cc4-4355-4f0e-be34-cd7a61189a56","01caf55c-3693-4aa3-bac2-862230173a5e","task-2","bp_pinqponq_purik_cliff","leave",63297,64556,1259,2026-01-04 15:07:39.247,2026-01-04 15:07:40.506,1912,948
1952,"e9f90cc4-4355-4f0e-be34-cd7a61189a56","01caf55c-3693-4aa3-bac2-862230173a5e","task-2","bp_patagonia_black_hole_micro_22l","leave",64560,66305,1745,2026-01-04 15:07:40.51,2026-01-04 15:07:42.255,1912,948
1953,"e9f90cc4-4355-4f0e-be34-cd7a61189a56","01caf55c-3693-4aa3-bac2-862230173a5e","task-2","bp_tnf_base_camp_fuse_box","leave",66321,69081,2760,2026-01-04 15:07:42.271,2026-01-04 15:07:45.031,1912,948
1954,"e9f90cc4-4355-4f0e-be34-cd7a61189a56","01caf55c-3693-4aa3-bac2-862230173a5e","task-2","bp_patagonia_black_hole_micro_22l","leave",69097,69182,85,2026-01-04 15:07:45.047,2026-01-04 15:07:45.132,1912,948
1955,"e9f90cc4-4355-4f0e-be34-cd7a61189a56","01caf55c-3693-4aa3-bac2-862230173a5e","task-2","bp_kapten_helsinki_pro","leave",69197,69231,34,2026-01-04 15:07:45.147,2026-01-04 15:07:45.181,1912,948
1956,"e9f90cc4-4355-4f0e-be34-cd7a61189a56","01caf55c-3693-4aa3-bac2-862230173a5e","task-2","bp_db_daypack_17l","leave",69233,71236,2003,2026-01-04 15:07:45.183,2026-01-04 15:07:47.186,1912,948
1957,"e9f90cc4-4355-4f0e-be34-cd7a61189a56","01caf55c-3693-4aa3-bac2-862230173a5e","task-2","bp_kapten_helsinki_pro","leave",71536,73056,1520,2026-01-04 15:07:47.486,2026-01-04 15:07:49.006,1912,948
1958,"e9f90cc4-4355-4f0e-be34-cd7a61189a56","01caf55c-3693-4aa3-bac2-862230173a5e","task-2","bp_aevor_trip_pack","leave",73073,74679,1606,2026-01-04 15:07:49.023,2026-01-04 15:07:50.629,1912,948
1959,"e9f90cc4-4355-4f0e-be34-cd7a61189a56","01caf55c-3693-4aa3-bac2-862230173a5e","task-2","bp_kapten_helsinki_pro","leave",74686,74713,27,2026-01-04 15:07:50.636,2026-01-04 15:07:50.663,1912,948
1960,"e9f90cc4-4355-4f0e-be34-cd7a61189a56","01caf55c-3693-4aa3-bac2-862230173a5e","task-2","bp_patagonia_black_hole_micro_22l","leave",74729,74762,33,2026-01-04 15:07:50.679,2026-01-04 15:07:50.712,1912,948
1961,"e9f90cc4-4355-4f0e-be34-cd7a61189a56","01caf55c-3693-4aa3-bac2-862230173a5e","task-2","bp_pinqponq_purik_cliff","leave",74764,83023,8259,2026-01-04 15:07:50.714,2026-01-04 15:07:58.973,1912,948
1962,"e9f90cc4-4355-4f0e-be34-cd7a61189a56","01caf55c-3693-4aa3-bac2-862230173a5e","task-2","bp_patagonia_black_hole_micro_22l","leave",83028,88717,5689,2026-01-04 15:07:58.978,2026-01-04 15:08:04.667,1912,948
1963,"e9f90cc4-4355-4f0e-be34-cd7a61189a56","01caf55c-3693-4aa3-bac2-862230173a5e","task-2","bp_tnf_base_camp_fuse_box","leave",88733,94440,5707,2026-01-04 15:08:04.683,2026-01-04 15:08:10.39,1912,948
1964,"e9f90cc4-4355-4f0e-be34-cd7a61189a56","01caf55c-3693-4aa3-bac2-862230173a5e","task-2","bp_patagonia_black_hole_micro_22l","leave",94445,94474,29,2026-01-04 15:08:10.395,2026-01-04 15:08:10.424,1912,948
1965,"e9f90cc4-4355-4f0e-be34-cd7a61189a56","01caf55c-3693-4aa3-bac2-862230173a5e","task-2","bp_kapten_helsinki_pro","leave",94476,94508,32,2026-01-04 15:08:10.426,2026-01-04 15:08:10.458,1912,948
1966,"e9f90cc4-4355-4f0e-be34-cd7a61189a56","01caf55c-3693-4aa3-bac2-862230173a5e","task-2","bp_db_daypack_17l","leave",94513,98399,3886,2026-01-04 15:08:10.463,2026-01-04 15:08:14.349,1912,948
1967,"e9f90cc4-4355-4f0e-be34-cd7a61189a56","01caf55c-3693-4aa3-bac2-862230173a5e","task-2","bp_kapten_helsinki_pro","leave",98405,103587,5182,2026-01-04 15:08:14.355,2026-01-04 15:08:19.537,1912,948
1968,"e9f90cc4-4355-4f0e-be34-cd7a61189a56","01caf55c-3693-4aa3-bac2-862230173a5e","task-2","bp_aevor_trip_pack","leave",103604,108539,4935,2026-01-04 15:08:19.554,2026-01-04 15:08:24.489,1912,948
1969,"e9f90cc4-4355-4f0e-be34-cd7a61189a56","01caf55c-3693-4aa3-bac2-862230173a5e","task-2","bp_patagonia_black_hole_micro_22l","leave",108573,108657,84,2026-01-04 15:08:24.523,2026-01-04 15:08:24.607,1912,948
1970,"e9f90cc4-4355-4f0e-be34-cd7a61189a56","01caf55c-3693-4aa3-bac2-862230173a5e","task-2","bp_pinqponq_purik_cliff","leave",108666,115395,6729,2026-01-04 15:08:24.616,2026-01-04 15:08:31.345,1912,948
1971,"e9f90cc4-4355-4f0e-be34-cd7a61189a56","01caf55c-3693-4aa3-bac2-862230173a5e","task-2","bp_patagonia_black_hole_micro_22l","leave",115479,120823,5344,2026-01-04 15:08:31.428,2026-01-04 15:08:36.772,1912,948
1972,"e9f90cc4-4355-4f0e-be34-cd7a61189a56","01caf55c-3693-4aa3-bac2-862230173a5e","task-2","bp_tnf_base_camp_fuse_box","leave",120826,125972,5146,2026-01-04 15:08:36.776,2026-01-04 15:08:41.922,1912,948
1973,"e9f90cc4-4355-4f0e-be34-cd7a61189a56","01caf55c-3693-4aa3-bac2-862230173a5e","task-2","bp_patagonia_black_hole_micro_22l","leave",125989,126106,117,2026-01-04 15:08:41.939,2026-01-04 15:08:42.055,1912,948
1974,"e9f90cc4-4355-4f0e-be34-cd7a61189a56","01caf55c-3693-4aa3-bac2-862230173a5e","task-2","bp_db_daypack_17l","leave",126109,132050,5941,2026-01-04 15:08:42.059,2026-01-04 15:08:48,1912,948
1975,"e9f90cc4-4355-4f0e-be34-cd7a61189a56","01caf55c-3693-4aa3-bac2-862230173a5e","task-2","bp_kapten_helsinki_pro","leave",132068,136657,4589,2026-01-04 15:08:48.017,2026-01-04 15:08:52.607,1912,948
1976,"e9f90cc4-4355-4f0e-be34-cd7a61189a56","01caf55c-3693-4aa3-bac2-862230173a5e","task-2","bp_aevor_trip_pack","leave",136674,139777,3103,2026-01-04 15:08:52.623,2026-01-04 15:08:55.727,1912,948
1977,"e9f90cc4-4355-4f0e-be34-cd7a61189a56","01caf55c-3693-4aa3-bac2-862230173a5e","task-2","bp_kapten_helsinki_pro","leave",139785,139861,76,2026-01-04 15:08:55.735,2026-01-04 15:08:55.811,1912,948
1978,"e9f90cc4-4355-4f0e-be34-cd7a61189a56","01caf55c-3693-4aa3-bac2-862230173a5e","task-2","bp_pinqponq_purik_cliff","leave",139877,142528,2651,2026-01-04 15:08:55.827,2026-01-04 15:08:58.478,1912,948
1979,"e9f90cc4-4355-4f0e-be34-cd7a61189a56","01caf55c-3693-4aa3-bac2-862230173a5e","task-2","bp_patagonia_black_hole_micro_22l","leave",142534,150471,7937,2026-01-04 15:08:58.484,2026-01-04 15:09:06.421,1912,948
1980,"e9f90cc4-4355-4f0e-be34-cd7a61189a56","01caf55c-3693-4aa3-bac2-862230173a5e","task-2","bp_tnf_base_camp_fuse_box","leave",150483,152902,2419,2026-01-04 15:09:06.433,2026-01-04 15:09:08.852,1912,948
1981,"e9f90cc4-4355-4f0e-be34-cd7a61189a56","01caf55c-3693-4aa3-bac2-862230173a5e","task-2","bp_aevor_trip_pack","leave",152909,166859,13950,2026-01-04 15:09:08.859,2026-01-04 15:09:22.809,1912,948
1982,"e9f90cc4-4355-4f0e-be34-cd7a61189a56","01caf55c-3693-4aa3-bac2-862230173a5e","task-2","bp_kapten_helsinki_pro","leave",166875,170009,3134,2026-01-04 15:09:22.825,2026-01-04 15:09:25.959,1912,948
1983,"e9f90cc4-4355-4f0e-be34-cd7a61189a56","01caf55c-3693-4aa3-bac2-862230173a5e","task-2","bp_db_daypack_17l","leave",170025,178457,8432,2026-01-04 15:09:25.975,2026-01-04 15:09:34.407,1912,948
1984,"e9f90cc4-4355-4f0e-be34-cd7a61189a56","01caf55c-3693-4aa3-bac2-862230173a5e","task-2","bp_kapten_helsinki_pro","leave",178466,178508,42,2026-01-04 15:09:34.416,2026-01-04 15:09:34.458,1912,948
1985,"e9f90cc4-4355-4f0e-be34-cd7a61189a56","01caf55c-3693-4aa3-bac2-862230173a5e","task-2","bp_aevor_trip_pack","leave",178524,182937,4413,2026-01-04 15:09:34.474,2026-01-04 15:09:38.886,1912,948
1986,"e9f90cc4-4355-4f0e-be34-cd7a61189a56","01caf55c-3693-4aa3-bac2-862230173a5e","task-2","bp_kapten_helsinki_pro","leave",182946,183003,57,2026-01-04 15:09:38.896,2026-01-04 15:09:38.953,1912,948
1987,"e9f90cc4-4355-4f0e-be34-cd7a61189a56","01caf55c-3693-4aa3-bac2-862230173a5e","task-2","bp_db_daypack_17l","leave",183009,183052,43,2026-01-04 15:09:38.959,2026-01-04 15:09:39.002,1912,948
1988,"e9f90cc4-4355-4f0e-be34-cd7a61189a56","01caf55c-3693-4aa3-bac2-862230173a5e","task-2","bp_db_daypack_17l","leave",183603,192649,9046,2026-01-04 15:09:39.553,2026-01-04 15:09:48.598,1912,948
1989,"e9f90cc4-4355-4f0e-be34-cd7a61189a56","01caf55c-3693-4aa3-bac2-862230173a5e","task-2","bp_db_daypack_17l","leave",193047,193130,83,2026-01-04 15:09:48.997,2026-01-04 15:09:49.08,1912,948
1990,"f0ce899e-bb97-45ac-8a60-67109865737e","e4410d18-7cd2-4198-9c4a-67901559288f","task-2","bp_aevor_trip_pack","leave",115,172,57,2026-01-04 15:29:56.587,2026-01-04 15:29:56.644,1280,631
1991,"f0ce899e-bb97-45ac-8a60-67109865737e","e4410d18-7cd2-4198-9c4a-67901559288f","task-2","bp_db_daypack_17l","leave",172,6588,6416,2026-01-04 15:29:56.644,2026-01-04 15:30:03.06,1280,631
1992,"f0ce899e-bb97-45ac-8a60-67109865737e","e4410d18-7cd2-4198-9c4a-67901559288f","task-2","bp_patagonia_black_hole_micro_22l","leave",6588,7489,901,2026-01-04 15:30:03.061,2026-01-04 15:30:03.961,1280,631
1993,"f0ce899e-bb97-45ac-8a60-67109865737e","e4410d18-7cd2-4198-9c4a-67901559288f","task-2","bp_db_daypack_17l","leave",7505,9355,1850,2026-01-04 15:30:03.977,2026-01-04 15:30:05.827,1280,631
1994,"f0ce899e-bb97-45ac-8a60-67109865737e","e4410d18-7cd2-4198-9c4a-67901559288f","task-2","bp_patagonia_black_hole_micro_22l","leave",9372,11905,2533,2026-01-04 15:30:05.845,2026-01-04 15:30:08.377,1280,631
1995,"f0ce899e-bb97-45ac-8a60-67109865737e","e4410d18-7cd2-4198-9c4a-67901559288f","task-2","bp_tnf_base_camp_fuse_box","leave",11905,15722,3817,2026-01-04 15:30:08.378,2026-01-04 15:30:12.195,1280,631
1996,"f0ce899e-bb97-45ac-8a60-67109865737e","e4410d18-7cd2-4198-9c4a-67901559288f","task-2","bp_pinqponq_purik_cliff","leave",15723,16988,1265,2026-01-04 15:30:12.196,2026-01-04 15:30:13.46,1280,631
1997,"f0ce899e-bb97-45ac-8a60-67109865737e","e4410d18-7cd2-4198-9c4a-67901559288f","task-2","bp_kapten_helsinki_pro","leave",16988,19605,2617,2026-01-04 15:30:13.461,2026-01-04 15:30:16.077,1280,631
1998,"f0ce899e-bb97-45ac-8a60-67109865737e","e4410d18-7cd2-4198-9c4a-67901559288f","task-2","bp_aevor_trip_pack","leave",19605,20954,1349,2026-01-04 15:30:16.078,2026-01-04 15:30:17.427,1280,631
1999,"f0ce899e-bb97-45ac-8a60-67109865737e","e4410d18-7cd2-4198-9c4a-67901559288f","task-2","bp_db_daypack_17l","leave",20955,21454,499,2026-01-04 15:30:17.428,2026-01-04 15:30:17.927,1280,631
2000,"f0ce899e-bb97-45ac-8a60-67109865737e","e4410d18-7cd2-4198-9c4a-67901559288f","task-2","bp_patagonia_black_hole_micro_22l","leave",21455,22255,800,2026-01-04 15:30:17.927,2026-01-04 15:30:18.727,1280,631
2001,"f0ce899e-bb97-45ac-8a60-67109865737e","e4410d18-7cd2-4198-9c4a-67901559288f","task-2","bp_tnf_base_camp_fuse_box","leave",22271,22872,601,2026-01-04 15:30:18.743,2026-01-04 15:30:19.345,1280,631
2002,"f0ce899e-bb97-45ac-8a60-67109865737e","e4410d18-7cd2-4198-9c4a-67901559288f","task-2","bp_pinqponq_purik_cliff","leave",22888,23521,633,2026-01-04 15:30:19.36,2026-01-04 15:30:19.994,1280,631
2003,"f0ce899e-bb97-45ac-8a60-67109865737e","e4410d18-7cd2-4198-9c4a-67901559288f","task-2","bp_kapten_helsinki_pro","leave",23521,27140,3619,2026-01-04 15:30:19.994,2026-01-04 15:30:23.613,1280,631
2004,"920d0d1c-6367-43f8-9577-804bd4579f92","2b5fd31a-dc2d-4c05-95ff-75759c2649bf","task-2","det_weisser","leave",86,5489,5403,2026-01-04 15:33:27.899,2026-01-04 15:33:33.302,1440,778
2005,"920d0d1c-6367-43f8-9577-804bd4579f92","2b5fd31a-dc2d-4c05-95ff-75759c2649bf","task-2","det_persil","leave",5490,10073,4583,2026-01-04 15:33:33.302,2026-01-04 15:33:37.885,1440,778
2006,"920d0d1c-6367-43f8-9577-804bd4579f92","2b5fd31a-dc2d-4c05-95ff-75759c2649bf","task-2","det_denkmit","leave",10089,10505,416,2026-01-04 15:33:37.901,2026-01-04 15:33:38.318,1440,778
2007,"920d0d1c-6367-43f8-9577-804bd4579f92","2b5fd31a-dc2d-4c05-95ff-75759c2649bf","task-2","det_denkmit","leave",13289,13373,84,2026-01-04 15:33:41.101,2026-01-04 15:33:41.185,1440,778
2008,"920d0d1c-6367-43f8-9577-804bd4579f92","2b5fd31a-dc2d-4c05-95ff-75759c2649bf","task-2","det_persil","leave",13390,13440,50,2026-01-04 15:33:41.203,2026-01-04 15:33:41.253,1440,778
2009,"920d0d1c-6367-43f8-9577-804bd4579f92","2b5fd31a-dc2d-4c05-95ff-75759c2649bf","task-2","det_ariel","leave",13457,16305,2848,2026-01-04 15:33:41.269,2026-01-04 15:33:44.118,1440,778
2010,"920d0d1c-6367-43f8-9577-804bd4579f92","2b5fd31a-dc2d-4c05-95ff-75759c2649bf","task-2","det_lenor","leave",16323,17640,1317,2026-01-04 15:33:44.135,2026-01-04 15:33:45.452,1440,778
2011,"920d0d1c-6367-43f8-9577-804bd4579f92","2b5fd31a-dc2d-4c05-95ff-75759c2649bf","task-2","det_weisser","leave",17657,20589,2932,2026-01-04 15:33:45.469,2026-01-04 15:33:48.401,1440,778
2012,"920d0d1c-6367-43f8-9577-804bd4579f92","2b5fd31a-dc2d-4c05-95ff-75759c2649bf","task-2","det_persil","leave",20605,20639,34,2026-01-04 15:33:48.418,2026-01-04 15:33:48.452,1440,778
2013,"920d0d1c-6367-43f8-9577-804bd4579f92","2b5fd31a-dc2d-4c05-95ff-75759c2649bf","task-2","det_persil","leave",21356,21424,68,2026-01-04 15:33:49.168,2026-01-04 15:33:49.236,1440,778
2014,"920d0d1c-6367-43f8-9577-804bd4579f92","2b5fd31a-dc2d-4c05-95ff-75759c2649bf","task-2","det_ariel","leave",21440,21456,16,2026-01-04 15:33:49.253,2026-01-04 15:33:49.269,1440,778
2015,"920d0d1c-6367-43f8-9577-804bd4579f92","2b5fd31a-dc2d-4c05-95ff-75759c2649bf","task-2","det_lenor","leave",21458,21473,15,2026-01-04 15:33:49.27,2026-01-04 15:33:49.286,1440,778
2016,"606943a5-c712-4c14-bc67-a8959ab5f113","98102009-4760-4c36-822a-0e48ece5d5fb","task-2","etb_philips_7100","leave",85,9843,9758,2026-01-05 13:28:11.757,2026-01-05 13:28:21.515,1272,594
2017,"606943a5-c712-4c14-bc67-a8959ab5f113","98102009-4760-4c36-822a-0e48ece5d5fb","task-2","etb_oralb_io5","leave",9860,9943,83,2026-01-05 13:28:21.532,2026-01-05 13:28:21.615,1272,594
2018,"606943a5-c712-4c14-bc67-a8959ab5f113","98102009-4760-4c36-822a-0e48ece5d5fb","task-2","etb_oralb_pulsonic_4500","leave",9944,10393,449,2026-01-05 13:28:21.615,2026-01-05 13:28:22.065,1272,594
2019,"606943a5-c712-4c14-bc67-a8959ab5f113","98102009-4760-4c36-822a-0e48ece5d5fb","task-2","etb_wondersmile_pro","leave",10394,11010,616,2026-01-05 13:28:22.065,2026-01-05 13:28:22.682,1272,594
2020,"606943a5-c712-4c14-bc67-a8959ab5f113","98102009-4760-4c36-822a-0e48ece5d5fb","task-2","etb_wondersmile_pro","leave",12860,14593,1733,2026-01-05 13:28:24.532,2026-01-05 13:28:26.265,1272,594
2021,"606943a5-c712-4c14-bc67-a8959ab5f113","98102009-4760-4c36-822a-0e48ece5d5fb","task-2","etb_oralb_pulsonic_4500","leave",14594,18376,3782,2026-01-05 13:28:26.266,2026-01-05 13:28:30.048,1272,594
2022,"606943a5-c712-4c14-bc67-a8959ab5f113","98102009-4760-4c36-822a-0e48ece5d5fb","task-2","etb_oralb_io5","leave",18427,19045,618,2026-01-05 13:28:30.098,2026-01-05 13:28:30.717,1272,594
2023,"606943a5-c712-4c14-bc67-a8959ab5f113","98102009-4760-4c36-822a-0e48ece5d5fb","task-2","etb_oralb_pulsonic_4500","leave",19060,19343,283,2026-01-05 13:28:30.731,2026-01-05 13:28:31.015,1272,594
2024,"606943a5-c712-4c14-bc67-a8959ab5f113","98102009-4760-4c36-822a-0e48ece5d5fb","task-2","etb_oralb_pulsonic_4500","leave",30227,30936,709,2026-01-05 13:28:41.894,2026-01-05 13:28:42.603,1272,594
2025,"606943a5-c712-4c14-bc67-a8959ab5f113","98102009-4760-4c36-822a-0e48ece5d5fb","task-2","etb_wondersmile_pro","leave",31010,36497,5487,2026-01-05 13:28:42.677,2026-01-05 13:28:48.164,1272,594
2026,"606943a5-c712-4c14-bc67-a8959ab5f113","98102009-4760-4c36-822a-0e48ece5d5fb","task-2","etb_wondersmile_pro","leave",36511,44443,7932,2026-01-05 13:28:48.178,2026-01-05 13:28:56.111,1272,594
2027,"606943a5-c712-4c14-bc67-a8959ab5f113","98102009-4760-4c36-822a-0e48ece5d5fb","task-2","etb_oralb_pro3_3500","leave",44445,44594,149,2026-01-05 13:28:56.112,2026-01-05 13:28:56.261,1272,594
2028,"606943a5-c712-4c14-bc67-a8959ab5f113","98102009-4760-4c36-822a-0e48ece5d5fb","task-2","etb_philips_5300","leave",44595,49093,4498,2026-01-05 13:28:56.262,2026-01-05 13:29:00.761,1272,594
2029,"606943a5-c712-4c14-bc67-a8959ab5f113","98102009-4760-4c36-822a-0e48ece5d5fb","task-2","etb_philips_5300","leave",49510,49644,134,2026-01-05 13:29:01.177,2026-01-05 13:29:01.311,1272,594
2030,"606943a5-c712-4c14-bc67-a8959ab5f113","98102009-4760-4c36-822a-0e48ece5d5fb","task-2","etb_oralb_pro3_3500","leave",49646,50060,414,2026-01-05 13:29:01.313,2026-01-05 13:29:01.728,1272,594
2031,"606943a5-c712-4c14-bc67-a8959ab5f113","98102009-4760-4c36-822a-0e48ece5d5fb","task-2","etb_philips_5300","leave",50077,50993,916,2026-01-05 13:29:01.744,2026-01-05 13:29:02.661,1272,594
2032,"c9ad284d-d6bf-448c-a0c4-898a0439e148","ea3dc494-f4e6-48c2-813c-6de68d7a45e8","task-2","etb_philips_7100","leave",79,1082,1003,2026-01-05 13:28:44.354,2026-01-05 13:28:45.357,1912,924
2033,"c9ad284d-d6bf-448c-a0c4-898a0439e148","ea3dc494-f4e6-48c2-813c-6de68d7a45e8","task-2","etb_wondersmile_pro","leave",1115,1916,801,2026-01-05 13:28:45.391,2026-01-05 13:28:46.192,1912,924
2034,"c9ad284d-d6bf-448c-a0c4-898a0439e148","ea3dc494-f4e6-48c2-813c-6de68d7a45e8","task-2","etb_oralb_pro3_3500","leave",3150,3417,267,2026-01-05 13:28:47.426,2026-01-05 13:28:47.692,1912,924
2035,"c9ad284d-d6bf-448c-a0c4-898a0439e148","ea3dc494-f4e6-48c2-813c-6de68d7a45e8","task-2","etb_oralb_pro3_3500","leave",3651,3718,67,2026-01-05 13:28:47.927,2026-01-05 13:28:47.993,1912,924
2036,"c9ad284d-d6bf-448c-a0c4-898a0439e148","ea3dc494-f4e6-48c2-813c-6de68d7a45e8","task-2","etb_wondersmile_pro","leave",3718,3801,83,2026-01-05 13:28:47.994,2026-01-05 13:28:48.077,1912,924
2037,"c9ad284d-d6bf-448c-a0c4-898a0439e148","ea3dc494-f4e6-48c2-813c-6de68d7a45e8","task-2","etb_philips_7100","leave",3802,15544,11742,2026-01-05 13:28:48.077,2026-01-05 13:28:59.82,1912,924
2038,"c9ad284d-d6bf-448c-a0c4-898a0439e148","ea3dc494-f4e6-48c2-813c-6de68d7a45e8","task-2","etb_oralb_pro3_3500","leave",15578,24819,9241,2026-01-05 13:28:59.853,2026-01-05 13:29:09.095,1912,924
2039,"c9ad284d-d6bf-448c-a0c4-898a0439e148","ea3dc494-f4e6-48c2-813c-6de68d7a45e8","task-2","etb_wondersmile_pro","leave",24820,33042,8222,2026-01-05 13:29:09.096,2026-01-05 13:29:17.318,1912,924
2040,"c9ad284d-d6bf-448c-a0c4-898a0439e148","ea3dc494-f4e6-48c2-813c-6de68d7a45e8","task-2","etb_philips_5300","leave",33060,37197,4137,2026-01-05 13:29:17.336,2026-01-05 13:29:21.472,1912,924
2041,"c9ad284d-d6bf-448c-a0c4-898a0439e148","ea3dc494-f4e6-48c2-813c-6de68d7a45e8","task-2","etb_oralb_pulsonic_4500","leave",37198,37247,49,2026-01-05 13:29:21.474,2026-01-05 13:29:21.523,1912,924
2042,"c9ad284d-d6bf-448c-a0c4-898a0439e148","ea3dc494-f4e6-48c2-813c-6de68d7a45e8","task-2","etb_oralb_io5","leave",37280,41867,4587,2026-01-05 13:29:21.556,2026-01-05 13:29:26.142,1912,924
2043,"c9ad284d-d6bf-448c-a0c4-898a0439e148","ea3dc494-f4e6-48c2-813c-6de68d7a45e8","task-2","etb_oralb_pro3_3500","leave",41885,41984,99,2026-01-05 13:29:26.16,2026-01-05 13:29:26.26,1912,924
2044,"c9ad284d-d6bf-448c-a0c4-898a0439e148","ea3dc494-f4e6-48c2-813c-6de68d7a45e8","task-2","etb_philips_5300","leave",42017,42300,283,2026-01-05 13:29:26.293,2026-01-05 13:29:26.576,1912,924
2045,"c9ad284d-d6bf-448c-a0c4-898a0439e148","ea3dc494-f4e6-48c2-813c-6de68d7a45e8","task-2","etb_oralb_pulsonic_4500","leave",42335,45253,2918,2026-01-05 13:29:26.61,2026-01-05 13:29:29.529,1912,924
2046,"c9ad284d-d6bf-448c-a0c4-898a0439e148","ea3dc494-f4e6-48c2-813c-6de68d7a45e8","task-2","etb_philips_5300","leave",45254,45454,200,2026-01-05 13:29:29.53,2026-01-05 13:29:29.73,1912,924
2047,"c9ad284d-d6bf-448c-a0c4-898a0439e148","ea3dc494-f4e6-48c2-813c-6de68d7a45e8","task-2","etb_oralb_pro3_3500","leave",45471,46888,1417,2026-01-05 13:29:29.746,2026-01-05 13:29:31.164,1912,924
2048,"b030c3d5-7efe-4376-9277-d447c3141bff","76df77f4-c446-4c7b-a4ea-93a0a4804064","task-2","etb_philips_7100","leave",60,7959,7899,2026-01-05 13:37:31.635,2026-01-05 13:37:39.535,1710,1306
2049,"b030c3d5-7efe-4376-9277-d447c3141bff","76df77f4-c446-4c7b-a4ea-93a0a4804064","task-2","etb_philips_7100","leave",8709,9426,717,2026-01-05 13:37:40.285,2026-01-05 13:37:41.001,1710,1306
2050,"b030c3d5-7efe-4376-9277-d447c3141bff","76df77f4-c446-4c7b-a4ea-93a0a4804064","task-2","etb_philips_5300","leave",9443,16326,6883,2026-01-05 13:37:41.018,2026-01-05 13:37:47.901,1710,1306
2051,"b030c3d5-7efe-4376-9277-d447c3141bff","76df77f4-c446-4c7b-a4ea-93a0a4804064","task-2","etb_oralb_pulsonic_4500","leave",16327,18609,2282,2026-01-05 13:37:47.902,2026-01-05 13:37:50.184,1710,1306
2052,"b030c3d5-7efe-4376-9277-d447c3141bff","76df77f4-c446-4c7b-a4ea-93a0a4804064","task-2","etb_philips_5300","leave",18626,18942,316,2026-01-05 13:37:50.202,2026-01-05 13:37:50.518,1710,1306
2053,"b030c3d5-7efe-4376-9277-d447c3141bff","76df77f4-c446-4c7b-a4ea-93a0a4804064","task-2","etb_philips_7100","leave",18959,21343,2384,2026-01-05 13:37:50.535,2026-01-05 13:37:52.918,1710,1306
2054,"b030c3d5-7efe-4376-9277-d447c3141bff","76df77f4-c446-4c7b-a4ea-93a0a4804064","task-2","etb_philips_5300","leave",21344,22126,782,2026-01-05 13:37:52.919,2026-01-05 13:37:53.701,1710,1306
2055,"b030c3d5-7efe-4376-9277-d447c3141bff","76df77f4-c446-4c7b-a4ea-93a0a4804064","task-2","etb_oralb_pulsonic_4500","leave",22143,24342,2199,2026-01-05 13:37:53.718,2026-01-05 13:37:55.918,1710,1306
2056,"b030c3d5-7efe-4376-9277-d447c3141bff","76df77f4-c446-4c7b-a4ea-93a0a4804064","task-2","etb_philips_5300","leave",24344,25326,982,2026-01-05 13:37:55.919,2026-01-05 13:37:56.901,1710,1306
2057,"b030c3d5-7efe-4376-9277-d447c3141bff","76df77f4-c446-4c7b-a4ea-93a0a4804064","task-2","etb_philips_7100","leave",25327,27343,2016,2026-01-05 13:37:56.902,2026-01-05 13:37:58.918,1710,1306
2058,"b030c3d5-7efe-4376-9277-d447c3141bff","76df77f4-c446-4c7b-a4ea-93a0a4804064","task-2","etb_philips_5300","leave",27359,30194,2835,2026-01-05 13:37:58.935,2026-01-05 13:38:01.769,1710,1306
2059,"b030c3d5-7efe-4376-9277-d447c3141bff","76df77f4-c446-4c7b-a4ea-93a0a4804064","task-2","etb_philips_7100","leave",30209,30243,34,2026-01-05 13:38:01.785,2026-01-05 13:38:01.818,1710,1306
2060,"b030c3d5-7efe-4376-9277-d447c3141bff","76df77f4-c446-4c7b-a4ea-93a0a4804064","task-2","etb_oralb_pro3_3500","leave",30260,30576,316,2026-01-05 13:38:01.835,2026-01-05 13:38:02.152,1710,1306
2061,"df45b8aa-57e9-49f5-b485-0eb662b39a4c","3f225600-a051-470e-933a-a9a60cdc22da","task-2","wb_nalgene","leave",60,4635,4575,2026-01-05 13:46:12.369,2026-01-05 13:46:16.944,2040,996
2062,"df45b8aa-57e9-49f5-b485-0eb662b39a4c","3f225600-a051-470e-933a-a9a60cdc22da","task-2","wb_nalgene","leave",19931,19998,67,2026-01-05 13:46:32.24,2026-01-05 13:46:32.307,2040,996
2063,"df45b8aa-57e9-49f5-b485-0eb662b39a4c","3f225600-a051-470e-933a-a9a60cdc22da","task-2","wb_nalgene","leave",24468,24618,150,2026-01-05 13:46:36.777,2026-01-05 13:46:36.927,2040,996
2064,"df45b8aa-57e9-49f5-b485-0eb662b39a4c","3f225600-a051-470e-933a-a9a60cdc22da","task-2","wb_24_clima","leave",24651,26870,2219,2026-01-05 13:46:36.96,2026-01-05 13:46:39.179,2040,996
2065,"df45b8aa-57e9-49f5-b485-0eb662b39a4c","3f225600-a051-470e-933a-a9a60cdc22da","task-2","wb_nalgene","leave",26887,28238,1351,2026-01-05 13:46:39.196,2026-01-05 13:46:40.547,2040,996
2066,"df45b8aa-57e9-49f5-b485-0eb662b39a4c","3f225600-a051-470e-933a-a9a60cdc22da","task-2","wb_720_nolimit","leave",28254,29272,1018,2026-01-05 13:46:40.563,2026-01-05 13:46:41.581,2040,996
2067,"df45b8aa-57e9-49f5-b485-0eb662b39a4c","3f225600-a051-470e-933a-a9a60cdc22da","task-2","wb_waterdrop_sport","leave",29272,46536,17264,2026-01-05 13:46:41.581,2026-01-05 13:46:58.845,2040,996
2068,"df45b8aa-57e9-49f5-b485-0eb662b39a4c","3f225600-a051-470e-933a-a9a60cdc22da","task-2","wb_720_nolimit","leave",46553,50022,3469,2026-01-05 13:46:58.862,2026-01-05 13:47:02.331,2040,996
2069,"df45b8aa-57e9-49f5-b485-0eb662b39a4c","3f225600-a051-470e-933a-a9a60cdc22da","task-2","wb_waterdrop_sport","leave",50024,50839,815,2026-01-05 13:47:02.333,2026-01-05 13:47:03.148,2040,996
2070,"df45b8aa-57e9-49f5-b485-0eb662b39a4c","3f225600-a051-470e-933a-a9a60cdc22da","task-2","wb_720_nolimit","leave",50841,57078,6237,2026-01-05 13:47:03.15,2026-01-05 13:47:09.387,2040,996
2071,"df45b8aa-57e9-49f5-b485-0eb662b39a4c","3f225600-a051-470e-933a-a9a60cdc22da","task-2","wb_waterdrop_sport","leave",57080,59513,2433,2026-01-05 13:47:09.389,2026-01-05 13:47:11.822,2040,996
2072,"df45b8aa-57e9-49f5-b485-0eb662b39a4c","3f225600-a051-470e-933a-a9a60cdc22da","task-2","wb_spottle_glass","leave",59515,64468,4953,2026-01-05 13:47:11.824,2026-01-05 13:47:16.777,2040,996
2073,"df45b8aa-57e9-49f5-b485-0eb662b39a4c","3f225600-a051-470e-933a-a9a60cdc22da","task-2","wb_24_urban","leave",64470,67771,3301,2026-01-05 13:47:16.779,2026-01-05 13:47:20.08,2040,996
2074,"df45b8aa-57e9-49f5-b485-0eb662b39a4c","3f225600-a051-470e-933a-a9a60cdc22da","task-2","wb_24_clima","leave",67773,75927,8154,2026-01-05 13:47:20.082,2026-01-05 13:47:28.236,2040,996
2075,"df45b8aa-57e9-49f5-b485-0eb662b39a4c","3f225600-a051-470e-933a-a9a60cdc22da","task-2","wb_720_nolimit","leave",76044,78663,2619,2026-01-05 13:47:28.353,2026-01-05 13:47:30.972,2040,996
2076,"df45b8aa-57e9-49f5-b485-0eb662b39a4c","3f225600-a051-470e-933a-a9a60cdc22da","task-2","wb_24_urban","leave",78696,78713,17,2026-01-05 13:47:31.005,2026-01-05 13:47:31.022,2040,996
2077,"df45b8aa-57e9-49f5-b485-0eb662b39a4c","3f225600-a051-470e-933a-a9a60cdc22da","task-2","wb_24_clima","leave",78730,79798,1068,2026-01-05 13:47:31.039,2026-01-05 13:47:32.107,2040,996
2078,"df45b8aa-57e9-49f5-b485-0eb662b39a4c","3f225600-a051-470e-933a-a9a60cdc22da","task-2","wb_nalgene","leave",79799,79815,16,2026-01-05 13:47:32.108,2026-01-05 13:47:32.124,2040,996
2079,"df45b8aa-57e9-49f5-b485-0eb662b39a4c","3f225600-a051-470e-933a-a9a60cdc22da","task-2","wb_720_nolimit","leave",79816,82015,2199,2026-01-05 13:47:32.125,2026-01-05 13:47:34.324,2040,996
2080,"df45b8aa-57e9-49f5-b485-0eb662b39a4c","3f225600-a051-470e-933a-a9a60cdc22da","task-2","wb_24_urban","leave",82016,82032,16,2026-01-05 13:47:34.326,2026-01-05 13:47:34.341,2040,996
2081,"df45b8aa-57e9-49f5-b485-0eb662b39a4c","3f225600-a051-470e-933a-a9a60cdc22da","task-2","wb_24_clima","leave",82049,82083,34,2026-01-05 13:47:34.358,2026-01-05 13:47:34.392,2040,996
2082,"48eff82d-8ad9-4bc3-b852-c97b61b495a2","bc0021f5-8e05-402d-9ce3-a9a63f51f658","task-2","det_weisser","leave",131,1650,1519,2026-01-05 13:47:45.754,2026-01-05 13:47:47.274,1272,674
2083,"48eff82d-8ad9-4bc3-b852-c97b61b495a2","bc0021f5-8e05-402d-9ce3-a9a63f51f658","task-2","det_weisser","leave",8246,9511,1265,2026-01-05 13:47:53.869,2026-01-05 13:47:55.135,1272,674
2084,"48eff82d-8ad9-4bc3-b852-c97b61b495a2","bc0021f5-8e05-402d-9ce3-a9a63f51f658","task-2","det_weisser","leave",21080,23232,2152,2026-01-05 13:48:06.703,2026-01-05 13:48:08.855,1272,674
2085,"48eff82d-8ad9-4bc3-b852-c97b61b495a2","bc0021f5-8e05-402d-9ce3-a9a63f51f658","task-2","det_ariel","leave",23233,23984,751,2026-01-05 13:48:08.857,2026-01-05 13:48:09.608,1272,674
2086,"48eff82d-8ad9-4bc3-b852-c97b61b495a2","bc0021f5-8e05-402d-9ce3-a9a63f51f658","task-2","det_lenor","leave",24000,25137,1137,2026-01-05 13:48:09.624,2026-01-05 13:48:10.761,1272,674
2087,"48eff82d-8ad9-4bc3-b852-c97b61b495a2","bc0021f5-8e05-402d-9ce3-a9a63f51f658","task-2","det_denkmit","leave",25139,25693,554,2026-01-05 13:48:10.763,2026-01-05 13:48:11.316,1272,674
2088,"48eff82d-8ad9-4bc3-b852-c97b61b495a2","bc0021f5-8e05-402d-9ce3-a9a63f51f658","task-2","det_ecover","leave",25694,25920,226,2026-01-05 13:48:11.318,2026-01-05 13:48:11.544,1272,674
2089,"48eff82d-8ad9-4bc3-b852-c97b61b495a2","bc0021f5-8e05-402d-9ce3-a9a63f51f658","task-2","det_persil","leave",25938,27105,1167,2026-01-05 13:48:11.561,2026-01-05 13:48:12.729,1272,674
2090,"48eff82d-8ad9-4bc3-b852-c97b61b495a2","bc0021f5-8e05-402d-9ce3-a9a63f51f658","task-2","det_ecover","leave",27121,29258,2137,2026-01-05 13:48:12.745,2026-01-05 13:48:14.882,1272,674
2091,"48eff82d-8ad9-4bc3-b852-c97b61b495a2","bc0021f5-8e05-402d-9ce3-a9a63f51f658","task-2","det_denkmit","leave",29309,34350,5041,2026-01-05 13:48:14.933,2026-01-05 13:48:19.974,1272,674
2092,"48eff82d-8ad9-4bc3-b852-c97b61b495a2","bc0021f5-8e05-402d-9ce3-a9a63f51f658","task-2","det_ecover","leave",34365,36385,2020,2026-01-05 13:48:19.989,2026-01-05 13:48:22.009,1272,674
2093,"48eff82d-8ad9-4bc3-b852-c97b61b495a2","bc0021f5-8e05-402d-9ce3-a9a63f51f658","task-2","det_weisser","leave",36403,39474,3071,2026-01-05 13:48:22.027,2026-01-05 13:48:25.097,1272,674
2094,"48eff82d-8ad9-4bc3-b852-c97b61b495a2","bc0021f5-8e05-402d-9ce3-a9a63f51f658","task-2","det_ariel","leave",39490,40192,702,2026-01-05 13:48:25.114,2026-01-05 13:48:25.816,1272,674
2095,"48eff82d-8ad9-4bc3-b852-c97b61b495a2","bc0021f5-8e05-402d-9ce3-a9a63f51f658","task-2","det_lenor","leave",40208,41360,1152,2026-01-05 13:48:25.831,2026-01-05 13:48:26.984,1272,674
2096,"48eff82d-8ad9-4bc3-b852-c97b61b495a2","bc0021f5-8e05-402d-9ce3-a9a63f51f658","task-2","det_ariel","leave",41376,41460,84,2026-01-05 13:48:27,2026-01-05 13:48:27.083,1272,674
2097,"48eff82d-8ad9-4bc3-b852-c97b61b495a2","bc0021f5-8e05-402d-9ce3-a9a63f51f658","task-2","det_weisser","leave",41462,41477,15,2026-01-05 13:48:27.086,2026-01-05 13:48:27.101,1272,674
2098,"48eff82d-8ad9-4bc3-b852-c97b61b495a2","bc0021f5-8e05-402d-9ce3-a9a63f51f658","task-2","det_persil","leave",41511,44365,2854,2026-01-05 13:48:27.134,2026-01-05 13:48:29.988,1272,674
2099,"48eff82d-8ad9-4bc3-b852-c97b61b495a2","bc0021f5-8e05-402d-9ce3-a9a63f51f658","task-2","det_ecover","leave",44381,45333,952,2026-01-05 13:48:30.005,2026-01-05 13:48:30.957,1272,674
2100,"48eff82d-8ad9-4bc3-b852-c97b61b495a2","bc0021f5-8e05-402d-9ce3-a9a63f51f658","task-2","det_persil","leave",45348,46351,1003,2026-01-05 13:48:30.972,2026-01-05 13:48:31.975,1272,674
2101,"48eff82d-8ad9-4bc3-b852-c97b61b495a2","bc0021f5-8e05-402d-9ce3-a9a63f51f658","task-2","det_ecover","leave",46354,49589,3235,2026-01-05 13:48:31.977,2026-01-05 13:48:35.213,1272,674
2102,"48eff82d-8ad9-4bc3-b852-c97b61b495a2","bc0021f5-8e05-402d-9ce3-a9a63f51f658","task-2","det_persil","leave",49639,51197,1558,2026-01-05 13:48:35.263,2026-01-05 13:48:36.821,1272,674
2103,"48eff82d-8ad9-4bc3-b852-c97b61b495a2","bc0021f5-8e05-402d-9ce3-a9a63f51f658","task-2","det_ecover","leave",51208,51309,101,2026-01-05 13:48:36.832,2026-01-05 13:48:36.933,1272,674
2104,"48eff82d-8ad9-4bc3-b852-c97b61b495a2","bc0021f5-8e05-402d-9ce3-a9a63f51f658","task-2","det_denkmit","leave",51312,53562,2250,2026-01-05 13:48:36.936,2026-01-05 13:48:39.185,1272,674
2105,"48eff82d-8ad9-4bc3-b852-c97b61b495a2","bc0021f5-8e05-402d-9ce3-a9a63f51f658","task-2","det_ecover","leave",53629,54947,1318,2026-01-05 13:48:39.253,2026-01-05 13:48:40.57,1272,674
2106,"48eff82d-8ad9-4bc3-b852-c97b61b495a2","bc0021f5-8e05-402d-9ce3-a9a63f51f658","task-2","det_denkmit","leave",54966,62342,7376,2026-01-05 13:48:40.59,2026-01-05 13:48:47.965,1272,674
2107,"48eff82d-8ad9-4bc3-b852-c97b61b495a2","bc0021f5-8e05-402d-9ce3-a9a63f51f658","task-2","det_ecover","leave",62348,62426,78,2026-01-05 13:48:47.971,2026-01-05 13:48:48.05,1272,674
2108,"48eff82d-8ad9-4bc3-b852-c97b61b495a2","bc0021f5-8e05-402d-9ce3-a9a63f51f658","task-2","det_persil","leave",62431,62659,228,2026-01-05 13:48:48.055,2026-01-05 13:48:48.283,1272,674
2109,"48eff82d-8ad9-4bc3-b852-c97b61b495a2","bc0021f5-8e05-402d-9ce3-a9a63f51f658","task-2","det_persil","leave",63562,63578,16,2026-01-05 13:48:49.186,2026-01-05 13:48:49.202,1272,674
2110,"48eff82d-8ad9-4bc3-b852-c97b61b495a2","bc0021f5-8e05-402d-9ce3-a9a63f51f658","task-2","det_ecover","leave",63587,63627,40,2026-01-05 13:48:49.211,2026-01-05 13:48:49.251,1272,674
2111,"48eff82d-8ad9-4bc3-b852-c97b61b495a2","bc0021f5-8e05-402d-9ce3-a9a63f51f658","task-2","det_denkmit","leave",63644,68657,5013,2026-01-05 13:48:49.267,2026-01-05 13:48:54.281,1272,674
2112,"48eff82d-8ad9-4bc3-b852-c97b61b495a2","bc0021f5-8e05-402d-9ce3-a9a63f51f658","task-2","det_ecover","leave",68667,69018,351,2026-01-05 13:48:54.291,2026-01-05 13:48:54.642,1272,674
2113,"dee8b7b7-6b35-4358-afeb-600b205c649b","702af4cc-906d-40b9-aa8d-8e99be992bde","task-2","sw_watch8","leave",176,697,521,2026-01-05 14:02:51.43,2026-01-05 14:02:51.952,2040,996
2114,"dee8b7b7-6b35-4358-afeb-600b205c649b","702af4cc-906d-40b9-aa8d-8e99be992bde","task-2","sw_fr970","leave",714,1548,834,2026-01-05 14:02:51.969,2026-01-05 14:02:52.803,2040,996
2115,"dee8b7b7-6b35-4358-afeb-600b205c649b","702af4cc-906d-40b9-aa8d-8e99be992bde","task-2","sw_watch8","leave",1899,2249,350,2026-01-05 14:02:53.153,2026-01-05 14:02:53.504,2040,996
2116,"dee8b7b7-6b35-4358-afeb-600b205c649b","702af4cc-906d-40b9-aa8d-8e99be992bde","task-2","sw_watch8","leave",11079,16037,4958,2026-01-05 14:03:02.334,2026-01-05 14:03:07.291,2040,996
2117,"dee8b7b7-6b35-4358-afeb-600b205c649b","702af4cc-906d-40b9-aa8d-8e99be992bde","task-2","sw_fr970","leave",16038,16104,66,2026-01-05 14:03:07.292,2026-01-05 14:03:07.359,2040,996
2118,"dee8b7b7-6b35-4358-afeb-600b205c649b","702af4cc-906d-40b9-aa8d-8e99be992bde","task-2","sw_aw11","leave",19141,19242,101,2026-01-05 14:03:10.396,2026-01-05 14:03:10.496,2040,996
2119,"dee8b7b7-6b35-4358-afeb-600b205c649b","702af4cc-906d-40b9-aa8d-8e99be992bde","task-2","sw_scanwatch2","leave",19258,19275,17,2026-01-05 14:03:10.513,2026-01-05 14:03:10.53,2040,996
2120,"dee8b7b7-6b35-4358-afeb-600b205c649b","702af4cc-906d-40b9-aa8d-8e99be992bde","task-2","sw_venu4","leave",19292,19442,150,2026-01-05 14:03:10.546,2026-01-05 14:03:10.697,2040,996
2121,"dee8b7b7-6b35-4358-afeb-600b205c649b","702af4cc-906d-40b9-aa8d-8e99be992bde","task-2","sw_scanwatch2","leave",19492,19626,134,2026-01-05 14:03:10.747,2026-01-05 14:03:10.88,2040,996
2122,"dee8b7b7-6b35-4358-afeb-600b205c649b","702af4cc-906d-40b9-aa8d-8e99be992bde","task-2","sw_venu4","leave",19676,19792,116,2026-01-05 14:03:10.931,2026-01-05 14:03:11.047,2040,996
2123,"dee8b7b7-6b35-4358-afeb-600b205c649b","702af4cc-906d-40b9-aa8d-8e99be992bde","task-2","sw_watch8","leave",19843,31880,12037,2026-01-05 14:03:11.097,2026-01-05 14:03:23.135,2040,996
2124,"dee8b7b7-6b35-4358-afeb-600b205c649b","702af4cc-906d-40b9-aa8d-8e99be992bde","task-2","sw_venu4","leave",32077,34097,2020,2026-01-05 14:03:23.332,2026-01-05 14:03:25.351,2040,996
2125,"dee8b7b7-6b35-4358-afeb-600b205c649b","702af4cc-906d-40b9-aa8d-8e99be992bde","task-2","sw_scanwatch2","leave",34114,34131,17,2026-01-05 14:03:25.368,2026-01-05 14:03:25.385,2040,996
2126,"dee8b7b7-6b35-4358-afeb-600b205c649b","702af4cc-906d-40b9-aa8d-8e99be992bde","task-2","sw_aw11","leave",34148,41308,7160,2026-01-05 14:03:25.402,2026-01-05 14:03:32.562,2040,996
2127,"dee8b7b7-6b35-4358-afeb-600b205c649b","702af4cc-906d-40b9-aa8d-8e99be992bde","task-2","sw_scanwatch2","leave",41309,41425,116,2026-01-05 14:03:32.564,2026-01-05 14:03:32.679,2040,996
2128,"dee8b7b7-6b35-4358-afeb-600b205c649b","702af4cc-906d-40b9-aa8d-8e99be992bde","task-2","sw_fr970","leave",41426,41441,15,2026-01-05 14:03:32.681,2026-01-05 14:03:32.696,2040,996
2129,"1dcac08d-b866-4a5c-bcaa-d724b5ac6ec3","6fde05fb-ad92-4919-a93f-50f610305a99","task-2","det_ariel","leave",201,1011,810,2026-01-05 19:54:51.704,2026-01-05 19:54:52.514,2048,1115
2130,"1dcac08d-b866-4a5c-bcaa-d724b5ac6ec3","6fde05fb-ad92-4919-a93f-50f610305a99","task-2","det_ariel","leave",2086,15251,13165,2026-01-05 19:54:53.589,2026-01-05 19:55:06.753,2048,1115
2131,"1dcac08d-b866-4a5c-bcaa-d724b5ac6ec3","6fde05fb-ad92-4919-a93f-50f610305a99","task-2","det_persil","leave",15284,19215,3931,2026-01-05 19:55:06.787,2026-01-05 19:55:10.718,2048,1115
2132,"1dcac08d-b866-4a5c-bcaa-d724b5ac6ec3","6fde05fb-ad92-4919-a93f-50f610305a99","task-2","det_ariel","leave",19216,19249,33,2026-01-05 19:55:10.719,2026-01-05 19:55:10.752,2048,1115
2133,"1dcac08d-b866-4a5c-bcaa-d724b5ac6ec3","6fde05fb-ad92-4919-a93f-50f610305a99","task-2","det_ecover","leave",19249,22947,3698,2026-01-05 19:55:10.752,2026-01-05 19:55:14.45,2048,1115
2134,"1dcac08d-b866-4a5c-bcaa-d724b5ac6ec3","6fde05fb-ad92-4919-a93f-50f610305a99","task-2","det_weisser","leave",22947,27758,4811,2026-01-05 19:55:14.45,2026-01-05 19:55:19.26,2048,1115
2135,"1dcac08d-b866-4a5c-bcaa-d724b5ac6ec3","6fde05fb-ad92-4919-a93f-50f610305a99","task-2","det_denkmit","leave",27791,29962,2171,2026-01-05 19:55:19.294,2026-01-05 19:55:21.464,2048,1115
2136,"1dcac08d-b866-4a5c-bcaa-d724b5ac6ec3","6fde05fb-ad92-4919-a93f-50f610305a99","task-2","det_lenor","leave",29963,30030,67,2026-01-05 19:55:21.466,2026-01-05 19:55:21.533,2048,1115
2137,"f2af4203-fcf8-435a-9c68-689fbcf61991","c1b520fe-6dfe-4175-8e0e-12f182397fe6","task-2","sp_boom4","leave",75,2416,2341,2026-01-06 13:22:43.087,2026-01-06 13:22:45.428,2552,1284
2138,"f2af4203-fcf8-435a-9c68-689fbcf61991","c1b520fe-6dfe-4175-8e0e-12f182397fe6","task-2","sp_boom4","leave",12167,12769,602,2026-01-06 13:22:55.18,2026-01-06 13:22:55.781,2552,1284
2139,"f2af4203-fcf8-435a-9c68-689fbcf61991","c1b520fe-6dfe-4175-8e0e-12f182397fe6","task-2","sp_boom4","leave",12836,15390,2554,2026-01-06 13:22:55.848,2026-01-06 13:22:58.402,2552,1284
2140,"f2af4203-fcf8-435a-9c68-689fbcf61991","c1b520fe-6dfe-4175-8e0e-12f182397fe6","task-2","sp_sonos_era100","leave",15407,18463,3056,2026-01-06 13:22:58.419,2026-01-06 13:23:01.475,2552,1284
2141,"f2af4203-fcf8-435a-9c68-689fbcf61991","c1b520fe-6dfe-4175-8e0e-12f182397fe6","task-2","sp_boom4","leave",18463,19531,1068,2026-01-06 13:23:01.476,2026-01-06 13:23:02.543,2552,1284
2142,"f2af4203-fcf8-435a-9c68-689fbcf61991","c1b520fe-6dfe-4175-8e0e-12f182397fe6","task-2","sp_sonos_era100","leave",19532,19783,251,2026-01-06 13:23:02.544,2026-01-06 13:23:02.795,2552,1284
2143,"f2af4203-fcf8-435a-9c68-689fbcf61991","c1b520fe-6dfe-4175-8e0e-12f182397fe6","task-2","sp_bose_flex","leave",19799,22404,2605,2026-01-06 13:23:02.811,2026-01-06 13:23:05.416,2552,1284
2144,"f2af4203-fcf8-435a-9c68-689fbcf61991","c1b520fe-6dfe-4175-8e0e-12f182397fe6","task-2","sp_sonos_era100","leave",22405,22671,266,2026-01-06 13:23:05.417,2026-01-06 13:23:05.683,2552,1284
2145,"f2af4203-fcf8-435a-9c68-689fbcf61991","c1b520fe-6dfe-4175-8e0e-12f182397fe6","task-2","sp_beosound_explore","leave",22688,24057,1369,2026-01-06 13:23:05.7,2026-01-06 13:23:07.066,2552,1284
2146,"f2af4203-fcf8-435a-9c68-689fbcf61991","c1b520fe-6dfe-4175-8e0e-12f182397fe6","task-2","sp_kilburn2","leave",24074,26829,2755,2026-01-06 13:23:07.084,2026-01-06 13:23:09.838,2552,1284
2147,"f2af4203-fcf8-435a-9c68-689fbcf61991","c1b520fe-6dfe-4175-8e0e-12f182397fe6","task-2","sp_beosound_explore","leave",26830,26896,66,2026-01-06 13:23:09.84,2026-01-06 13:23:09.906,2552,1284
2148,"f2af4203-fcf8-435a-9c68-689fbcf61991","c1b520fe-6dfe-4175-8e0e-12f182397fe6","task-2","sp_jbl_charge5","leave",26912,29651,2739,2026-01-06 13:23:09.922,2026-01-06 13:23:12.661,2552,1284
2149,"f2af4203-fcf8-435a-9c68-689fbcf61991","c1b520fe-6dfe-4175-8e0e-12f182397fe6","task-2","sp_beosound_explore","leave",29653,29701,48,2026-01-06 13:23:12.662,2026-01-06 13:23:12.711,2552,1284
2150,"f2af4203-fcf8-435a-9c68-689fbcf61991","c1b520fe-6dfe-4175-8e0e-12f182397fe6","task-2","sp_kilburn2","leave",29703,33274,3571,2026-01-06 13:23:12.712,2026-01-06 13:23:16.284,2552,1284
2151,"f2af4203-fcf8-435a-9c68-689fbcf61991","c1b520fe-6dfe-4175-8e0e-12f182397fe6","task-2","sp_beosound_explore","leave",33276,33358,82,2026-01-06 13:23:16.285,2026-01-06 13:23:16.368,2552,1284
2152,"f2af4203-fcf8-435a-9c68-689fbcf61991","c1b520fe-6dfe-4175-8e0e-12f182397fe6","task-2","sp_jbl_charge5","leave",33359,35745,2386,2026-01-06 13:23:16.369,2026-01-06 13:23:18.755,2552,1284
2153,"f2af4203-fcf8-435a-9c68-689fbcf61991","c1b520fe-6dfe-4175-8e0e-12f182397fe6","task-2","sp_beosound_explore","leave",35763,36246,483,2026-01-06 13:23:18.773,2026-01-06 13:23:19.256,2552,1284
2154,"f2af4203-fcf8-435a-9c68-689fbcf61991","c1b520fe-6dfe-4175-8e0e-12f182397fe6","task-2","sp_jbl_charge5","leave",36264,36448,184,2026-01-06 13:23:19.273,2026-01-06 13:23:19.457,2552,1284
2155,"8529cb44-8521-42e2-ae92-73c43095afc9","72068e71-91db-442d-8bcd-be58091a7210","task-2","sp_jbl_charge5","leave",118,3806,3688,2026-01-07 09:28:48.481,2026-01-07 09:28:52.169,1054,913
2156,"8529cb44-8521-42e2-ae92-73c43095afc9","72068e71-91db-442d-8bcd-be58091a7210","task-2","sp_beosound_explore","leave",3882,7530,3648,2026-01-07 09:28:52.245,2026-01-07 09:28:55.893,1054,913
2157,"8529cb44-8521-42e2-ae92-73c43095afc9","72068e71-91db-442d-8bcd-be58091a7210","task-2","sp_jbl_charge5","leave",7547,10192,2645,2026-01-07 09:28:55.91,2026-01-07 09:28:58.555,1054,913
2158,"8529cb44-8521-42e2-ae92-73c43095afc9","72068e71-91db-442d-8bcd-be58091a7210","task-2","sp_kilburn2","leave",10193,14211,4018,2026-01-07 09:28:58.557,2026-01-07 09:29:02.574,1054,913
2159,"8529cb44-8521-42e2-ae92-73c43095afc9","72068e71-91db-442d-8bcd-be58091a7210","task-2","sp_jbl_charge5","leave",14214,15544,1330,2026-01-07 09:29:02.577,2026-01-07 09:29:03.907,1054,913
2160,"8529cb44-8521-42e2-ae92-73c43095afc9","72068e71-91db-442d-8bcd-be58091a7210","task-2","sp_kilburn2","leave",15545,15667,122,2026-01-07 09:29:03.908,2026-01-07 09:29:04.03,1054,913
2161,"8529cb44-8521-42e2-ae92-73c43095afc9","72068e71-91db-442d-8bcd-be58091a7210","task-2","sp_bose_flex","leave",15750,15910,160,2026-01-07 09:29:04.113,2026-01-07 09:29:04.273,1054,913
2162,"8529cb44-8521-42e2-ae92-73c43095afc9","72068e71-91db-442d-8bcd-be58091a7210","task-2","sp_sonos_era100","leave",15927,19959,4032,2026-01-07 09:29:04.29,2026-01-07 09:29:08.322,1054,913
2163,"8529cb44-8521-42e2-ae92-73c43095afc9","72068e71-91db-442d-8bcd-be58091a7210","task-2","sp_bose_flex","leave",19975,20176,201,2026-01-07 09:29:08.338,2026-01-07 09:29:08.539,1054,913
2164,"d6031e01-23c5-4d03-b64d-cc7b74e8f284","125fe34e-d1f0-498a-8fd0-5d0cf21e030d","task-2","wb_waterdrop_sport","leave",228,1037,809,2026-01-08 16:16:50.854,2026-01-08 16:16:51.663,1536,695
2165,"d6031e01-23c5-4d03-b64d-cc7b74e8f284","125fe34e-d1f0-498a-8fd0-5d0cf21e030d","task-2","wb_720_nolimit","leave",37589,37629,40,2026-01-08 16:17:28.215,2026-01-08 16:17:28.255,1536,695
2166,"d6031e01-23c5-4d03-b64d-cc7b74e8f284","125fe34e-d1f0-498a-8fd0-5d0cf21e030d","task-2","wb_24_urban","leave",37643,37656,13,2026-01-08 16:17:28.27,2026-01-08 16:17:28.282,1536,695
2167,"d6031e01-23c5-4d03-b64d-cc7b74e8f284","125fe34e-d1f0-498a-8fd0-5d0cf21e030d","task-2","wb_spottle_glass","leave",37658,37707,49,2026-01-08 16:17:28.285,2026-01-08 16:17:28.333,1536,695
2168,"d6031e01-23c5-4d03-b64d-cc7b74e8f284","125fe34e-d1f0-498a-8fd0-5d0cf21e030d","task-2","wb_24_clima","leave",37723,42823,5100,2026-01-08 16:17:28.349,2026-01-08 16:17:33.449,1536,695
2169,"d6031e01-23c5-4d03-b64d-cc7b74e8f284","125fe34e-d1f0-498a-8fd0-5d0cf21e030d","task-2","wb_waterdrop_sport","leave",42842,45039,2197,2026-01-08 16:17:33.468,2026-01-08 16:17:35.666,1536,695
2170,"d6031e01-23c5-4d03-b64d-cc7b74e8f284","125fe34e-d1f0-498a-8fd0-5d0cf21e030d","task-2","wb_nalgene","leave",45043,46489,1446,2026-01-08 16:17:35.669,2026-01-08 16:17:37.116,1536,695
2171,"d6031e01-23c5-4d03-b64d-cc7b74e8f284","125fe34e-d1f0-498a-8fd0-5d0cf21e030d","task-2","wb_720_nolimit","leave",46507,47725,1218,2026-01-08 16:17:37.133,2026-01-08 16:17:38.351,1536,695
2172,"d6031e01-23c5-4d03-b64d-cc7b74e8f284","125fe34e-d1f0-498a-8fd0-5d0cf21e030d","task-2","wb_720_nolimit","leave",47743,54673,6930,2026-01-08 16:17:38.369,2026-01-08 16:17:45.3,1536,695
2173,"d6031e01-23c5-4d03-b64d-cc7b74e8f284","125fe34e-d1f0-498a-8fd0-5d0cf21e030d","task-2","wb_spottle_glass","leave",54692,57173,2481,2026-01-08 16:17:45.318,2026-01-08 16:17:47.799,1536,695
2174,"d6031e01-23c5-4d03-b64d-cc7b74e8f284","125fe34e-d1f0-498a-8fd0-5d0cf21e030d","task-2","wb_24_urban","leave",57175,57891,716,2026-01-08 16:17:47.801,2026-01-08 16:17:48.518,1536,695
2175,"d6031e01-23c5-4d03-b64d-cc7b74e8f284","125fe34e-d1f0-498a-8fd0-5d0cf21e030d","task-2","wb_spottle_glass","leave",57907,59623,1716,2026-01-08 16:17:48.534,2026-01-08 16:17:50.249,1536,695
2176,"d6031e01-23c5-4d03-b64d-cc7b74e8f284","125fe34e-d1f0-498a-8fd0-5d0cf21e030d","task-2","wb_24_clima","leave",59641,61557,1916,2026-01-08 16:17:50.267,2026-01-08 16:17:52.183,1536,695
2177,"d6031e01-23c5-4d03-b64d-cc7b74e8f284","125fe34e-d1f0-498a-8fd0-5d0cf21e030d","task-2","wb_nalgene","leave",61608,61657,49,2026-01-08 16:17:52.234,2026-01-08 16:17:52.283,1536,695
2178,"d6031e01-23c5-4d03-b64d-cc7b74e8f284","125fe34e-d1f0-498a-8fd0-5d0cf21e030d","task-2","wb_720_nolimit","leave",61660,62374,714,2026-01-08 16:17:52.286,2026-01-08 16:17:53,1536,695
2179,"d6031e01-23c5-4d03-b64d-cc7b74e8f284","125fe34e-d1f0-498a-8fd0-5d0cf21e030d","task-2","wb_24_urban","leave",64218,64274,56,2026-01-08 16:17:54.844,2026-01-08 16:17:54.9,1536,695
2180,"d6031e01-23c5-4d03-b64d-cc7b74e8f284","125fe34e-d1f0-498a-8fd0-5d0cf21e030d","task-2","wb_spottle_glass","leave",64278,64324,46,2026-01-08 16:17:54.905,2026-01-08 16:17:54.951,1536,695
2181,"d6c3a1a0-ab3a-4024-b50c-1992f10c916d","aee0f8a7-c99c-42ae-94c4-d8ec1569987d","task-2","sp_bose_flex","leave",167,958,791,2026-01-09 16:22:02.478,2026-01-09 16:22:03.27,1440,812
2182,"d6c3a1a0-ab3a-4024-b50c-1992f10c916d","aee0f8a7-c99c-42ae-94c4-d8ec1569987d","task-2","sp_kilburn2","leave",3558,3825,267,2026-01-09 16:22:05.869,2026-01-09 16:22:06.136,1440,812
2183,"d6c3a1a0-ab3a-4024-b50c-1992f10c916d","aee0f8a7-c99c-42ae-94c4-d8ec1569987d","task-2","sp_kilburn2","leave",8783,21158,12375,2026-01-09 16:22:11.095,2026-01-09 16:22:23.47,1440,812
2184,"d6c3a1a0-ab3a-4024-b50c-1992f10c916d","aee0f8a7-c99c-42ae-94c4-d8ec1569987d","task-2","sp_beosound_explore","leave",23591,27341,3750,2026-01-09 16:22:25.903,2026-01-09 16:22:29.653,1440,812
2185,"d6c3a1a0-ab3a-4024-b50c-1992f10c916d","aee0f8a7-c99c-42ae-94c4-d8ec1569987d","task-2","sp_boom4","leave",27343,29409,2066,2026-01-09 16:22:29.655,2026-01-09 16:22:31.721,1440,812
2186,"d6c3a1a0-ab3a-4024-b50c-1992f10c916d","aee0f8a7-c99c-42ae-94c4-d8ec1569987d","task-2","sp_jbl_charge5","leave",29410,42866,13456,2026-01-09 16:22:31.722,2026-01-09 16:22:45.178,1440,812
2187,"d6c3a1a0-ab3a-4024-b50c-1992f10c916d","aee0f8a7-c99c-42ae-94c4-d8ec1569987d","task-2","sp_bose_flex","leave",42892,54391,11499,2026-01-09 16:22:45.204,2026-01-09 16:22:56.703,1440,812
2188,"d6c3a1a0-ab3a-4024-b50c-1992f10c916d","aee0f8a7-c99c-42ae-94c4-d8ec1569987d","task-2","sp_sonos_era100","leave",54394,54458,64,2026-01-09 16:22:56.706,2026-01-09 16:22:56.77,1440,812
2189,"d6c3a1a0-ab3a-4024-b50c-1992f10c916d","aee0f8a7-c99c-42ae-94c4-d8ec1569987d","task-2","sp_beosound_explore","leave",54459,54900,441,2026-01-09 16:22:56.771,2026-01-09 16:22:57.212,1440,812
2190,"d6c3a1a0-ab3a-4024-b50c-1992f10c916d","aee0f8a7-c99c-42ae-94c4-d8ec1569987d","task-2","sp_beosound_explore","leave",60024,60058,34,2026-01-09 16:23:02.336,2026-01-09 16:23:02.371,1440,812
2191,"d6c3a1a0-ab3a-4024-b50c-1992f10c916d","aee0f8a7-c99c-42ae-94c4-d8ec1569987d","task-2","sp_boom4","leave",60060,60108,48,2026-01-09 16:23:02.373,2026-01-09 16:23:02.42,1440,812
2192,"d6c3a1a0-ab3a-4024-b50c-1992f10c916d","aee0f8a7-c99c-42ae-94c4-d8ec1569987d","task-2","sp_jbl_charge5","leave",60109,62291,2182,2026-01-09 16:23:02.422,2026-01-09 16:23:04.603,1440,812
2193,"13958b32-13b4-4ee1-95ae-94562a814161","e61b4eb5-dbda-48c1-b18a-899e7395c612","task-2","det_lenor","leave",142,1294,1152,2026-01-11 13:26:14.724,2026-01-11 13:26:15.877,1512,861
2194,"13958b32-13b4-4ee1-95ae-94562a814161","e61b4eb5-dbda-48c1-b18a-899e7395c612","task-2","det_lenor","leave",2857,12690,9833,2026-01-11 13:26:17.439,2026-01-11 13:26:27.272,1512,861
2195,"13958b32-13b4-4ee1-95ae-94562a814161","e61b4eb5-dbda-48c1-b18a-899e7395c612","task-2","det_weisser","leave",12706,17519,4813,2026-01-11 13:26:27.288,2026-01-11 13:26:32.101,1512,861
2196,"13958b32-13b4-4ee1-95ae-94562a814161","e61b4eb5-dbda-48c1-b18a-899e7395c612","task-2","det_lenor","leave",17520,18102,582,2026-01-11 13:26:32.102,2026-01-11 13:26:32.685,1512,861
2197,"13958b32-13b4-4ee1-95ae-94562a814161","e61b4eb5-dbda-48c1-b18a-899e7395c612","task-2","det_weisser","leave",18103,25698,7595,2026-01-11 13:26:32.685,2026-01-11 13:26:40.28,1512,861
2198,"13958b32-13b4-4ee1-95ae-94562a814161","e61b4eb5-dbda-48c1-b18a-899e7395c612","task-2","det_persil","leave",25707,30391,4684,2026-01-11 13:26:40.289,2026-01-11 13:26:44.973,1512,861
2199,"13958b32-13b4-4ee1-95ae-94562a814161","e61b4eb5-dbda-48c1-b18a-899e7395c612","task-2","det_ariel","leave",30478,38444,7966,2026-01-11 13:26:45.06,2026-01-11 13:26:53.026,1512,861
2200,"13958b32-13b4-4ee1-95ae-94562a814161","e61b4eb5-dbda-48c1-b18a-899e7395c612","task-2","det_ecover","leave",38494,44231,5737,2026-01-11 13:26:53.076,2026-01-11 13:26:58.813,1512,861
2201,"13958b32-13b4-4ee1-95ae-94562a814161","e61b4eb5-dbda-48c1-b18a-899e7395c612","task-2","det_denkmit","leave",44347,51735,7388,2026-01-11 13:26:58.929,2026-01-11 13:27:06.317,1512,861
2202,"13958b32-13b4-4ee1-95ae-94562a814161","e61b4eb5-dbda-48c1-b18a-899e7395c612","task-2","det_lenor","leave",51756,53240,1484,2026-01-11 13:27:06.338,2026-01-11 13:27:07.822,1512,861
2203,"13958b32-13b4-4ee1-95ae-94562a814161","e61b4eb5-dbda-48c1-b18a-899e7395c612","task-2","det_denkmit","leave",53248,53365,117,2026-01-11 13:27:07.83,2026-01-11 13:27:07.947,1512,861
2204,"a5b41e6a-e497-450f-bab0-48ad51c756f5","7e12c6e6-3302-459e-8b4e-6dc42fbc6bea","task-2","sp_beosound_explore","leave",136,2574,2438,2026-01-11 20:42:05.891,2026-01-11 20:42:08.329,1912,962
2205,"a5b41e6a-e497-450f-bab0-48ad51c756f5","7e12c6e6-3302-459e-8b4e-6dc42fbc6bea","task-2","sp_jbl_charge5","leave",2624,14406,11782,2026-01-11 20:42:08.379,2026-01-11 20:42:20.162,1912,962
2206,"a5b41e6a-e497-450f-bab0-48ad51c756f5","7e12c6e6-3302-459e-8b4e-6dc42fbc6bea","task-2","sp_bose_flex","leave",14806,15356,550,2026-01-11 20:42:20.562,2026-01-11 20:42:21.112,1912,962
2207,"a5b41e6a-e497-450f-bab0-48ad51c756f5","7e12c6e6-3302-459e-8b4e-6dc42fbc6bea","task-2","sp_sonos_era100","leave",15391,15840,449,2026-01-11 20:42:21.146,2026-01-11 20:42:21.595,1912,962
2208,"fd56db76-3a4b-4405-acae-8672b880d0c9","dab3e35d-a740-4109-9515-556e82ceb612","task-2","etb_oralb_pro3_3500","leave",147,240,93,2026-01-12 16:41:40.132,2026-01-12 16:41:40.225,1280,551
2209,"fd56db76-3a4b-4405-acae-8672b880d0c9","dab3e35d-a740-4109-9515-556e82ceb612","task-2","etb_oralb_pulsonic_4500","leave",240,1588,1348,2026-01-12 16:41:40.225,2026-01-12 16:41:41.573,1280,551
2210,"fd56db76-3a4b-4405-acae-8672b880d0c9","dab3e35d-a740-4109-9515-556e82ceb612","task-2","etb_wondersmile_pro","leave",1589,2538,949,2026-01-12 16:41:41.573,2026-01-12 16:41:42.523,1280,551
2211,"fd56db76-3a4b-4405-acae-8672b880d0c9","dab3e35d-a740-4109-9515-556e82ceb612","task-2","etb_wondersmile_pro","end_task",3421,3570,149,2026-01-12 16:41:43.406,2026-01-12 16:41:43.554,1280,551
2212,"fd49a9d2-5dae-49b5-89da-bf134d994efa","ca453e48-2aa7-4fdb-9e93-8837f7729333","task-2","sw_watch8","leave",326,565,239,2026-01-15 11:01:53.102,2026-01-15 11:01:53.341,1272,644
2213,"fd49a9d2-5dae-49b5-89da-bf134d994efa","ca453e48-2aa7-4fdb-9e93-8837f7729333","task-2","sw_fr970","leave",582,1733,1151,2026-01-15 11:01:53.358,2026-01-15 11:01:54.508,1272,644
2214,"fd49a9d2-5dae-49b5-89da-bf134d994efa","ca453e48-2aa7-4fdb-9e93-8837f7729333","task-2","sw_watch8","leave",1766,2250,484,2026-01-15 11:01:54.542,2026-01-15 11:01:55.026,1272,644
2215,"fd49a9d2-5dae-49b5-89da-bf134d994efa","ca453e48-2aa7-4fdb-9e93-8837f7729333","task-2","sw_fr970","leave",2267,2535,268,2026-01-15 11:01:55.043,2026-01-15 11:01:55.31,1272,644
2216,"fd49a9d2-5dae-49b5-89da-bf134d994efa","ca453e48-2aa7-4fdb-9e93-8837f7729333","task-2","sw_watch8","leave",25345,27482,2137,2026-01-15 11:02:18.121,2026-01-15 11:02:20.258,1272,644
2217,"fd49a9d2-5dae-49b5-89da-bf134d994efa","ca453e48-2aa7-4fdb-9e93-8837f7729333","task-2","sw_watch8","leave",28862,30609,1747,2026-01-15 11:02:21.638,2026-01-15 11:02:23.385,1272,644
2218,"fd49a9d2-5dae-49b5-89da-bf134d994efa","ca453e48-2aa7-4fdb-9e93-8837f7729333","task-2","sw_venu4","leave",30643,34432,3789,2026-01-15 11:02:23.419,2026-01-15 11:02:27.206,1272,644
2219,"fd49a9d2-5dae-49b5-89da-bf134d994efa","ca453e48-2aa7-4fdb-9e93-8837f7729333","task-2","sw_scanwatch2","leave",34799,35049,250,2026-01-15 11:02:27.573,2026-01-15 11:02:27.824,1272,644
2220,"fd49a9d2-5dae-49b5-89da-bf134d994efa","ca453e48-2aa7-4fdb-9e93-8837f7729333","task-2","sw_vantagev3","leave",35083,35200,117,2026-01-15 11:02:27.857,2026-01-15 11:02:27.974,1272,644
2221,"fd49a9d2-5dae-49b5-89da-bf134d994efa","ca453e48-2aa7-4fdb-9e93-8837f7729333","task-2","sw_aw11","leave",35616,39356,3740,2026-01-15 11:02:28.391,2026-01-15 11:02:32.13,1272,644
2222,"fd49a9d2-5dae-49b5-89da-bf134d994efa","ca453e48-2aa7-4fdb-9e93-8837f7729333","task-2","sw_fr970","leave",39358,40258,900,2026-01-15 11:02:32.133,2026-01-15 11:02:33.032,1272,644
2223,"fd49a9d2-5dae-49b5-89da-bf134d994efa","ca453e48-2aa7-4fdb-9e93-8837f7729333","task-2","sw_aw11","leave",40274,40975,701,2026-01-15 11:02:33.048,2026-01-15 11:02:33.749,1272,644
2224,"fd49a9d2-5dae-49b5-89da-bf134d994efa","ca453e48-2aa7-4fdb-9e93-8837f7729333","task-2","sw_fr970","leave",40976,41842,866,2026-01-15 11:02:33.751,2026-01-15 11:02:34.617,1272,644
2225,"fd49a9d2-5dae-49b5-89da-bf134d994efa","ca453e48-2aa7-4fdb-9e93-8837f7729333","task-2","sw_aw11","leave",41860,42911,1051,2026-01-15 11:02:34.634,2026-01-15 11:02:35.685,1272,644
2226,"fd49a9d2-5dae-49b5-89da-bf134d994efa","ca453e48-2aa7-4fdb-9e93-8837f7729333","task-2","sw_fr970","leave",42945,43629,684,2026-01-15 11:02:35.719,2026-01-15 11:02:36.403,1272,644
2227,"fd49a9d2-5dae-49b5-89da-bf134d994efa","ca453e48-2aa7-4fdb-9e93-8837f7729333","task-2","sw_aw11","leave",43646,45732,2086,2026-01-15 11:02:36.421,2026-01-15 11:02:38.506,1272,644
2228,"fd49a9d2-5dae-49b5-89da-bf134d994efa","ca453e48-2aa7-4fdb-9e93-8837f7729333","task-2","sw_vantagev3","leave",45733,45805,72,2026-01-15 11:02:38.507,2026-01-15 11:02:38.579,1272,644
2229,"fd49a9d2-5dae-49b5-89da-bf134d994efa","ca453e48-2aa7-4fdb-9e93-8837f7729333","task-2","sw_scanwatch2","leave",45806,45872,66,2026-01-15 11:02:38.581,2026-01-15 11:02:38.647,1272,644
2230,"fd49a9d2-5dae-49b5-89da-bf134d994efa","ca453e48-2aa7-4fdb-9e93-8837f7729333","task-2","sw_venu4","leave",47034,47051,17,2026-01-15 11:02:39.808,2026-01-15 11:02:39.825,1272,644
2231,"fd49a9d2-5dae-49b5-89da-bf134d994efa","ca453e48-2aa7-4fdb-9e93-8837f7729333","task-2","sw_scanwatch2","leave",47068,47835,767,2026-01-15 11:02:39.842,2026-01-15 11:02:40.609,1272,644
2232,"fd49a9d2-5dae-49b5-89da-bf134d994efa","ca453e48-2aa7-4fdb-9e93-8837f7729333","task-2","sw_venu4","leave",47838,47852,14,2026-01-15 11:02:40.613,2026-01-15 11:02:40.626,1272,644
2233,"d805e324-fdcf-4fd3-87b5-77361be154e3","fc278ad6-5094-4033-8af8-1a9f63a49278","task-2","sw_aw11","leave",149,3633,3484,2026-01-22 07:51:37.16,2026-01-22 07:51:40.644,1528,732
2234,"d805e324-fdcf-4fd3-87b5-77361be154e3","fc278ad6-5094-4033-8af8-1a9f63a49278","task-2","sw_venu4","leave",3651,9383,5732,2026-01-22 07:51:40.662,2026-01-22 07:51:46.394,1528,732
2235,"d805e324-fdcf-4fd3-87b5-77361be154e3","fc278ad6-5094-4033-8af8-1a9f63a49278","task-2","sw_scanwatch2","leave",9402,10650,1248,2026-01-22 07:51:46.412,2026-01-22 07:51:47.661,1528,732
2236,"d805e324-fdcf-4fd3-87b5-77361be154e3","fc278ad6-5094-4033-8af8-1a9f63a49278","task-2","sw_fr970","leave",10668,11703,1035,2026-01-22 07:51:47.679,2026-01-22 07:51:48.714,1528,732
2237,"d805e324-fdcf-4fd3-87b5-77361be154e3","fc278ad6-5094-4033-8af8-1a9f63a49278","task-2","sw_vantagev3","leave",11718,15267,3549,2026-01-22 07:51:48.728,2026-01-22 07:51:52.278,1528,732
2238,"d805e324-fdcf-4fd3-87b5-77361be154e3","fc278ad6-5094-4033-8af8-1a9f63a49278","task-2","sw_venu4","leave",15268,17802,2534,2026-01-22 07:51:52.279,2026-01-22 07:51:54.813,1528,732
2239,"d805e324-fdcf-4fd3-87b5-77361be154e3","fc278ad6-5094-4033-8af8-1a9f63a49278","task-2","sw_vantagev3","leave",17803,18167,364,2026-01-22 07:51:54.814,2026-01-22 07:51:55.178,1528,732
2240,"d805e324-fdcf-4fd3-87b5-77361be154e3","fc278ad6-5094-4033-8af8-1a9f63a49278","task-2","sw_watch8","leave",18184,18251,67,2026-01-22 07:51:55.195,2026-01-22 07:51:55.262,1528,732
2241,"cbf8d7c9-c0ec-41f5-bd00-97874bfa5fb9","40dd8dc8-0dfe-4644-a0e4-28121e4e7b42","task-2","det_ecover","leave",280,423,143,2026-01-22 08:36:04.127,2026-01-22 08:36:04.271,1300,794
2242,"cbf8d7c9-c0ec-41f5-bd00-97874bfa5fb9","40dd8dc8-0dfe-4644-a0e4-28121e4e7b42","task-2","det_lenor","leave",440,4628,4188,2026-01-22 08:36:04.287,2026-01-22 08:36:08.475,1300,794
2243,"cbf8d7c9-c0ec-41f5-bd00-97874bfa5fb9","40dd8dc8-0dfe-4644-a0e4-28121e4e7b42","task-2","det_ecover","leave",4928,13554,8626,2026-01-22 08:36:08.775,2026-01-22 08:36:17.401,1300,794
2244,"cbf8d7c9-c0ec-41f5-bd00-97874bfa5fb9","40dd8dc8-0dfe-4644-a0e4-28121e4e7b42","task-2","det_lenor","leave",13555,13655,100,2026-01-22 08:36:17.402,2026-01-22 08:36:17.502,1300,794
2245,"cbf8d7c9-c0ec-41f5-bd00-97874bfa5fb9","40dd8dc8-0dfe-4644-a0e4-28121e4e7b42","task-2","det_persil","leave",13655,19111,5456,2026-01-22 08:36:17.502,2026-01-22 08:36:22.959,1300,794
2246,"cbf8d7c9-c0ec-41f5-bd00-97874bfa5fb9","40dd8dc8-0dfe-4644-a0e4-28121e4e7b42","task-2","det_denkmit","leave",19112,20146,1034,2026-01-22 08:36:22.959,2026-01-22 08:36:23.993,1300,794
2247,"cbf8d7c9-c0ec-41f5-bd00-97874bfa5fb9","40dd8dc8-0dfe-4644-a0e4-28121e4e7b42","task-2","det_denkmit","leave",20499,20646,147,2026-01-22 08:36:24.347,2026-01-22 08:36:24.493,1300,794
2248,"cbf8d7c9-c0ec-41f5-bd00-97874bfa5fb9","40dd8dc8-0dfe-4644-a0e4-28121e4e7b42","task-2","det_denkmit","leave",20979,24717,3738,2026-01-22 08:36:24.827,2026-01-22 08:36:28.564,1300,794
2249,"cbf8d7c9-c0ec-41f5-bd00-97874bfa5fb9","40dd8dc8-0dfe-4644-a0e4-28121e4e7b42","task-2","det_weisser","leave",24718,29607,4889,2026-01-22 08:36:28.565,2026-01-22 08:36:33.454,1300,794
2250,"cbf8d7c9-c0ec-41f5-bd00-97874bfa5fb9","40dd8dc8-0dfe-4644-a0e4-28121e4e7b42","task-2","det_ariel","leave",29608,31024,1416,2026-01-22 08:36:33.455,2026-01-22 08:36:34.871,1300,794
2251,"cbf8d7c9-c0ec-41f5-bd00-97874bfa5fb9","40dd8dc8-0dfe-4644-a0e4-28121e4e7b42","task-2","det_weisser","leave",31041,31575,534,2026-01-22 08:36:34.888,2026-01-22 08:36:35.422,1300,794
2252,"cbf8d7c9-c0ec-41f5-bd00-97874bfa5fb9","40dd8dc8-0dfe-4644-a0e4-28121e4e7b42","task-2","det_lenor","leave",31592,35796,4204,2026-01-22 08:36:35.439,2026-01-22 08:36:39.643,1300,794
2253,"cbf8d7c9-c0ec-41f5-bd00-97874bfa5fb9","40dd8dc8-0dfe-4644-a0e4-28121e4e7b42","task-2","det_weisser","leave",35814,36814,1000,2026-01-22 08:36:39.661,2026-01-22 08:36:40.661,1300,794
2254,"cbf8d7c9-c0ec-41f5-bd00-97874bfa5fb9","40dd8dc8-0dfe-4644-a0e4-28121e4e7b42","task-2","det_denkmit","leave",36831,38733,1902,2026-01-22 08:36:40.678,2026-01-22 08:36:42.58,1300,794
2255,"cbf8d7c9-c0ec-41f5-bd00-97874bfa5fb9","40dd8dc8-0dfe-4644-a0e4-28121e4e7b42","task-2","det_persil","leave",38734,40735,2001,2026-01-22 08:36:42.581,2026-01-22 08:36:44.582,1300,794
2256,"cbf8d7c9-c0ec-41f5-bd00-97874bfa5fb9","40dd8dc8-0dfe-4644-a0e4-28121e4e7b42","task-2","det_denkmit","leave",40752,44957,4205,2026-01-22 08:36:44.599,2026-01-22 08:36:48.804,1300,794
2257,"cbf8d7c9-c0ec-41f5-bd00-97874bfa5fb9","40dd8dc8-0dfe-4644-a0e4-28121e4e7b42","task-2","det_weisser","leave",44974,45007,33,2026-01-22 08:36:48.821,2026-01-22 08:36:48.854,1300,794
2258,"cbf8d7c9-c0ec-41f5-bd00-97874bfa5fb9","40dd8dc8-0dfe-4644-a0e4-28121e4e7b42","task-2","det_lenor","leave",45009,57171,12162,2026-01-22 08:36:48.856,2026-01-22 08:37:01.018,1300,794
2259,"cbf8d7c9-c0ec-41f5-bd00-97874bfa5fb9","40dd8dc8-0dfe-4644-a0e4-28121e4e7b42","task-2","det_weisser","leave",57172,57788,616,2026-01-22 08:37:01.019,2026-01-22 08:37:01.635,1300,794
2260,"cbf8d7c9-c0ec-41f5-bd00-97874bfa5fb9","40dd8dc8-0dfe-4644-a0e4-28121e4e7b42","task-2","det_lenor","leave",57789,58706,917,2026-01-22 08:37:01.637,2026-01-22 08:37:02.553,1300,794
2261,"cbf8d7c9-c0ec-41f5-bd00-97874bfa5fb9","40dd8dc8-0dfe-4644-a0e4-28121e4e7b42","task-2","det_denkmit","leave",58739,59857,1118,2026-01-22 08:37:02.586,2026-01-22 08:37:03.704,1300,794
2262,"cbf8d7c9-c0ec-41f5-bd00-97874bfa5fb9","40dd8dc8-0dfe-4644-a0e4-28121e4e7b42","task-2","det_weisser","leave",59874,59924,50,2026-01-22 08:37:03.721,2026-01-22 08:37:03.771,1300,794
2263,"cbf8d7c9-c0ec-41f5-bd00-97874bfa5fb9","40dd8dc8-0dfe-4644-a0e4-28121e4e7b42","task-2","det_lenor","leave",59941,65129,5188,2026-01-22 08:37:03.788,2026-01-22 08:37:08.977,1300,794
2264,"cbf8d7c9-c0ec-41f5-bd00-97874bfa5fb9","40dd8dc8-0dfe-4644-a0e4-28121e4e7b42","task-2","det_persil","leave",65131,70402,5271,2026-01-22 08:37:08.978,2026-01-22 08:37:14.249,1300,794
2265,"cbf8d7c9-c0ec-41f5-bd00-97874bfa5fb9","40dd8dc8-0dfe-4644-a0e4-28121e4e7b42","task-2","det_denkmit","leave",70404,71186,782,2026-01-22 08:37:14.251,2026-01-22 08:37:15.034,1300,794
2266,"cbf8d7c9-c0ec-41f5-bd00-97874bfa5fb9","40dd8dc8-0dfe-4644-a0e4-28121e4e7b42","task-2","det_denkmit","leave",72037,72571,534,2026-01-22 08:37:15.885,2026-01-22 08:37:16.418,1300,794
2267,"cbf8d7c9-c0ec-41f5-bd00-97874bfa5fb9","40dd8dc8-0dfe-4644-a0e4-28121e4e7b42","task-2","det_weisser","leave",72573,72655,82,2026-01-22 08:37:16.42,2026-01-22 08:37:16.502,1300,794
2268,"cbf8d7c9-c0ec-41f5-bd00-97874bfa5fb9","40dd8dc8-0dfe-4644-a0e4-28121e4e7b42","task-2","det_ecover","leave",72722,79696,6974,2026-01-22 08:37:16.569,2026-01-22 08:37:23.543,1300,794
2269,"cbf8d7c9-c0ec-41f5-bd00-97874bfa5fb9","40dd8dc8-0dfe-4644-a0e4-28121e4e7b42","task-2","det_lenor","leave",79698,79713,15,2026-01-22 08:37:23.545,2026-01-22 08:37:23.56,1300,794
2270,"cbf8d7c9-c0ec-41f5-bd00-97874bfa5fb9","40dd8dc8-0dfe-4644-a0e4-28121e4e7b42","task-2","det_weisser","leave",79730,79764,34,2026-01-22 08:37:23.577,2026-01-22 08:37:23.611,1300,794
2271,"cbf8d7c9-c0ec-41f5-bd00-97874bfa5fb9","40dd8dc8-0dfe-4644-a0e4-28121e4e7b42","task-2","det_denkmit","leave",79779,79846,67,2026-01-22 08:37:23.627,2026-01-22 08:37:23.694,1300,794
2272,"cbf8d7c9-c0ec-41f5-bd00-97874bfa5fb9","40dd8dc8-0dfe-4644-a0e4-28121e4e7b42","task-2","det_denkmit","leave",80247,87955,7708,2026-01-22 08:37:24.094,2026-01-22 08:37:31.803,1300,794
2273,"cbf8d7c9-c0ec-41f5-bd00-97874bfa5fb9","40dd8dc8-0dfe-4644-a0e4-28121e4e7b42","task-2","det_weisser","leave",87957,88006,49,2026-01-22 08:37:31.805,2026-01-22 08:37:31.853,1300,794
2274,"cbf8d7c9-c0ec-41f5-bd00-97874bfa5fb9","40dd8dc8-0dfe-4644-a0e4-28121e4e7b42","task-2","det_ecover","leave",88039,89891,1852,2026-01-22 08:37:31.886,2026-01-22 08:37:33.738,1300,794
2275,"cbf8d7c9-c0ec-41f5-bd00-97874bfa5fb9","40dd8dc8-0dfe-4644-a0e4-28121e4e7b42","task-2","det_lenor","leave",89893,89941,48,2026-01-22 08:37:33.74,2026-01-22 08:37:33.789,1300,794
2276,"cbf8d7c9-c0ec-41f5-bd00-97874bfa5fb9","40dd8dc8-0dfe-4644-a0e4-28121e4e7b42","task-2","det_persil","leave",89958,91009,1051,2026-01-22 08:37:33.805,2026-01-22 08:37:34.856,1300,794
2277,"cbf8d7c9-c0ec-41f5-bd00-97874bfa5fb9","40dd8dc8-0dfe-4644-a0e4-28121e4e7b42","task-2","det_denkmit","leave",91011,91626,615,2026-01-22 08:37:34.858,2026-01-22 08:37:35.473,1300,794
2278,"cbf8d7c9-c0ec-41f5-bd00-97874bfa5fb9","40dd8dc8-0dfe-4644-a0e4-28121e4e7b42","task-2","det_ariel","leave",98584,100870,2286,2026-01-22 08:37:42.431,2026-01-22 08:37:44.717,1300,794
2279,"cbf8d7c9-c0ec-41f5-bd00-97874bfa5fb9","40dd8dc8-0dfe-4644-a0e4-28121e4e7b42","task-2","det_weisser","leave",100872,102188,1316,2026-01-22 08:37:44.719,2026-01-22 08:37:46.036,1300,794
2280,"cbf8d7c9-c0ec-41f5-bd00-97874bfa5fb9","40dd8dc8-0dfe-4644-a0e4-28121e4e7b42","task-2","det_ariel","leave",102206,103156,950,2026-01-22 08:37:46.053,2026-01-22 08:37:47.003,1300,794
2281,"cbf8d7c9-c0ec-41f5-bd00-97874bfa5fb9","40dd8dc8-0dfe-4644-a0e4-28121e4e7b42","task-2","det_weisser","leave",103158,103223,65,2026-01-22 08:37:47.006,2026-01-22 08:37:47.07,1300,794
2282,"cbf8d7c9-c0ec-41f5-bd00-97874bfa5fb9","40dd8dc8-0dfe-4644-a0e4-28121e4e7b42","task-2","det_lenor","leave",103225,110931,7706,2026-01-22 08:37:47.072,2026-01-22 08:37:54.779,1300,794
2283,"cbf8d7c9-c0ec-41f5-bd00-97874bfa5fb9","40dd8dc8-0dfe-4644-a0e4-28121e4e7b42","task-2","det_weisser","leave",110934,111082,148,2026-01-22 08:37:54.781,2026-01-22 08:37:54.929,1300,794
2284,"cbf8d7c9-c0ec-41f5-bd00-97874bfa5fb9","40dd8dc8-0dfe-4644-a0e4-28121e4e7b42","task-2","det_ariel","leave",111099,111132,33,2026-01-22 08:37:54.946,2026-01-22 08:37:54.979,1300,794
2285,"cbf8d7c9-c0ec-41f5-bd00-97874bfa5fb9","40dd8dc8-0dfe-4644-a0e4-28121e4e7b42","task-2","det_ariel","leave",113384,113418,34,2026-01-22 08:37:57.231,2026-01-22 08:37:57.265,1300,794
2286,"cbf8d7c9-c0ec-41f5-bd00-97874bfa5fb9","40dd8dc8-0dfe-4644-a0e4-28121e4e7b42","task-2","det_weisser","leave",113420,114118,698,2026-01-22 08:37:57.267,2026-01-22 08:37:57.966,1300,794
2287,"cbf8d7c9-c0ec-41f5-bd00-97874bfa5fb9","40dd8dc8-0dfe-4644-a0e4-28121e4e7b42","task-2","det_lenor","leave",114121,114603,482,2026-01-22 08:37:57.968,2026-01-22 08:37:58.45,1300,794
2288,"cbf8d7c9-c0ec-41f5-bd00-97874bfa5fb9","40dd8dc8-0dfe-4644-a0e4-28121e4e7b42","task-2","det_weisser","leave",114619,114686,67,2026-01-22 08:37:58.466,2026-01-22 08:37:58.534,1300,794
2289,"cbf8d7c9-c0ec-41f5-bd00-97874bfa5fb9","40dd8dc8-0dfe-4644-a0e4-28121e4e7b42","task-2","det_ariel","leave",114703,114753,50,2026-01-22 08:37:58.55,2026-01-22 08:37:58.6,1300,794
2290,"cbf8d7c9-c0ec-41f5-bd00-97874bfa5fb9","40dd8dc8-0dfe-4644-a0e4-28121e4e7b42","task-2","det_denkmit","leave",133324,171584,38260,2026-01-22 08:38:17.171,2026-01-22 08:38:55.431,1300,794
2291,"cbf8d7c9-c0ec-41f5-bd00-97874bfa5fb9","40dd8dc8-0dfe-4644-a0e4-28121e4e7b42","task-2","det_weisser","leave",171591,185683,14092,2026-01-22 08:38:55.439,2026-01-22 08:39:09.53,1300,794
2292,"cbf8d7c9-c0ec-41f5-bd00-97874bfa5fb9","40dd8dc8-0dfe-4644-a0e4-28121e4e7b42","task-2","det_denkmit","leave",185688,185933,245,2026-01-22 08:39:09.535,2026-01-22 08:39:09.781,1300,794
2293,"cbf8d7c9-c0ec-41f5-bd00-97874bfa5fb9","40dd8dc8-0dfe-4644-a0e4-28121e4e7b42","task-2","det_persil","leave",186100,190672,4572,2026-01-22 08:39:09.948,2026-01-22 08:39:14.519,1300,794
2294,"cbf8d7c9-c0ec-41f5-bd00-97874bfa5fb9","40dd8dc8-0dfe-4644-a0e4-28121e4e7b42","task-2","det_lenor","leave",190676,190706,30,2026-01-22 08:39:14.524,2026-01-22 08:39:14.553,1300,794
2295,"cbf8d7c9-c0ec-41f5-bd00-97874bfa5fb9","40dd8dc8-0dfe-4644-a0e4-28121e4e7b42","task-2","det_weisser","leave",190722,190773,51,2026-01-22 08:39:14.569,2026-01-22 08:39:14.62,1300,794
2296,"cbf8d7c9-c0ec-41f5-bd00-97874bfa5fb9","40dd8dc8-0dfe-4644-a0e4-28121e4e7b42","task-2","det_ariel","leave",190789,204421,13632,2026-01-22 08:39:14.636,2026-01-22 08:39:28.268,1300,794
2297,"cbf8d7c9-c0ec-41f5-bd00-97874bfa5fb9","40dd8dc8-0dfe-4644-a0e4-28121e4e7b42","task-2","det_ecover","leave",204426,214048,9622,2026-01-22 08:39:28.273,2026-01-22 08:39:37.896,1300,794
2298,"cbf8d7c9-c0ec-41f5-bd00-97874bfa5fb9","40dd8dc8-0dfe-4644-a0e4-28121e4e7b42","task-2","det_lenor","leave",214054,214399,345,2026-01-22 08:39:37.901,2026-01-22 08:39:38.246,1300,794
2299,"cbf8d7c9-c0ec-41f5-bd00-97874bfa5fb9","40dd8dc8-0dfe-4644-a0e4-28121e4e7b42","task-2","det_weisser","leave",214416,214516,100,2026-01-22 08:39:38.263,2026-01-22 08:39:38.363,1300,794
2300,"cbf8d7c9-c0ec-41f5-bd00-97874bfa5fb9","40dd8dc8-0dfe-4644-a0e4-28121e4e7b42","task-2","det_ariel","leave",214533,214549,16,2026-01-22 08:39:38.38,2026-01-22 08:39:38.397,1300,794
2301,"48ec9a81-fc46-4f2b-9cbf-2c6215f7e6e6","48c12875-5184-434e-9495-d52cad451850","task-2","det_weisser","leave",179,1566,1387,2026-01-22 11:21:39.755,2026-01-22 11:21:41.143,1920,1078
2302,"48ec9a81-fc46-4f2b-9cbf-2c6215f7e6e6","48c12875-5184-434e-9495-d52cad451850","task-2","det_weisser","leave",7338,11274,3936,2026-01-22 11:21:46.915,2026-01-22 11:21:50.851,1920,1078
2303,"48ec9a81-fc46-4f2b-9cbf-2c6215f7e6e6","48c12875-5184-434e-9495-d52cad451850","task-2","det_ariel","leave",11291,15060,3769,2026-01-22 11:21:50.868,2026-01-22 11:21:54.638,1920,1078
2304,"48ec9a81-fc46-4f2b-9cbf-2c6215f7e6e6","48c12875-5184-434e-9495-d52cad451850","task-2","det_denkmit","leave",15076,18395,3319,2026-01-22 11:21:54.653,2026-01-22 11:21:57.973,1920,1078
2305,"48ec9a81-fc46-4f2b-9cbf-2c6215f7e6e6","48c12875-5184-434e-9495-d52cad451850","task-2","det_ariel","leave",18413,18447,34,2026-01-22 11:21:57.99,2026-01-22 11:21:58.024,1920,1078
2306,"48ec9a81-fc46-4f2b-9cbf-2c6215f7e6e6","48c12875-5184-434e-9495-d52cad451850","task-2","det_ecover","leave",18480,22017,3537,2026-01-22 11:21:58.057,2026-01-22 11:22:01.594,1920,1078
2307,"48ec9a81-fc46-4f2b-9cbf-2c6215f7e6e6","48c12875-5184-434e-9495-d52cad451850","task-2","det_persil","leave",22019,25084,3065,2026-01-22 11:22:01.597,2026-01-22 11:22:04.662,1920,1078
2308,"48ec9a81-fc46-4f2b-9cbf-2c6215f7e6e6","48c12875-5184-434e-9495-d52cad451850","task-2","det_ecover","leave",25119,26319,1200,2026-01-22 11:22:04.696,2026-01-22 11:22:05.896,1920,1078
2309,"48ec9a81-fc46-4f2b-9cbf-2c6215f7e6e6","48c12875-5184-434e-9495-d52cad451850","task-2","det_lenor","leave",26370,29171,2801,2026-01-22 11:22:05.948,2026-01-22 11:22:08.749,1920,1078
2310,"48ec9a81-fc46-4f2b-9cbf-2c6215f7e6e6","48c12875-5184-434e-9495-d52cad451850","task-2","det_ariel","leave",29204,31974,2770,2026-01-22 11:22:08.782,2026-01-22 11:22:11.552,1920,1078
2311,"48ec9a81-fc46-4f2b-9cbf-2c6215f7e6e6","48c12875-5184-434e-9495-d52cad451850","task-2","det_denkmit","leave",32023,34777,2754,2026-01-22 11:22:11.601,2026-01-22 11:22:14.354,1920,1078
2312,"48ec9a81-fc46-4f2b-9cbf-2c6215f7e6e6","48c12875-5184-434e-9495-d52cad451850","task-2","det_ariel","leave",34792,35310,518,2026-01-22 11:22:14.37,2026-01-22 11:22:14.887,1920,1078
2313,"48ec9a81-fc46-4f2b-9cbf-2c6215f7e6e6","48c12875-5184-434e-9495-d52cad451850","task-2","det_weisser","leave",35326,38713,3387,2026-01-22 11:22:14.904,2026-01-22 11:22:18.291,1920,1078
2314,"48ec9a81-fc46-4f2b-9cbf-2c6215f7e6e6","48c12875-5184-434e-9495-d52cad451850","task-2","det_ariel","leave",38746,42883,4137,2026-01-22 11:22:18.324,2026-01-22 11:22:22.461,1920,1078
2315,"48ec9a81-fc46-4f2b-9cbf-2c6215f7e6e6","48c12875-5184-434e-9495-d52cad451850","task-2","det_ecover","leave",42886,42899,13,2026-01-22 11:22:22.464,2026-01-22 11:22:22.477,1920,1078
2316,"48ec9a81-fc46-4f2b-9cbf-2c6215f7e6e6","48c12875-5184-434e-9495-d52cad451850","task-2","det_persil","leave",42900,43716,816,2026-01-22 11:22:22.478,2026-01-22 11:22:23.294,1920,1078
2317,"48ec9a81-fc46-4f2b-9cbf-2c6215f7e6e6","48c12875-5184-434e-9495-d52cad451850","task-2","det_persil","end_task",45335,45412,77,2026-01-22 11:22:24.913,2026-01-22 11:22:24.99,1920,1078
2318,"48ec9a81-fc46-4f2b-9cbf-2c6215f7e6e6","48c12875-5184-434e-9495-d52cad451850","task-2","det_ecover","end_task",45501,45505,4,2026-01-22 11:22:25.079,2026-01-22 11:22:25.083,1920,1078
2319,"5e10199b-0b57-4102-8044-95317fa4b50d","2a36f61f-3be1-4127-b878-3cc2adc0be75","task-2","det_persil","leave",79,6838,6759,2026-01-22 11:45:42.057,2026-01-22 11:45:48.817,1440,778
2320,"5e10199b-0b57-4102-8044-95317fa4b50d","2a36f61f-3be1-4127-b878-3cc2adc0be75","task-2","det_ariel","leave",6854,11970,5116,2026-01-22 11:45:48.833,2026-01-22 11:45:53.95,1440,778
2321,"5e10199b-0b57-4102-8044-95317fa4b50d","2a36f61f-3be1-4127-b878-3cc2adc0be75","task-2","det_lenor","leave",12005,16054,4049,2026-01-22 11:45:53.984,2026-01-22 11:45:58.033,1440,778
2322,"5e10199b-0b57-4102-8044-95317fa4b50d","2a36f61f-3be1-4127-b878-3cc2adc0be75","task-2","det_weisser","leave",16170,16205,35,2026-01-22 11:45:58.149,2026-01-22 11:45:58.184,1440,778
2323,"5e10199b-0b57-4102-8044-95317fa4b50d","2a36f61f-3be1-4127-b878-3cc2adc0be75","task-2","det_ecover","leave",16387,19238,2851,2026-01-22 11:45:58.366,2026-01-22 11:46:01.217,1440,778
2324,"5e10199b-0b57-4102-8044-95317fa4b50d","2a36f61f-3be1-4127-b878-3cc2adc0be75","task-2","det_weisser","leave",19271,22071,2800,2026-01-22 11:46:01.25,2026-01-22 11:46:04.05,1440,778
2325,"5e10199b-0b57-4102-8044-95317fa4b50d","2a36f61f-3be1-4127-b878-3cc2adc0be75","task-2","det_ecover","leave",22105,26887,4782,2026-01-22 11:46:04.084,2026-01-22 11:46:08.867,1440,778
2326,"5e10199b-0b57-4102-8044-95317fa4b50d","2a36f61f-3be1-4127-b878-3cc2adc0be75","task-2","det_denkmit","leave",26904,30737,3833,2026-01-22 11:46:08.883,2026-01-22 11:46:12.716,1440,778
2327,"5e10199b-0b57-4102-8044-95317fa4b50d","2a36f61f-3be1-4127-b878-3cc2adc0be75","task-2","det_persil","leave",30821,35387,4566,2026-01-22 11:46:12.801,2026-01-22 11:46:17.366,1440,778
2328,"5e10199b-0b57-4102-8044-95317fa4b50d","2a36f61f-3be1-4127-b878-3cc2adc0be75","task-2","det_ariel","leave",35420,36470,1050,2026-01-22 11:46:17.4,2026-01-22 11:46:18.45,1440,778
2329,"5e10199b-0b57-4102-8044-95317fa4b50d","2a36f61f-3be1-4127-b878-3cc2adc0be75","task-2","det_lenor","leave",36486,38938,2452,2026-01-22 11:46:18.466,2026-01-22 11:46:20.918,1440,778
2330,"5e10199b-0b57-4102-8044-95317fa4b50d","2a36f61f-3be1-4127-b878-3cc2adc0be75","task-2","det_weisser","leave",38939,39353,414,2026-01-22 11:46:20.919,2026-01-22 11:46:21.333,1440,778
2331,"5e10199b-0b57-4102-8044-95317fa4b50d","2a36f61f-3be1-4127-b878-3cc2adc0be75","task-2","det_ecover","leave",39370,39504,134,2026-01-22 11:46:21.35,2026-01-22 11:46:21.484,1440,778
2332,"5e10199b-0b57-4102-8044-95317fa4b50d","2a36f61f-3be1-4127-b878-3cc2adc0be75","task-2","det_denkmit","leave",39521,40087,566,2026-01-22 11:46:21.501,2026-01-22 11:46:22.067,1440,778
2333,"5e10199b-0b57-4102-8044-95317fa4b50d","2a36f61f-3be1-4127-b878-3cc2adc0be75","task-2","det_denkmit","end_task",41736,41751,15,2026-01-22 11:46:23.716,2026-01-22 11:46:23.73,1440,778
2334,"6b126624-8279-4285-af60-84b12936d331","4828aa3f-bcbc-4b53-8555-b01fceb42341","task-2","sw_venu4","leave",109,1845,1736,2026-01-22 14:24:37.074,2026-01-22 14:24:38.81,1920,847
2335,"6b126624-8279-4285-af60-84b12936d331","4828aa3f-bcbc-4b53-8555-b01fceb42341","task-2","sw_watch8","leave",1846,2153,307,2026-01-22 14:24:38.811,2026-01-22 14:24:39.118,1920,847
2336,"6b126624-8279-4285-af60-84b12936d331","4828aa3f-bcbc-4b53-8555-b01fceb42341","task-2","sw_fr970","leave",2171,2796,625,2026-01-22 14:24:39.136,2026-01-22 14:24:39.76,1920,847
2337,"6b126624-8279-4285-af60-84b12936d331","4828aa3f-bcbc-4b53-8555-b01fceb42341","task-2","sw_scanwatch2","leave",2820,3212,392,2026-01-22 14:24:39.785,2026-01-22 14:24:40.177,1920,847
2338,"6b126624-8279-4285-af60-84b12936d331","4828aa3f-bcbc-4b53-8555-b01fceb42341","task-2","sw_vantagev3","leave",3213,3637,424,2026-01-22 14:24:40.178,2026-01-22 14:24:40.602,1920,847
2339,"6b126624-8279-4285-af60-84b12936d331","4828aa3f-bcbc-4b53-8555-b01fceb42341","task-2","sw_aw11","leave",3637,5495,1858,2026-01-22 14:24:40.602,2026-01-22 14:24:42.46,1920,847
2340,"6b126624-8279-4285-af60-84b12936d331","4828aa3f-bcbc-4b53-8555-b01fceb42341","task-2","sw_aw11","end_task",8335,8467,132,2026-01-22 14:24:45.299,2026-01-22 14:24:45.432,1920,847
